Pulled,Restaurant,Park,Item,Category,MealPeriods,Description,Price,Source
2026-09-26,Blue Bayou Restaurant,Disneyland Park,Crab Cakes,Starters,Lunch; Dinner,Rémoulade Sauce and Petite Apple-Arugula Salad,18.00,disneyland/blue-bayou-restaurant
2026-09-26,Blue Bayou Restaurant,Disneyland Park,Gumbo,Starters,Lunch; Dinner,"Chicken, Tasso Ham, Andouille Sausage and Peppers with Steamed Rice",12.00,disneyland/blue-bayou-restaurant
2026-09-26,Blue Bayou Restaurant,Disneyland Park,Garlic Cheese Dip with Sourdough Boule,Starters,Lunch; Dinner,"Sourdough Boule, Garlic Confit and Cheesy Grits",15.00,disneyland/blue-bayou-restaurant
2026-09-26,Blue Bayou Restaurant,Disneyland Park,Ribeye*,Entrées,Lunch; Dinner,"Herb Mashed Potatoes, Bacon Braised Swiss Chard and Spanish Butter",61.00,disneyland/blue-bayou-restaurant
2026-09-26,Blue Bayou Restaurant,Disneyland Park,Market Fish*,Entrées,Lunch; Dinner,"Crab Rice, Pickled Fruit Chow Chow, Sautéed Greens and Citrus Tea Vinaigrette",50.00,disneyland/blue-bayou-restaurant
2026-09-26,Blue Bayou Restaurant,Disneyland Park,Lacquered Chicken,Entrées,Lunch; Dinner,"Spoon Bread, Sautéed Greens, Kumquat Chow Chow and Sauce à l’orange",48.00,disneyland/blue-bayou-restaurant
2026-09-26,Blue Bayou Restaurant,Disneyland Park,Monte Cristo,Entrées,Lunch,"Truffle Potato Chips, Roasted Fruit Salad and Seasonal Preserves",34.00,disneyland/blue-bayou-restaurant
2026-09-26,Blue Bayou Restaurant,Disneyland Park,French Quarter Fields,Plant-Based,Lunch; Dinner,"Field Greens, Farmers Market Vegetables, Sunflower Seeds and Sensation Salad Dressing",15.00,disneyland/blue-bayou-restaurant
2026-09-26,Blue Bayou Restaurant,Disneyland Park,Magnolia Park Pasta,Plant-Based,Lunch; Dinner,"Peppers, Okra and Mushrooms with a Piquant Creamy Tomato Sauce",35.00,disneyland/blue-bayou-restaurant
2026-09-26,Blue Bayou Restaurant,Disneyland Park,Crème Brûlée Tart,Plant-Based,Lunch; Dinner,Vanilla Bean Crème Brûlée in a Tart Shell,10.00,disneyland/blue-bayou-restaurant
2026-09-26,Blue Bayou Restaurant,Disneyland Park,Chocolate Fudge Cake,Desserts,Lunch; Dinner,Layers of Chocolate Sponge Cake and Chocolate Fudge Frosting,13.00,disneyland/blue-bayou-restaurant
2026-09-26,Blue Bayou Restaurant,Disneyland Park,Petite Sundae,Desserts,Lunch; Dinner,Sprinkles and Chocolate Syrup,9.00,disneyland/blue-bayou-restaurant
2026-09-26,Blue Bayou Restaurant,Disneyland Park,Whole-Grain Pasta,Kids' Create-Your-Own Entrées (choose one),Lunch; Dinner,served with Choice of Two (2) Selections and choice of Small Low-fat Milk or Small DASANI® Water. Meets Disney Nutrition Guidelines for Complete Meals without substitutions,12.00,disneyland/blue-bayou-restaurant
2026-09-26,Blue Bayou Restaurant,Disneyland Park,Sautéed Shrimp,Kids' Create-Your-Own Entrées (choose one),Lunch; Dinner,Served with Choice of Two (2) Selections and choice of Small Low-fat Milk or Small DASANI® Water. Meets Disney Nutritional Guidelines for Complete Meals without substitutions,14.00,disneyland/blue-bayou-restaurant
2026-09-26,Blue Bayou Restaurant,Disneyland Park,Chicken Strips,Kids' Create-Your-Own Entrées (choose one),Lunch; Dinner,Served with Choice of Two (2) Selections and choice of Small Low-fat Milk or Small DASANI® Water. Meets Disney Nutritional Guidelines for Complete Meals without substitutions,12.00,disneyland/blue-bayou-restaurant
2026-09-26,Blue Bayou Restaurant,Disneyland Park,Schramsberg Blanc de Blancs,Sparkling Wine,Lunch; Dinner,"Napa Valley, California",24.00,disneyland/blue-bayou-restaurant
2026-09-26,Blue Bayou Restaurant,Disneyland Park,"Ste Michelle, Riesling",White Wine,Lunch; Dinner,"Columbia Valley, Washington",17.00,disneyland/blue-bayou-restaurant
2026-09-26,Blue Bayou Restaurant,Disneyland Park,"Frank Family Vineyards, Chardonnay",White Wine,Lunch; Dinner,"Carneros, California",21.00,disneyland/blue-bayou-restaurant
2026-09-26,Blue Bayou Restaurant,Disneyland Park,"Abbazia di Novacella, Pinot Grigio",White Wine,Lunch; Dinner,"Alto Adige, Italy",14.00,disneyland/blue-bayou-restaurant
2026-09-26,Blue Bayou Restaurant,Disneyland Park,Far Niente Chardonnay,White Wine,Lunch; Dinner,"Napa Valley, California",40.00,disneyland/blue-bayou-restaurant
2026-09-26,Blue Bayou Restaurant,Disneyland Park,"Duckhorn Vineyards, Sauvignon Blanc",White Wine,Lunch; Dinner,"Napa Valley, California",17.00,disneyland/blue-bayou-restaurant
2026-09-26,Blue Bayou Restaurant,Disneyland Park,"Flowers Vineyards, Pinot Noir",Red Wine,Lunch; Dinner,"Sonoma Coast, California",25.00,disneyland/blue-bayou-restaurant
2026-09-26,Blue Bayou Restaurant,Disneyland Park,"Villa Antinori, Riserva, Chianti Classico DOCG",Red Wine,Lunch; Dinner,"Tuscany, Italy",20.00,disneyland/blue-bayou-restaurant
2026-09-26,Blue Bayou Restaurant,Disneyland Park,"Sterling Vineyards, Merlot",Red Wine,Lunch; Dinner,"Napa Valley, California",17.00,disneyland/blue-bayou-restaurant
2026-09-26,Blue Bayou Restaurant,Disneyland Park,"Sinegal, Cabernet Sauvignon",Red Wine,Lunch; Dinner,"Napa Valley, California",45.00,disneyland/blue-bayou-restaurant
2026-09-26,Blue Bayou Restaurant,Disneyland Park,Fonseca Ruby Port,Red Wine,Lunch; Dinner,Portugal,8.00,disneyland/blue-bayou-restaurant
2026-09-26,Blue Bayou Restaurant,Disneyland Park,"Karl Strauss® Brewing Co., Red Trolley Ale",Draft Beer,Lunch; Dinner,"San Diego, CA (ABV 5.8%)",15.75,disneyland/blue-bayou-restaurant
2026-09-26,Blue Bayou Restaurant,Disneyland Park,"Abita Brewing Company, Amber Lager",Draft Beer,Lunch; Dinner,"Covington, LA (ABV 4.5%)",14.75,disneyland/blue-bayou-restaurant
2026-09-26,Blue Bayou Restaurant,Disneyland Park,Crowns & Hops The Dopest Hazy IPA,Draft Beer,Lunch; Dinner,"Inglewood, CA (ABV 6.8%)",15.75,disneyland/blue-bayou-restaurant
2026-09-26,Blue Bayou Restaurant,Disneyland Park,Brewery X S.O.K. Mexican Lager,Draft Beer,Lunch; Dinner,"Anaheim, California (ABV 4.9%)",15.75,disneyland/blue-bayou-restaurant
2026-09-26,Blue Bayou Restaurant,Disneyland Park,Southern Sunset Old Fashioned,Signature Cocktails,Lunch; Dinner,"Bourbon, Vermont Maple Syrup, Black Walnut Bitters and and Orange Wheel",22.00,disneyland/blue-bayou-restaurant
2026-09-26,Blue Bayou Restaurant,Disneyland Park,Espresso Martini,Signature Cocktails,Lunch; Dinner,Joffrey’s™ Cold Brew Coffee with Vodka and Chocolate Liqueur,21.00,disneyland/blue-bayou-restaurant
2026-09-26,Blue Bayou Restaurant,Disneyland Park,Sweet Peach Tea with Rum,Signature Cocktails,Lunch; Dinner,"A sweet, fruity, slightly tart Cocktail blended with All-Natural Peach and Premium Kõloa Kaua’i White Rum",21.00,disneyland/blue-bayou-restaurant
2026-09-26,Blue Bayou Restaurant,Disneyland Park,Hurricane,Signature Cocktails,Lunch; Dinner,"Light and Dark Rums with Passion Fruit and Citrus Juices, garnished with a Luxardo Cherry and an Orange Wheel",21.00,disneyland/blue-bayou-restaurant
2026-09-26,Blue Bayou Restaurant,Disneyland Park,Assorted Fountain Beverages,Non-Alcoholic Beverages,Lunch; Dinner,"Coca-Cola®, Diet Coke®, Sprite®, Fanta® Orange, Root Beer, and Iced Tea",5.25,disneyland/blue-bayou-restaurant
2026-09-26,Blue Bayou Restaurant,Disneyland Park,Louisiana Lemonade,Non-Alcoholic Beverages,Lunch; Dinner,"Minute Maid® Lemonade, Sprite®, Mango, Raspberry",8.25,disneyland/blue-bayou-restaurant
2026-09-26,Blue Bayou Restaurant,Disneyland Park,Mint Julep,Non-Alcoholic Beverages,Lunch; Dinner,,8.25,disneyland/blue-bayou-restaurant
2026-09-26,Blue Bayou Restaurant,Disneyland Park,Premium Still Mineral Water,Non-Alcoholic Beverages,Lunch; Dinner,,10.00,disneyland/blue-bayou-restaurant
2026-09-26,Blue Bayou Restaurant,Disneyland Park,Premium Sparkling Mineral Water,Non-Alcoholic Beverages,Lunch; Dinner,,10.00,disneyland/blue-bayou-restaurant
2026-09-26,Blue Bayou Restaurant,Disneyland Park,Freshly Brewed Joffrey's Coffee®,Non-Alcoholic Beverages,Lunch; Dinner,,5.50,disneyland/blue-bayou-restaurant
2026-09-26,Blue Bayou Restaurant,Disneyland Park,Assorted Twinings of London® Teas,Non-Alcoholic Beverages,Lunch; Dinner,,5.50,disneyland/blue-bayou-restaurant
2026-09-26,Blue Bayou Restaurant,Disneyland Park,Hot Chocolate,Non-Alcoholic Beverages,Lunch; Dinner,,5.50,disneyland/blue-bayou-restaurant
2026-09-26,Carnation Café,Disneyland Park,Breakfast Skillet*,Breakfast,Breakfast,"Three-Cheese Egg, Breakfast Potatoes, Chopped Applewood smoked Bacon, Sliced Sausage and Shredded Cheese with a Fresh Tomato Garnish.",22.00,disneyland/carnation-cafe
2026-09-26,Carnation Café,Disneyland Park,Veggie Skillet,Breakfast,Breakfast,"Three-Cheese Scrambled Eggs, Breakfast Potatoes, Onions, Mushrooms, Peppers and Spinach, topped with Shredded Cheese and Fresh Tomato Garnish",22.00,disneyland/carnation-cafe
2026-09-26,Carnation Café,Disneyland Park,Breakfast Sandwich,Breakfast,Breakfast,"Three-Cheese Egg, Applewood-smoked Bacon and Cheddar on Brioche, served with Breakfast Potatoes",15.00,disneyland/carnation-cafe
2026-09-26,Carnation Café,Disneyland Park,Walt's Chili Cheese Omelet,Breakfast,Breakfast,"Cheese Omelet topped with Chili, Cheese and Chives served with Breakfast Potatoes",19.00,disneyland/carnation-cafe
2026-09-26,Carnation Café,Disneyland Park,Mickey-shaped Waffle,Breakfast,Breakfast,served with Applewood-smoked Bacon or Smoked Sausage,18.00,disneyland/carnation-cafe
2026-09-26,Carnation Café,Disneyland Park,Buttermilk Pancakes,Breakfast,Breakfast,served with Applewood-smoked Bacon or Smoked Sausage with Seasonal Compote,16.00,disneyland/carnation-cafe
2026-09-26,Carnation Café,Disneyland Park,Overnight Oats,Plant-Based,Breakfast,Served with Fresh Berries and Bananas,9.00,disneyland/carnation-cafe
2026-09-26,Carnation Café,Disneyland Park,Silver Dollar Pancakes,Kids' Create-Your-Own Entrées (choose one),Breakfast,served with choice of two (2) Selections and choice of Small Lowfat Milk or Small DASANI® Water,10.00,disneyland/carnation-cafe
2026-09-26,Carnation Café,Disneyland Park,Scrambled Eggs,Kids' Create-Your-Own Entrées (choose one),Breakfast,served with choice of two (2) Selections and choice of small DASANI® Water or small Lowfat Milk,10.00,disneyland/carnation-cafe
2026-09-26,Carnation Café,Disneyland Park,Mickey-shaped Waffles,Kids' Create-Your-Own Entrées (choose one),Breakfast,served with choice of two (2) Selections and choice of Small Lowfat Milk or Small DASANI® Water,10.00,disneyland/carnation-cafe
2026-09-26,Carnation Café,Disneyland Park,"Chandon, Sparkling Wine",Sparkling Wine and Mimosas,Breakfast,California,18.00,disneyland/carnation-cafe
2026-09-26,Carnation Café,Disneyland Park,Mimosa,Sparkling Wine and Mimosas,Breakfast,Chandon Sparkling Wine with a choice of Orange Juice or Strawberry Syrup,21.00,disneyland/carnation-cafe
2026-09-26,Carnation Café,Disneyland Park,"Fess Parker, Chardonnay",Featured Wines by the Glass,Breakfast; Lunch; Dinner,Santa Barbara County,13.00,disneyland/carnation-cafe
2026-09-26,Carnation Café,Disneyland Park,"Silver Palm Wines, Cabernet Sauvignon",Featured Wines by the Glass,Breakfast; Lunch; Dinner,California North Coast,15.00,disneyland/carnation-cafe
2026-09-26,Carnation Café,Disneyland Park,Caramel Apple Martini,Signature Cocktails,Breakfast; Lunch; Dinner,"Kissed Caramel Smirnoff Vodka, Bols Butterscotch Liqueur, Sour Apple Juice and a Caramel Apple Lollipop",21.00,disneyland/carnation-cafe
2026-09-26,Carnation Café,Disneyland Park,Old Fashioned,Signature Cocktails,Breakfast; Lunch; Dinner,"Buffalo Trace Bourbon, Bitters and Orange-infused Brown Sugar Syrup with Luxardo Cherry and Candied Orange Peel",21.00,disneyland/carnation-cafe
2026-09-26,Carnation Café,Disneyland Park,"Elysian Brewing,  Night Owl, Pumpkin Ale",Beer,Breakfast; Lunch; Dinner,"Seattle, Washington (ABV. 6.7%)",12.75,disneyland/carnation-cafe
2026-09-26,Carnation Café,Disneyland Park,"Spaten, Oktoberfest Ur-Märzen",Beer,Breakfast; Lunch; Dinner,"Munich, Germany (ABV 5.9%, IBU 23)",12.75,disneyland/carnation-cafe
2026-09-26,Carnation Café,Disneyland Park,Blue Moon Belgian-style Wheat Ale,Beer,Breakfast; Lunch; Dinner,"Denver, CO (ABV 5.4%, IBU 10)",12.75,disneyland/carnation-cafe
2026-09-26,Carnation Café,Disneyland Park,Orange Cream Soda,Beverages,Breakfast; Lunch; Dinner,"Fanta®, Candied Orange Syrup and Cream, with a Candied Orange Slice",10.25,disneyland/carnation-cafe
2026-09-26,Carnation Café,Disneyland Park,Ice Cream Float,Beverages,Breakfast,Vanilla Ice Cream with Choice of Fountain Beverage,10.25,disneyland/carnation-cafe
2026-09-26,Carnation Café,Disneyland Park,Freshly Brewed Joffrey's Coffee®,Beverages,Breakfast; Lunch; Dinner,Regular or Decaffeinated,5.50,disneyland/carnation-cafe
2026-09-26,Carnation Café,Disneyland Park,Twinings of London® Hot Tea,Beverages,Breakfast; Lunch; Dinner,,5.50,disneyland/carnation-cafe
2026-09-26,Carnation Café,Disneyland Park,Sweet Cream Cold Brew,Beverages,Breakfast; Lunch; Dinner,,7.50,disneyland/carnation-cafe
2026-09-26,Carnation Café,Disneyland Park,Sweet Cream Cold Brew with Ice Cream,Beverages,Breakfast; Lunch; Dinner,,10.00,disneyland/carnation-cafe
2026-09-26,Carnation Café,Disneyland Park,Apple Juice,Beverages,Breakfast,,5.00,disneyland/carnation-cafe
2026-09-26,Carnation Café,Disneyland Park,Orange Juice,Beverages,Breakfast,,5.00,disneyland/carnation-cafe
2026-09-26,Carnation Café,Disneyland Park,Fried Pickles,Starters,Lunch; Dinner,Hand-breaded Pickles served with House Sauce,11.00,disneyland/carnation-cafe
2026-09-26,Carnation Café,Disneyland Park,Walt's Chili,Starters,Lunch; Dinner,"Hearty Chili topped with Cheese, Sour Cream, Chives and Cornbread Crisps",12.00,disneyland/carnation-cafe
2026-09-26,Carnation Café,Disneyland Park,Baked Potato Soup,Starters,Lunch; Dinner,"topped with Fried Potato, Bacon, Cheddar, Monterey Jack, Sour Cream, and Chives",11.00,disneyland/carnation-cafe
2026-09-26,Carnation Café,Disneyland Park,The Carnation Café Cheeseburger*,Gourmet Burgers,Lunch; Dinner,"Angus Chuck Patty, Cheddar, House-made Pickles, Vine-ripened Tomato, Red Onions, Lettuce and House Sauce on a Brioche Bun, served with your choice of Fresh Fruit or Tavern Fries",23.00,disneyland/carnation-cafe
2026-09-26,Carnation Café,Disneyland Park,Spicy Chicken Sandwich,Entrées,Lunch; Dinner,"Panko-breaded Fried Chicken Breast tossed in Spicy Chile Sauce with Pepper Jack and Mustard Slaw, served on a Brioche Bun",19.00,disneyland/carnation-cafe
2026-09-26,Carnation Café,Disneyland Park,Chef's Salad,Entrées,Lunch; Dinner,"Chopped Ham, Chicken, Bacon, Cheddar Cheese, Chopped Egg, Tomato, Cucumber, Pickled Onion, Avocado, Croutons and Ranch Dressing ​",18.00,disneyland/carnation-cafe
2026-09-26,Carnation Café,Disneyland Park,Turkey Club Sandwich,Entrées,Lunch; Dinner,"Turkey, Applewood-smoked Bacon, Vine-ripened Tomato, Monterey Jack, Lettuce, Avocado Mayonnaise and Lemon Aïoli on Toasted Sourdough, served with choice of fresh Fruit or Seasoned French Fries",21.00,disneyland/carnation-cafe
2026-09-26,Carnation Café,Disneyland Park,Chicken Parmesan Pasta,Entrées,Lunch; Dinner,"Pasta with Crispy Chicken, Italian Cheese Blend, Spinach and Sun-dried Tomato Cream Sauce",23.00,disneyland/carnation-cafe
2026-09-26,Carnation Café,Disneyland Park,Fresh Catch of the Day,Entrées,Lunch; Dinner,served with Chef's Selection of Sides,28.00,disneyland/carnation-cafe
2026-09-26,Carnation Café,Disneyland Park,Carnation Garden Salad,Plant-Based,Lunch; Dinner,"Lettuce, Carrots, Cucumber, Radishes, Fennel, Tomatoes, Croutons and Green Goddess Dressing",9.00,disneyland/carnation-cafe
2026-09-26,Carnation Café,Disneyland Park,Hearty Veggie Burger,Plant-Based,Lunch; Dinner,"House-made Bean Patty, Vine-ripened Tomato, Chipotle Mayo, Slaw and Crispy Onions on an Artisan Bun, served with Fresh Fruit",22.00,disneyland/carnation-cafe
2026-09-26,Carnation Café,Disneyland Park,Brownie with Chocolate Sauce,Plant-Based,Lunch; Dinner,with Vanilla Ice Cream,10.00,disneyland/carnation-cafe
2026-09-26,Carnation Café,Disneyland Park,Peach Pie à la Mode,Dessert,Lunch; Dinner,Warm Peach Pie served with Vanilla Ice Cream,10.00,disneyland/carnation-cafe
2026-09-26,Carnation Café,Disneyland Park,Ice Cream Float,Dessert,Lunch; Dinner,Vanilla Ice Cream with Choice of Fountain Beverage,10.25,disneyland/carnation-cafe
2026-09-26,Carnation Café,Disneyland Park,Kids Grilled Cheese,Kids' Disney Check Meal,Lunch; Dinner,served with choice of two (2) Selections and choice of small DASANI® Water or small Lowfat Milk. Meets Disney Nutrition Guidelines for Complete Meals without substitutions.,12.00,disneyland/carnation-cafe
2026-09-26,Carnation Café,Disneyland Park,Hamburger Slider,Kids' Create-Your-Own Entrées (choose one),Lunch; Dinner,served with choice of two (2) Selections and choice of Small Lowfat Milk or Small DASANI® Water,12.00,disneyland/carnation-cafe
2026-09-26,Carnation Café,Disneyland Park,Mac & Cheese,Kids' Create-Your-Own Entrées (choose one),Lunch; Dinner,served with choice of two (2) Selections and choice of Small Lowfat Milk or Small DASANI® Water,12.00,disneyland/carnation-cafe
2026-09-26,Carnation Café,Disneyland Park,Chicken Tenders,Kids' Create-Your-Own Entrées (choose one),Lunch; Dinner,served with choice of two (2) Selections and choice of small DASANI® Water or small Lowfat Milk,12.00,disneyland/carnation-cafe
2026-09-26,Carnation Café,Disneyland Park,Freshly Brewed Joffrey's Coffee® 70th Anniversary Blend,Beverages,Lunch; Dinner,,4.75,disneyland/carnation-cafe
2026-09-26,Carnation Café,Disneyland Park,Fountain Beverages,Beverages,Lunch; Dinner,"Coca-Cola®, Diet Coke®, Coca-Cola® Zero Sugar, Sprite®, Coca-Cola Cherry®, Fanta® Orange, Barq's® Root Beer, Minute Maid® Zero Sugar Lemonade, or Iced Tea",5.25,disneyland/carnation-cafe
2026-09-26,Cafe Orleans,Disneyland Park,Gumbo,Small Bites,Lunch; Dinner,"Chicken, Tasso Ham, Andouille Sausage and Peppers with Steamed Rice",12.00,disneyland/cafe-orleans
2026-09-26,Cafe Orleans,Disneyland Park,Caesar Salad,Small Bites,Lunch; Dinner,Lettuce and Grana Padano with House-made Crouton and Caesar Dressing,14.00,disneyland/cafe-orleans
2026-09-26,Cafe Orleans,Disneyland Park,Braised Beef,Entrées,Lunch; Dinner,Mashed Potatoes and Seasonal Vegetables with Bacon and Mushroom Demi-glace,35.00,disneyland/cafe-orleans
2026-09-26,Cafe Orleans,Disneyland Park,Battered & Fried Monte Cristo Sandwich,Entrées,Lunch; Dinner,"Sliced Turkey, Ham and Swiss with Seasonal Preserves and choice of Pommes Frites or Petite Ceasar Salad",26.00,disneyland/cafe-orleans
2026-09-26,Cafe Orleans,Disneyland Park,Crispy Chicken Cutlet Alfredo Pasta,Entrées,Lunch; Dinner,"Wilted Spinach, Lemon-Roasted Garlic Alfredo Sauce and Grana Padano",30.00,disneyland/cafe-orleans
2026-09-26,Cafe Orleans,Disneyland Park,NOLA BBQ Shrimp,Entrées,Lunch; Dinner,served over a House-made Cheddar Biscuit,33.00,disneyland/cafe-orleans
2026-09-26,Cafe Orleans,Disneyland Park,Fall Squash Soup,Plant-Based,Lunch; Dinner,"with Herb Yogurt, Lime Pepitas and French Spiced Croutons",13.00,disneyland/cafe-orleans
2026-09-26,Cafe Orleans,Disneyland Park,Garden Vegetable Shepherd's Pie,Plant-Based,Lunch; Dinner,"Okra, Onions, Carrots and Mushrooms, topped with Mashed Potatoes",26.00,disneyland/cafe-orleans
2026-09-26,Cafe Orleans,Disneyland Park,Crème Brûlée Tart,Plant-Based,Lunch; Dinner,Vanilla Bean Crème Brûlée in a Tart Shell,10.00,disneyland/cafe-orleans
2026-09-26,Cafe Orleans,Disneyland Park,The Frightful Delightful Yule Log,Dessert,Lunch; Dinner,with Vanilla Bean Anglaise and Chocolate Crumbs,13.00,disneyland/cafe-orleans
2026-09-26,Cafe Orleans,Disneyland Park,"Daou Rosé, Paso Robles",Featured Wines by the Glass ,Lunch; Dinner,,15.00,disneyland/cafe-orleans
2026-09-26,Cafe Orleans,Disneyland Park,Meiomi Pinot Noir Sonoma Coast,Featured Wines by the Glass ,Lunch; Dinner,,18.00,disneyland/cafe-orleans
2026-09-26,Cafe Orleans,Disneyland Park,Seaborn Cherry Temple Cocktail,Signature Cocktails,Lunch; Dinner,(ABV 7.0%),21.00,disneyland/cafe-orleans
2026-09-26,Cafe Orleans,Disneyland Park,Signature Bourbon Julep,Signature Cocktails,Lunch; Dinner,"Bourbon, Citrus and Mint",21.00,disneyland/cafe-orleans
2026-09-26,Cafe Orleans,Disneyland Park,Seaborn Margarita,Signature Cocktails,Lunch; Dinner,Seaborn Passion Orange Guava,21.00,disneyland/cafe-orleans
2026-09-26,Cafe Orleans,Disneyland Park,"Karl Strauss® Brewing, Follow the Sun Lager",Beer,Lunch; Dinner,"San Diego, California (4.2% ABV, 11 IBU)",12.75,disneyland/cafe-orleans
2026-09-26,Cafe Orleans,Disneyland Park,"Sierra Nevada Brewing Company Hazy Little Thing, IPA",Beer,Lunch; Dinner,"Chico, California (6.7% ABV, 35 IBU)",12.75,disneyland/cafe-orleans
2026-09-26,Cafe Orleans,Disneyland Park,Berry Cream Soda,Non-Alcoholic Beverages,Lunch; Dinner,Sprite® and Cream with a splash of Berry Syrup,7.50,disneyland/cafe-orleans
2026-09-26,Cafe Orleans,Disneyland Park,Fountain Beverages,Non-Alcoholic Beverages,Lunch; Dinner,"Coca-Cola®, Diet Coke®, Sprite®, Minute Maid® Zero Sugar Lemonade, Iced Tea",5.25,disneyland/cafe-orleans
2026-09-26,Cafe Orleans,Disneyland Park,Freshly Brewed Joffrey's Coffee®,Non-Alcoholic Beverages,Lunch; Dinner,,5.50,disneyland/cafe-orleans
2026-09-26,Cafe Orleans,Disneyland Park,Twinings of London® Hot Tea,Non-Alcoholic Beverages,Lunch; Dinner,,5.50,disneyland/cafe-orleans
2026-09-26,Cafe Orleans,Disneyland Park,Mint Julep,Non-Alcoholic Beverages,Lunch; Dinner,,8.25,disneyland/cafe-orleans
2026-09-26,Cafe Orleans,Disneyland Park,Chicken Strips,Kids' Create-Your-Own Entrées (choose one),Lunch; Dinner,served with choice of two (2) Selections and choice of Small Lowfat Milk or Small DASANI® Water,12.00,disneyland/cafe-orleans
2026-09-26,Cafe Orleans,Disneyland Park,Sautéed Shrimp,Kids' Create-Your-Own Entrées (choose one),Lunch; Dinner,served with choice of two (2) Selections and choice of Small Lowfat Milk or Small DASANI® Water,14.00,disneyland/cafe-orleans
2026-09-26,Cafe Orleans,Disneyland Park,Ham and Cheese Sandwich,Kids' Create-Your-Own Entrées (choose one),Lunch; Dinner,,12.00,disneyland/cafe-orleans
2026-09-26,Cafe Orleans,Disneyland Park,Mickey's Cheesy Macaroni,Kids' Create-Your-Own Entrées (choose one),Lunch; Dinner,served with choice of two (2) Selections and choice of Small Lowfat Milk or Small DASANI® Water,12.00,disneyland/cafe-orleans
2026-09-26,Plaza Inn,Disneyland Park,Pumpkin Cake,Plaza Inn Seasonal Offerings,Lunch And Dinner,"with Pumpkin Mousse Filling and Whipped Frosting, topped with a Chocolate Stem",8.49,disneyland/plaza-inn
2026-09-26,Plaza Inn,Disneyland Park,Villainous Red Velvet Cake,Plaza Inn Seasonal Offerings,Lunch And Dinner,"with Raspberry Jam, Chocolate Chips and Black Ganache Frosting",8.49,disneyland/plaza-inn
2026-09-26,Plaza Inn,Disneyland Park,Chicken,Entrées,Lunch And Dinner,"three pieces of Chicken, fried to a golden brown, seasoned with distinctive Herbs and Spices, served with Mashed Potatoes and Gravy, Buttermilk Biscuit and seasonal Vegetables",21.99,disneyland/plaza-inn
2026-09-26,Plaza Inn,Disneyland Park,Cobb Salad,Entrées,Lunch And Dinner,"Seared Chicken, Bacon, Hard-boiled Eggs, Tomatoes and Blue Cheese on Romaine Lettuce",15.79,disneyland/plaza-inn
2026-09-26,Plaza Inn,Disneyland Park,Salmon,Entrées,Lunch And Dinner,Panko-crusted Salmon served with Mashed Potatoes and Seasonal Vegetables,19.99,disneyland/plaza-inn
2026-09-26,Plaza Inn,Disneyland Park,Meatloaf,Entrées,Lunch And Dinner,"Baked Meatloaf with a Ketchup-Worcestershire Glaze, Mashed Potatoes, Seasonal Vegetables and a Buttermilk Biscuit",18.49,disneyland/plaza-inn
2026-09-26,Plaza Inn,Disneyland Park,Penne Pasta with Marinara,Entrées,Lunch And Dinner,topped with Parmesan Cheese and served with a Breadstick,17.49,disneyland/plaza-inn
2026-09-26,Plaza Inn,Disneyland Park,Penne Pasta with Chicken Pesto Alfredo Sauce,Entrées,Lunch And Dinner,topped with Parmesan Cheese and served with a Breadstick,17.49,disneyland/plaza-inn
2026-09-26,Plaza Inn,Disneyland Park,Penne Pasta,Kids' Disney Check Meal,Lunch And Dinner,Kid's Pasta and Marinara Sauce with Applesauce and Carrots with choice of Small Lowfat Milk or Small DASANI® Water. Meets Disney Nutrition Guidelines for Complete Meals without substitutions,8.49,disneyland/plaza-inn
2026-09-26,Plaza Inn,Disneyland Park,Kids' Chicken Tenders,Kids' Meal,Lunch And Dinner,Chicken Tenders and Mashed Potatoes served with choice of Carrots or Apple Sauce and choice of small Lowfat Milk or small DASANI® Water,8.99,disneyland/plaza-inn
2026-09-26,Plaza Inn,Disneyland Park,Stumpfest Cake,Desserts,Lunch And Dinner,Chocolate Roulade with White Chocolate Mousse and Ganache,8.49,disneyland/plaza-inn
2026-09-26,Plaza Inn,Disneyland Park,Assorted Fountain Beverages,Beverages,Lunch And Dinner,assorted Coca-Cola® offerings,4.99,disneyland/plaza-inn
2026-09-26,Plaza Inn,Disneyland Park,Chocolate Milk,Beverages,Lunch And Dinner,,4.99,disneyland/plaza-inn
2026-09-26,Plaza Inn,Disneyland Park,DASANI® Bottled Water,Beverages,Lunch And Dinner,,4.79,disneyland/plaza-inn
2026-09-26,Plaza Inn,Disneyland Park,Coffee - Regular,Beverages,Lunch And Dinner,,5.49,disneyland/plaza-inn
2026-09-26,Plaza Inn,Disneyland Park,Coffee - Decaffeinated,Beverages,Lunch And Dinner,,5.49,disneyland/plaza-inn
2026-09-26,Plaza Inn,Disneyland Park,Hot Chocolate,Beverages,Lunch And Dinner,,5.49,disneyland/plaza-inn
2026-09-26,Plaza Inn,Disneyland Park,Hot Tea,Beverages,Lunch And Dinner,,5.49,disneyland/plaza-inn
2026-09-26,Plaza Inn,Disneyland Park,Lowfat Milk,Beverages,Lunch And Dinner,,3.49,disneyland/plaza-inn
2026-09-26,Plaza Inn,Disneyland Park,Minute Maid Apple Juice Box,Beverages,Lunch And Dinner,,3.49,disneyland/plaza-inn
2026-09-26,Bengal Barbecue,Disneyland Park,Chicken Teriyaki Skewer,Jungle Skewers,Snack,Chicken Skewer in Teriyaki Sauce,6.99,disneyland/bengal-barbecue
2026-09-26,Bengal Barbecue,Disneyland Park,Pork & Vegetable Skewer,Jungle Skewers,Snack,Grilled Pork Belly and Asparagus in Tamarind Sauce,7.29,disneyland/bengal-barbecue
2026-09-26,Bengal Barbecue,Disneyland Park,Banyan Beef Skewer,Jungle Skewers,Snack,Hot and Spicy Beef Skewer,7.99,disneyland/bengal-barbecue
2026-09-26,Bengal Barbecue,Disneyland Park,Bengal Beef Skewer,Jungle Skewers,Snack,Beef Skewer in Sweet Zulu Sauce,7.99,disneyland/bengal-barbecue
2026-09-26,Bengal Barbecue,Disneyland Park,Bengal Rice Plate,Jungle Skewers,Snack,"Choice of Two Regular Skewers served with Jasmine Rice, Pineapple Slaw",19.99,disneyland/bengal-barbecue
2026-09-26,Bengal Barbecue,Disneyland Park,Garlic Naan,Jungle Skewers,Snack,"Grilled Bread, basted with Herb Butter",5.79,disneyland/bengal-barbecue
2026-09-26,Bengal Barbecue,Disneyland Park,Bulgogi Bean Salad,Plant-Based,Snack,"Cucumber, Edamame, Chickpeas and Bell Peppers, tossed in Ginger-Scallion Dressing",6.49,disneyland/bengal-barbecue
2026-09-26,Bengal Barbecue,Disneyland Park,Iced Pandan Cooler,Thirst Aid,Snack,with Brown Sugar Popping Spheres and Ube Cream,7.99,disneyland/bengal-barbecue
2026-09-26,Bengal Barbecue,Disneyland Park,Jungle Julep,Thirst Aid,Snack,"refreshing Slush of Pineapple, Orange, Grape, and Lemon Juices",7.99,disneyland/bengal-barbecue
2026-09-26,Bengal Barbecue,Disneyland Park,Tropical Slushy,Thirst Aid,Snack,"Passion Fruit, Orange, Guava and Lychee Syrup, with a Chile-Lime Rim",7.29,disneyland/bengal-barbecue
2026-09-26,Bengal Barbecue,Disneyland Park,Thai Tea Slushy,Thirst Aid,Snack,with Brown Sugar Spheres and Cold Foam,8.29,disneyland/bengal-barbecue
2026-09-26,Bengal Barbecue,Disneyland Park,Assorted Fountain Beverages - Regular,Thirst Aid,Snack,assorted Coca-Cola® offerings,4.99,disneyland/bengal-barbecue
2026-09-26,Bengal Barbecue,Disneyland Park,Assorted Fountain Beverages - Large,Thirst Aid,Snack,assorted Coca-Cola® offerings,5.69,disneyland/bengal-barbecue
2026-09-26,Bengal Barbecue,Disneyland Park,Lowfat Milk,Thirst Aid,Snack,,3.49,disneyland/bengal-barbecue
2026-09-26,Bengal Barbecue,Disneyland Park,DASANI® Bottled Water,Thirst Aid,Snack,,4.79,disneyland/bengal-barbecue
2026-09-26,Jolly Holiday Bakery Cafe,Disneyland Park,Hades Glow Cube,Seasonal Offerings,Breakfast; Lunch And Dinner,"Includes choice of Fountain Beverage at time of purchase. Limit Two (2) per person, per transaction. No discounts apply.",11.69,disneyland/jolly-holiday-bakery-cafe
2026-09-26,Jolly Holiday Bakery Cafe,Disneyland Park,Oogie Boogie Moon Glow Cube,Seasonal Offerings,Breakfast; Lunch And Dinner,"Includes choice of Fountain Beverage at time of purchase. Limit Two (2) per person, per transaction. No discounts apply.",11.69,disneyland/jolly-holiday-bakery-cafe
2026-09-26,Jolly Holiday Bakery Cafe,Disneyland Park,Halloween Travel Tumbler,Seasonal Offerings,Breakfast; Lunch And Dinner,"includes choice of Fountain Beverage at time of purchase. Limit ten (10) per person, per transaction. No discounts apply.",14.99,disneyland/jolly-holiday-bakery-cafe
2026-09-26,Jolly Holiday Bakery Cafe,Disneyland Park,Toffee-Nut Cold Brew,Seasonal Offerings,Breakfast; Lunch And Dinner,with Toffee-Nut Syrup and Vanilla Foam,7.49,disneyland/jolly-holiday-bakery-cafe
2026-09-26,Jolly Holiday Bakery Cafe,Disneyland Park,Pumpkin Muffin,Assorted Desserts,Breakfast; Lunch And Dinner,topped with Cream Cheese Icing,5.99,disneyland/jolly-holiday-bakery-cafe
2026-09-26,Jolly Holiday Bakery Cafe,Disneyland Park,Halloween Matterhorn Macaroon,Assorted Desserts,Breakfast; Lunch And Dinner,Coconut Macaroon dipped in White Chocolate and Sprinkles,8.99,disneyland/jolly-holiday-bakery-cafe
2026-09-26,Jolly Holiday Bakery Cafe,Disneyland Park,Caramel Apple Cheesecake,Assorted Desserts,Breakfast; Lunch And Dinner,"Caramel Cheesecake with a Caramelized Apple Filling, topped with Caramel Drip, Orange White Chocolate Mousse and Chocolate Flakes",7.99,disneyland/jolly-holiday-bakery-cafe
2026-09-26,Jolly Holiday Bakery Cafe,Disneyland Park,Mickey-shaped Ghost Cookie,Assorted Desserts,Breakfast; Lunch And Dinner,Shortbread Cookie Dipped in Chocolate,7.99,disneyland/jolly-holiday-bakery-cafe
2026-09-26,Jolly Holiday Bakery Cafe,Disneyland Park,Mickey Mummy Macaron,Assorted Desserts,Breakfast; Lunch And Dinner,Cookies and Crème-filled Macaron,8.99,disneyland/jolly-holiday-bakery-cafe
2026-09-26,Jolly Holiday Bakery Cafe,Disneyland Park,Mickey Pumpkin Cupcake,Assorted Desserts,Breakfast; Lunch And Dinner,"with Cream Cheese Frosting, Brown Sugar Crumbles and Orange White Chocolate Mousse, finished with Chocolate Ears and a Chocolate Twig",8.49,disneyland/jolly-holiday-bakery-cafe
2026-09-26,Jolly Holiday Bakery Cafe,Disneyland Park,Brownie Pie,Assorted Desserts,Breakfast; Lunch And Dinner,"Fudge Brownie baked in a Pie Crust, topped with Ganache, Colored Mousse and Sprinkles",8.49,disneyland/jolly-holiday-bakery-cafe
2026-09-26,Jolly Holiday Bakery Cafe,Disneyland Park,Maple-Bacon Cinnamon Roll,Assorted Desserts,Breakfast; Lunch And Dinner,"Cinnamon Roll topped with Maple Cream Cheese, Glazed Bacon and Pecans, drizzled with White Chocolate",11.49,disneyland/jolly-holiday-bakery-cafe
2026-09-26,Jolly Holiday Bakery Cafe,Disneyland Park,Raspberry-Rose Macaron,Assorted Desserts,Breakfast; Lunch And Dinner,Red Mickey Macaron Shell filled with Raspberry-Rose Filling and Raspberry Gelée,8.99,disneyland/jolly-holiday-bakery-cafe
2026-09-26,Jolly Holiday Bakery Cafe,Disneyland Park,Strawberry-stuffed Croissant,Assorted Desserts,Breakfast; Lunch And Dinner,"Strawberries, Pastry Cream, Strawberry Coulis and Powdered Sugar",9.49,disneyland/jolly-holiday-bakery-cafe
2026-09-26,Jolly Holiday Bakery Cafe,Disneyland Park,Side of Cream Cheese Icing,Assorted Desserts,Breakfast; Lunch And Dinner,,1.49,disneyland/jolly-holiday-bakery-cafe
2026-09-26,Jolly Holiday Bakery Cafe,Disneyland Park,Double Chocolate Chip Muffin,Assorted Desserts,Breakfast; Lunch And Dinner,,5.99,disneyland/jolly-holiday-bakery-cafe
2026-09-26,Jolly Holiday Bakery Cafe,Disneyland Park,Butter Croissant,Assorted Desserts,Breakfast; Lunch And Dinner,Soft flaky Pastry,5.49,disneyland/jolly-holiday-bakery-cafe
2026-09-26,Jolly Holiday Bakery Cafe,Disneyland Park,Milk Chocolate Croissant,Assorted Desserts,Breakfast; Lunch And Dinner,flaky Pastry filled with Chocolate,5.99,disneyland/jolly-holiday-bakery-cafe
2026-09-26,Jolly Holiday Bakery Cafe,Disneyland Park,Mickey-shaped Sugar Cookie,Assorted Desserts,Breakfast; Lunch And Dinner,Citrus Shortbread Cookie,6.49,disneyland/jolly-holiday-bakery-cafe
2026-09-26,Jolly Holiday Bakery Cafe,Disneyland Park,Chocolate Chip Cookie,Assorted Desserts,Breakfast; Lunch And Dinner,,5.99,disneyland/jolly-holiday-bakery-cafe
2026-09-26,Jolly Holiday Bakery Cafe,Disneyland Park,Jolly Holiday Combo,House Specialties,Breakfast; Lunch And Dinner,Toasted Cheese Sandwich with Tomato Basil Soup,14.49,disneyland/jolly-holiday-bakery-cafe
2026-09-26,Jolly Holiday Bakery Cafe,Disneyland Park,Jolly Chopped Salad,House Specialties,Breakfast; Lunch And Dinner,"Mixed Greens, Chopped Deli Meats, Italian Relish, Garbanzos and Olives with Creamy Italian Vinaigrette​ and a fresh Breadstick",14.79,disneyland/jolly-holiday-bakery-cafe
2026-09-26,Jolly Holiday Bakery Cafe,Disneyland Park,Bacon & Egg Croissant,Breakfast Specialties,Breakfast,"flaky Croissant filled with Egg, Bacon, Cheese, and Hollandaise Sauce",9.49,disneyland/jolly-holiday-bakery-cafe
2026-09-26,Jolly Holiday Bakery Cafe,Disneyland Park,Bacon & Egg Croissant with Fruit,Breakfast Specialties,Breakfast,"Flaky Croissant filled with Egg, Bacon, Cheese and Hollandaise Sauce, served with a Cuties® Mandarin Orange",11.49,disneyland/jolly-holiday-bakery-cafe
2026-09-26,Jolly Holiday Bakery Cafe,Disneyland Park,Yogurt Parfait,Breakfast Specialties,Breakfast,Fruit and Vanilla Yogurt topped with Granola,6.99,disneyland/jolly-holiday-bakery-cafe
2026-09-26,Jolly Holiday Bakery Cafe,Disneyland Park,Espresso - Single,Espresso Beverages,Breakfast; Lunch And Dinner,Regular or Decaffeinated,4.49,disneyland/jolly-holiday-bakery-cafe
2026-09-26,Jolly Holiday Bakery Cafe,Disneyland Park,Espresso - Double,Espresso Beverages,Breakfast; Lunch And Dinner,Regular or Decaffeinated,5.49,disneyland/jolly-holiday-bakery-cafe
2026-09-26,Jolly Holiday Bakery Cafe,Disneyland Park,Cappuccino,Espresso Beverages,Breakfast; Lunch And Dinner,,6.99,disneyland/jolly-holiday-bakery-cafe
2026-09-26,Jolly Holiday Bakery Cafe,Disneyland Park,Caffè Latte,Espresso Beverages,Breakfast; Lunch And Dinner,Regular or Decaffeinated,6.99,disneyland/jolly-holiday-bakery-cafe
2026-09-26,Jolly Holiday Bakery Cafe,Disneyland Park,Iced Caffè Latte,Espresso Beverages,Breakfast; Lunch And Dinner,Regular or Decaffeinated,6.99,disneyland/jolly-holiday-bakery-cafe
2026-09-26,Jolly Holiday Bakery Cafe,Disneyland Park,Iced Caffè Mocha,Espresso Beverages,Breakfast; Lunch And Dinner,Regular or Decaffeinated,7.49,disneyland/jolly-holiday-bakery-cafe
2026-09-26,Jolly Holiday Bakery Cafe,Disneyland Park,Caffè Mocha,Espresso Beverages,Breakfast; Lunch And Dinner,Regular or Decaffeinated,7.49,disneyland/jolly-holiday-bakery-cafe
2026-09-26,Jolly Holiday Bakery Cafe,Disneyland Park,Caramel Macchiato,Espresso Beverages,Breakfast; Lunch And Dinner,Regular or Decaffeinated,7.99,disneyland/jolly-holiday-bakery-cafe
2026-09-26,Jolly Holiday Bakery Cafe,Disneyland Park,Iced Caramel Macchiato,Espresso Beverages,Breakfast; Lunch And Dinner,Regular or Decaffeinated,7.99,disneyland/jolly-holiday-bakery-cafe
2026-09-26,Jolly Holiday Bakery Cafe,Disneyland Park,Pumpkin Cold Brew,Beverages,Breakfast; Lunch And Dinner,topped with Vanilla Foam and Spiced Sugar,7.99,disneyland/jolly-holiday-bakery-cafe
2026-09-26,Jolly Holiday Bakery Cafe,Disneyland Park,Coffee - Regular,Beverages,Breakfast; Lunch And Dinner,,5.49,disneyland/jolly-holiday-bakery-cafe
2026-09-26,Jolly Holiday Bakery Cafe,Disneyland Park,Coffee - Decaffeinated,Beverages,Breakfast; Lunch And Dinner,,5.49,disneyland/jolly-holiday-bakery-cafe
2026-09-26,Jolly Holiday Bakery Cafe,Disneyland Park,Cold Brew,Beverages,Breakfast; Lunch And Dinner,,6.99,disneyland/jolly-holiday-bakery-cafe
2026-09-26,Jolly Holiday Bakery Cafe,Disneyland Park,Nitro Cold Brew,Beverages,Breakfast; Lunch And Dinner,,7.49,disneyland/jolly-holiday-bakery-cafe
2026-09-26,Jolly Holiday Bakery Cafe,Disneyland Park,Hot Cocoa,Beverages,Breakfast; Lunch And Dinner,rich Milk Chocolate flavor,5.49,disneyland/jolly-holiday-bakery-cafe
2026-09-26,Jolly Holiday Bakery Cafe,Disneyland Park,Specialty Tea,Beverages,Breakfast; Lunch And Dinner,Sweetened Iced Tea with Vanilla Whipped Cream,6.99,disneyland/jolly-holiday-bakery-cafe
2026-09-26,Jolly Holiday Bakery Cafe,Disneyland Park,Hot Tea,Beverages,Breakfast; Lunch And Dinner,,5.49,disneyland/jolly-holiday-bakery-cafe
2026-09-26,Jolly Holiday Bakery Cafe,Disneyland Park,Assorted Fountain Beverages - Regular,Beverages,Breakfast; Lunch And Dinner,assorted Coca-Cola® offerings,4.99,disneyland/jolly-holiday-bakery-cafe
2026-09-26,Jolly Holiday Bakery Cafe,Disneyland Park,Assorted Fountain Beverages - Large,Beverages,Breakfast; Lunch And Dinner,assorted Coca-Cola® offerings,5.69,disneyland/jolly-holiday-bakery-cafe
2026-09-26,Jolly Holiday Bakery Cafe,Disneyland Park,DASANI® Bottled Water,Beverages,Breakfast; Lunch And Dinner,,4.79,disneyland/jolly-holiday-bakery-cafe
2026-09-26,Jolly Holiday Bakery Cafe,Disneyland Park,Minute Maid® Apple Juice - 16 oz,Beverages,Breakfast; Lunch And Dinner,,5.49,disneyland/jolly-holiday-bakery-cafe
2026-09-26,Jolly Holiday Bakery Cafe,Disneyland Park,Minute Maid® Orange Juice - 16 oz,Beverages,Breakfast; Lunch And Dinner,,5.49,disneyland/jolly-holiday-bakery-cafe
2026-09-26,Jolly Holiday Bakery Cafe,Disneyland Park,Chocolate Milk,Beverages,Breakfast; Lunch And Dinner,,4.99,disneyland/jolly-holiday-bakery-cafe
2026-09-26,Jolly Holiday Bakery Cafe,Disneyland Park,Lowfat Milk,Beverages,Breakfast; Lunch And Dinner,,3.49,disneyland/jolly-holiday-bakery-cafe
2026-09-26,Jolly Holiday Bakery Cafe,Disneyland Park,BooGogi Beef Toasted with Corn Cheese Soup,Sandwiches,Lunch And Dinner,"Marinated Beef, Grilled Onion, Mozzarella, Pickled Radish and Kimchi Aïoli on Sourdough, served with Corn Cheese Soup",15.99,disneyland/jolly-holiday-bakery-cafe
2026-09-26,Jolly Holiday Bakery Cafe,Disneyland Park,Turkey on Ciabatta,Sandwiches,Lunch And Dinner,"Tomato, Lettuce and Honey-Mustard Aïoli served with House-made Chips",11.49,disneyland/jolly-holiday-bakery-cafe
2026-09-26,Jolly Holiday Bakery Cafe,Disneyland Park,Toasted Cheese,Sandwiches,Lunch And Dinner,Melted White Cheddar and Cheddar Cheese on Toasted Sourdough Bread,9.69,disneyland/jolly-holiday-bakery-cafe
2026-09-26,Jolly Holiday Bakery Cafe,Disneyland Park,Garden Grain Salad,Plant-Based,Lunch And Dinner,"Arugula, Roasted Red Pepper, Cucumber, Couscous, Farro, Garbanzo Beans, Tomatoes, Croutons and Red Wine Vinaigrette, served with a Breadstick",11.99,disneyland/jolly-holiday-bakery-cafe
2026-09-26,Jolly Holiday Bakery Cafe,Disneyland Park,Breadstick,Plant-Based,Lunch And Dinner,warm Garlic & Herb Breadstick,1.99,disneyland/jolly-holiday-bakery-cafe
2026-09-26,Jolly Holiday Bakery Cafe,Disneyland Park,Cuties® Mandarin Orange,Sides,Lunch And Dinner,,2.49,disneyland/jolly-holiday-bakery-cafe
2026-09-26,Jolly Holiday Bakery Cafe,Disneyland Park,Side of Soup,Sides,Lunch And Dinner,Tomato Basil Soup served with a fresh Breadstick,7.79,disneyland/jolly-holiday-bakery-cafe
2026-09-26,Jolly Holiday Bakery Cafe,Disneyland Park,Side of Fruit,Sides,Lunch And Dinner,Seasonal Fruit,2.49,disneyland/jolly-holiday-bakery-cafe
2026-09-26,Jolly Holiday Bakery Cafe,Disneyland Park,House-made Chips,Sides,Lunch And Dinner,,3.99,disneyland/jolly-holiday-bakery-cafe
2026-09-26,Jolly Holiday Bakery Cafe,Disneyland Park,Turkey Sandwich,Kids' Disney Check Meal,Lunch And Dinner,"served with Applesauce, Carrots and choice of Small Lowfat Milk or Small DASANI® Water. Meets Disney Nutrition Guidelines for complete Meals without Substitutions",8.49,disneyland/jolly-holiday-bakery-cafe
2026-09-26,Jolly Holiday Bakery Cafe,Disneyland Park,Macaroni and Cheese,Kids' Meal,Lunch And Dinner,"served with Applesauce, Carrots and choice of Small Lowfat Milk or Small DASANI® Water",8.49,disneyland/jolly-holiday-bakery-cafe
2026-09-26,Rancho del Zocalo Restaurante,Disneyland Park,Mexican-style Shrimp Cocktail,Appetizers,Lunch And Dinner,"Poached Shrimp, Tomatoes, Red Onions, Cilantro, Cucumber, Celery and Spicy Cocktail Sauce, served with Crackers",12.99,disneyland/rancho-del-zocalo-restaurante
2026-09-26,Rancho del Zocalo Restaurante,Disneyland Park,Tortilla Chips,Appetizers,Lunch And Dinner,Corn Tortilla Chips tossed with Salt,4.79,disneyland/rancho-del-zocalo-restaurante
2026-09-26,Rancho del Zocalo Restaurante,Disneyland Park,Pozole,Entrées,Lunch And Dinner,"Pork Pozole, Onions, Cabbage, Lime Wedge and Sliced Radishes, served with Corn Tortilla Chips",13.49,disneyland/rancho-del-zocalo-restaurante
2026-09-26,Rancho del Zocalo Restaurante,Disneyland Park,Chicken Tostada Salad,Entrées,Lunch And Dinner,"Chicken with Pico de Gallo, Sour Cream, Rice, Beans, Cotija, Guacamole and Lime Cilantro-Avocado Dressing",15.49,disneyland/rancho-del-zocalo-restaurante
2026-09-26,Rancho del Zocalo Restaurante,Disneyland Park,Cheese Enchilada Plate,Entrées,Lunch And Dinner,"Cheese-filled Corn Tortillas baked in Red Sauce and Cheese, served with Rice and Beans",14.99,disneyland/rancho-del-zocalo-restaurante
2026-09-26,Rancho del Zocalo Restaurante,Disneyland Park,Nachos,Entrées,Lunch And Dinner,"Tortilla Chips, Beans, Guajillo Cheese Sauce, House-made & Tomatillo Salsas, Red Jalapeños, Sour Cream and Guacamole (with Beef Barbacoa (add 5.79) with Chicken or Chile Verde (add 4.79))",14.99,disneyland/rancho-del-zocalo-restaurante
2026-09-26,Rancho del Zocalo Restaurante,Disneyland Park,Duo of Barbacoa Tacos,Entrées,Lunch And Dinner,"Shredded Beef, Corn Tortillas and House-made Salsa, served with Rice, Beans and a Lime Wedge",16.49,disneyland/rancho-del-zocalo-restaurante
2026-09-26,Rancho del Zocalo Restaurante,Disneyland Park,Duo of Chicken Tacos,Entrées,Lunch And Dinner,"Chicken, Corn Tortillas and House-made Salsa, served with Rice, Beans and a Lime Wedge",15.49,disneyland/rancho-del-zocalo-restaurante
2026-09-26,Rancho del Zocalo Restaurante,Disneyland Park,Burrito Sonora with Barbacoa,Entrées,Lunch And Dinner,"Flour Tortilla filled with Shredded Beef, Rice and Beans, topped with Red Sauce, Sour Cream and Cotija, served with Rice, Beans and a Lime Wedge",16.49,disneyland/rancho-del-zocalo-restaurante
2026-09-26,Rancho del Zocalo Restaurante,Disneyland Park,Burrito Sonora with Chicken,Entrées,Lunch And Dinner,"Flour Tortilla filled with Chicken, Rice and Beans, topped with Red Sauce, Sour Cream and Cotija, served with Rice, Beans and a Lime Wedge",15.49,disneyland/rancho-del-zocalo-restaurante
2026-09-26,Rancho del Zocalo Restaurante,Disneyland Park,Pollo Asado,Entrées,Lunch And Dinner,"served with Rice, Beans, Tomatillo Salsa and Corn Tortillas",19.99,disneyland/rancho-del-zocalo-restaurante
2026-09-26,Rancho del Zocalo Restaurante,Disneyland Park,Duo of Cauliflower Tacos,Plant-Based,Lunch And Dinner,"Cauliflower Al Pastor, Corn Tortillas and House-made Salsa, served with Rice, Beans and a Lime Wedge",15.49,disneyland/rancho-del-zocalo-restaurante
2026-09-26,Rancho del Zocalo Restaurante,Disneyland Park,Pinwheels,Sides,Lunch And Dinner,Fried Wheat Pinwheels served with Lemon Juice and Hot Sauce,6.59,disneyland/rancho-del-zocalo-restaurante
2026-09-26,Rancho del Zocalo Restaurante,Disneyland Park,Side Salsa Verde,Sides,Lunch And Dinner,,1.79,disneyland/rancho-del-zocalo-restaurante
2026-09-26,Rancho del Zocalo Restaurante,Disneyland Park,Side House-made Salsa,Sides,Lunch And Dinner,,1.79,disneyland/rancho-del-zocalo-restaurante
2026-09-26,Rancho del Zocalo Restaurante,Disneyland Park,Guacamole,Sides,Lunch And Dinner,"Avocado, Cilantro and Lime Juice",2.99,disneyland/rancho-del-zocalo-restaurante
2026-09-26,Rancho del Zocalo Restaurante,Disneyland Park,Side of Mexican Rice,Sides,Lunch And Dinner,,2.79,disneyland/rancho-del-zocalo-restaurante
2026-09-26,Rancho del Zocalo Restaurante,Disneyland Park,Side of Refried Beans,Sides,Lunch And Dinner,,2.79,disneyland/rancho-del-zocalo-restaurante
2026-09-26,Rancho del Zocalo Restaurante,Disneyland Park,Side of Corn Tortillas,Sides,Lunch And Dinner,,1.99,disneyland/rancho-del-zocalo-restaurante
2026-09-26,Rancho del Zocalo Restaurante,Disneyland Park,Side of Avocado Salsa Verde,Sides,Lunch And Dinner,,2.49,disneyland/rancho-del-zocalo-restaurante
2026-09-26,Rancho del Zocalo Restaurante,Disneyland Park,Side of Sour Cream,Sides,Lunch And Dinner,,1.79,disneyland/rancho-del-zocalo-restaurante
2026-09-26,Rancho del Zocalo Restaurante,Disneyland Park,Side of Tomatillo Sauce,Sides,Lunch And Dinner,,1.19,disneyland/rancho-del-zocalo-restaurante
2026-09-26,Rancho del Zocalo Restaurante,Disneyland Park,Side of Salsa Fresca,Sides,Lunch And Dinner,,1.79,disneyland/rancho-del-zocalo-restaurante
2026-09-26,Rancho del Zocalo Restaurante,Disneyland Park,Bean and Cheese Burrito,Kids' Disney Check Meals,Lunch And Dinner,"with a Cuties® Mandarin Orange, Applesauce and choice of small DASANI® Water or small Lowfat Milk. Meets Disney Nutrition Guidelines for Complete Meals without substitutions.",8.99,disneyland/rancho-del-zocalo-restaurante
2026-09-26,Rancho del Zocalo Restaurante,Disneyland Park,Cheese Quesadilla,Kids' Disney Check Meals,Lunch And Dinner,"Whole Wheat Tortilla filled with Jack and Cheddar, served with a Cuties® Mandarin Orange, Applesauce and choice of small DASANI® Water or small Lowfat Milk. Meets Disney Nutrition Guidelines for Complete Meals without substitutions",8.99,disneyland/rancho-del-zocalo-restaurante
2026-09-26,Rancho del Zocalo Restaurante,Disneyland Park,Beef Taquitos,Kids' Meals,Lunch And Dinner,"Two Taquitos filled with Shredded Beef, served with a Cuties® Mandarin Orange, Applesauce and choice of small DASANI® Water or small Lowfat Milk.",8.99,disneyland/rancho-del-zocalo-restaurante
2026-09-26,Rancho del Zocalo Restaurante,Disneyland Park,Fresas Con Crema,Dessert,Lunch And Dinner,Strawberries with Sweet Cream,7.99,disneyland/rancho-del-zocalo-restaurante
2026-09-26,Rancho del Zocalo Restaurante,Disneyland Park,Cinnamon Crisps,Dessert,Lunch And Dinner,Fried Flour Tortilla Strips dusted with Cinnamon Sugar,4.79,disneyland/rancho-del-zocalo-restaurante
2026-09-26,Rancho del Zocalo Restaurante,Disneyland Park,Iced Chocolate Café,Beverages,Lunch And Dinner,"A blend of Hot Chocolate, Espresso, Cream and Coconut, served over Ice",8.49,disneyland/rancho-del-zocalo-restaurante
2026-09-26,Rancho del Zocalo Restaurante,Disneyland Park,Jamaica Slushy,Beverages,Lunch And Dinner,,8.49,disneyland/rancho-del-zocalo-restaurante
2026-09-26,Rancho del Zocalo Restaurante,Disneyland Park,Horchata Slushy,Beverages,Lunch And Dinner,,8.49,disneyland/rancho-del-zocalo-restaurante
2026-09-26,Rancho del Zocalo Restaurante,Disneyland Park,Assorted Fountain Beverages - Regular,Beverages,Lunch And Dinner,assorted Coca-Cola® offerings,4.99,disneyland/rancho-del-zocalo-restaurante
2026-09-26,Rancho del Zocalo Restaurante,Disneyland Park,DASANI® Bottled Water,Beverages,Lunch And Dinner,,4.79,disneyland/rancho-del-zocalo-restaurante
2026-09-26,Rancho del Zocalo Restaurante,Disneyland Park,smartwater®,Beverages,Lunch And Dinner,,4.89,disneyland/rancho-del-zocalo-restaurante
2026-09-26,Rancho del Zocalo Restaurante,Disneyland Park,Minute Maid® Apple Juice,Beverages,Lunch And Dinner,,3.49,disneyland/rancho-del-zocalo-restaurante
2026-09-26,Rancho del Zocalo Restaurante,Disneyland Park,Minute Maid® Fruit Punch,Beverages,Lunch And Dinner,,3.49,disneyland/rancho-del-zocalo-restaurante
2026-09-26,Rancho del Zocalo Restaurante,Disneyland Park,Chocolate Milk,Beverages,Lunch And Dinner,,4.99,disneyland/rancho-del-zocalo-restaurante
2026-09-26,Rancho del Zocalo Restaurante,Disneyland Park,Lowfat Milk,Beverages,Lunch And Dinner,,3.49,disneyland/rancho-del-zocalo-restaurante
2026-09-26,Rancho del Zocalo Restaurante,Disneyland Park,Coffee - Regular,Beverages,Lunch And Dinner,,5.49,disneyland/rancho-del-zocalo-restaurante
2026-09-26,Rancho del Zocalo Restaurante,Disneyland Park,Coffee - Decaf,Beverages,Lunch And Dinner,,5.49,disneyland/rancho-del-zocalo-restaurante
2026-09-26,Rancho del Zocalo Restaurante,Disneyland Park,Hot Tea,Beverages,Lunch And Dinner,,5.49,disneyland/rancho-del-zocalo-restaurante
2026-09-26,River Belle Terrace,Disneyland Park,"Creamy Dill, Pickle & Onion Dip",Appetizers,Lunch; Dinner,with House-fried Sea Salt Potato Chips,11.00,disneyland/river-belle-terrace
2026-09-26,River Belle Terrace,Disneyland Park,Fried Cheese Curds & Peppers,Appetizers,Lunch; Dinner,served with Marinara Sauce,11.00,disneyland/river-belle-terrace
2026-09-26,River Belle Terrace,Disneyland Park,House-Made Cornbread,Appetizers,Lunch; Dinner,with Honey Whipped Butter and Seasonal Jam,13.00,disneyland/river-belle-terrace
2026-09-26,River Belle Terrace,Disneyland Park,Pot Roast,Entrées,Lunch; Dinner,"Creamy Mashed Potatoes, Seasonal Vegetables and Red Wine Reduction",30.00,disneyland/river-belle-terrace
2026-09-26,River Belle Terrace,Disneyland Park,Fried Chicken Plate,Entrées,Lunch; Dinner,"served with Mashed Potatoes, Garden Farm Vegetables and Creamy Pork Demi-glace",26.00,disneyland/river-belle-terrace
2026-09-26,River Belle Terrace,Disneyland Park,Shrimp Lemon Caper Pasta,Entrées,Lunch; Dinner,"Spinach, Tomatoes, Chives and Fried Capers",27.00,disneyland/river-belle-terrace
2026-09-26,River Belle Terrace,Disneyland Park,Wedge Salad,Entrées,Lunch; Dinner,"Thick-cut Bacon, Soft-boiled Egg and Heirloom Tomatoes with a Crouton and Creamy Blue Cheese or Buttermilk Ranch Dressing",18.00,disneyland/river-belle-terrace
2026-09-26,River Belle Terrace,Disneyland Park,Seasonal Vegetables with Chickpea Spread,Plant-Based,Lunch; Dinner,"Peppers, Olives and Cucumbers, with Herbs and Feta",11.00,disneyland/river-belle-terrace
2026-09-26,River Belle Terrace,Disneyland Park,Impossible™ Meatloaf,Plant-Based,Lunch; Dinner,"served with Roasted Potatoes, Garden Farm Vegetables, Tomato Glaze and Fried Shallots",24.00,disneyland/river-belle-terrace
2026-09-26,River Belle Terrace,Disneyland Park,Créme Brûlée,Plant-Based,Lunch; Dinner,Soft Cream and Harvested Fruit,10.00,disneyland/river-belle-terrace
2026-09-26,River Belle Terrace,Disneyland Park,Pumpkin Crunch Cake,Desserts,Lunch; Dinner,Pumpkin Filling topped with Spiced Chantilly Cream and a House-made Graham Cracker,12.00,disneyland/river-belle-terrace
2026-09-26,River Belle Terrace,Disneyland Park,Shrimp,Kids' Create-Your-Own Entrées (choose one),Lunch; Dinner,served with choice of two (2) Selections and choice of small DASANI® Water or small Lowfat Milk. Meets Disney Nutritional Guidelines for Complete Meals without substitutions.,12.00,disneyland/river-belle-terrace
2026-09-26,River Belle Terrace,Disneyland Park,Impossible™ Meatloaf,Kids' Create-Your-Own Entrées (choose one),Lunch; Dinner,served with choice of two (2) Selections and choice of small DASANI® Water or small Lowfat Milk,12.00,disneyland/river-belle-terrace
2026-09-26,River Belle Terrace,Disneyland Park,Mac & Cheese,Kids' Create-Your-Own Entrées (choose one),Lunch; Dinner,served with choice of two (2) Selections and choice of Small Lowfat Milk or Small DASANI® Water,12.00,disneyland/river-belle-terrace
2026-09-26,River Belle Terrace,Disneyland Park,Chicken Tenders,Kids' Create-Your-Own Entrées (choose one),Lunch; Dinner,served with choice of two (2) Selections and choice of small DASANI® Water or small Lowfat Milk,12.00,disneyland/river-belle-terrace
2026-09-26,River Belle Terrace,Disneyland Park,"Nielson, Chardonnay, Santa Barbara",Featured Wines by the Glass,Lunch; Dinner,,14.00,disneyland/river-belle-terrace
2026-09-26,River Belle Terrace,Disneyland Park,"Meiomi, Pinot Noir, California",Featured Wines by the Glass,Lunch; Dinner,,18.00,disneyland/river-belle-terrace
2026-09-26,River Belle Terrace,Disneyland Park,Cajun Lemonade Cocktail,Signature Cocktails,Lunch; Dinner,"Savory, Sweet and Spicy Vodka Lemonade",18.00,disneyland/river-belle-terrace
2026-09-26,River Belle Terrace,Disneyland Park,Wildberry Mule,Signature Cocktails,Lunch; Dinner,"Tito’s Handmade Vodka, Blackberry Purée, Lime and Ginger Syrup and Blackberries",21.00,disneyland/river-belle-terrace
2026-09-26,River Belle Terrace,Disneyland Park,Peach Tea Cocktail,Signature Cocktails,Lunch; Dinner,Twisted Tea and Peach Purée,17.00,disneyland/river-belle-terrace
2026-09-26,River Belle Terrace,Disneyland Park,VMC Paloma,Signature Cocktails,Lunch; Dinner,,17.00,disneyland/river-belle-terrace
2026-09-26,River Belle Terrace,Disneyland Park,Modelo Especial Mexican Lager,Beer,Lunch; Dinner,"Mexico (4.4% ABV, 12 IBU)",12.75,disneyland/river-belle-terrace
2026-09-26,River Belle Terrace,Disneyland Park,Assorted Fountain Beverages,Beverages,Lunch; Dinner,"Coca-Cola®, Diet Coke®, Sprite®, Powerade®, Mr. Pibb® or Minute Maid® Zero Sugar Lemonade",5.25,disneyland/river-belle-terrace
2026-09-26,River Belle Terrace,Disneyland Park,Freshly Brewed Joffrey’s Coffee™,Beverages,Lunch; Dinner,Regular,5.50,disneyland/river-belle-terrace
2026-09-26,River Belle Terrace,Disneyland Park,Assorted Twinings of London® Teas,Beverages,Lunch; Dinner,,5.50,disneyland/river-belle-terrace
2026-09-26,Docking Bay 7 Food and Cargo,Disneyland Park,Bounty Bun with Spiced Beef and Pork,Entrées,Lunch And Dinner,"with Tomato Chutney, Golden Aïoli, Sautéed Blue Onions",15.99,disneyland/docking-bay-7-food-and-cargo
2026-09-26,Docking Bay 7 Food and Cargo,Disneyland Park,Adelphi Cheesy Noodles with Fried Chicken Tip-Yip,Entrées,Lunch And Dinner,"with Pancetta, Toasted Herb Breadcrumbs, Sweet and Spicy Chili Sauce",18.99,disneyland/docking-bay-7-food-and-cargo
2026-09-26,Docking Bay 7 Food and Cargo,Disneyland Park,Surabat Valley Greens Chicken Salad,Entrées,Lunch And Dinner,"with Roasted Herb Marinated Chicken, Quinoa-Veggie Mix, Mini Peppers, Olives, Cilantro Dressing",14.79,disneyland/docking-bay-7-food-and-cargo
2026-09-26,Docking Bay 7 Food and Cargo,Disneyland Park,Fried Chicken Baos,Entrées,Lunch And Dinner,"Two Crispy Chicken Baos, Sweet Chili Sauce, Scallion Salad, Cucumber Coins",14.99,disneyland/docking-bay-7-food-and-cargo
2026-09-26,Docking Bay 7 Food and Cargo,Disneyland Park,Surabat Valley Greens Salad,Plant-Based,Lunch And Dinner,"with Quinoa-Veggie Mix, Mini Peppers, Olives, Cilantro Dressing",11.99,disneyland/docking-bay-7-food-and-cargo
2026-09-26,Docking Bay 7 Food and Cargo,Disneyland Park,Grogu Cookies,Dessert,Lunch And Dinner,White Chocolate Dipped Macaron Cookies filled with Pineapple Cream,8.49,disneyland/docking-bay-7-food-and-cargo
2026-09-26,Docking Bay 7 Food and Cargo,Disneyland Park,Youngling Garden Patty Bun,Kids' Disney Check Meals,Lunch And Dinner,"Bao Bun, Impossible™ Patty, Broccolini, House Sauce, Cuties® Mandarin Orange served with choice of small Lowfat Milk or small DASANI® Water. Meets Disney Nutrition Guidelines for Complete Meals without substitutions.",10.99,disneyland/docking-bay-7-food-and-cargo
2026-09-26,Docking Bay 7 Food and Cargo,Disneyland Park,Youngling Cheesy Noodles with Fried Chicken Tip-Yip,Kids' Meals,Lunch And Dinner,served with choice of small Lowfat Milk or small DASANI® Water,10.99,disneyland/docking-bay-7-food-and-cargo
2026-09-26,Docking Bay 7 Food and Cargo,Disneyland Park,Meiloorun Juice,Specialty Beverages,Lunch And Dinner,"Pineapple Juice, Minute Maid® Lemonade, Pineapple, Blueberry, Cranberry & Lemon Juices, Desert Pear",7.99,disneyland/docking-bay-7-food-and-cargo
2026-09-26,Docking Bay 7 Food and Cargo,Disneyland Park,Moof Juice,Specialty Beverages,Lunch And Dinner,"Simply Fruit Punch®, Simply Orange® with Pineapple, Chipotle-Pineapple",7.99,disneyland/docking-bay-7-food-and-cargo
2026-09-26,Docking Bay 7 Food and Cargo,Disneyland Park,Cold Brew Black Caf,Specialty Beverages,Lunch And Dinner,topped with Sweet Cream Cheese and Chocolate Puffs,8.49,disneyland/docking-bay-7-food-and-cargo
2026-09-26,Docking Bay 7 Food and Cargo,Disneyland Park,Assorted Fountain Beverages - Regular,Beverages,Lunch And Dinner,assorted Coca-Cola® offerings,4.99,disneyland/docking-bay-7-food-and-cargo
2026-09-26,Docking Bay 7 Food and Cargo,Disneyland Park,Assorted Fountain Beverages - Large,Beverages,Lunch And Dinner,assorted Coca-Cola® offerings,5.69,disneyland/docking-bay-7-food-and-cargo
2026-09-26,Docking Bay 7 Food and Cargo,Disneyland Park,DASANI® Bottled Water,Beverages,Lunch And Dinner,,4.79,disneyland/docking-bay-7-food-and-cargo
2026-09-26,Docking Bay 7 Food and Cargo,Disneyland Park,Minute Maid® Apple Juice,Beverages,Lunch And Dinner,,3.49,disneyland/docking-bay-7-food-and-cargo
2026-09-26,Docking Bay 7 Food and Cargo,Disneyland Park,Chocolate Milk – Small,Beverages,Lunch And Dinner,,3.49,disneyland/docking-bay-7-food-and-cargo
2026-09-26,Docking Bay 7 Food and Cargo,Disneyland Park,Lowfat Milk,Beverages,Lunch And Dinner,,3.49,disneyland/docking-bay-7-food-and-cargo
2026-09-26,Alien Pizza Planet,Disneyland Park,Coco Lantern Sipper,Seasonal Offerings,Lunch And Dinner,"includes choice of Fountain Beverage at time of purchase. Limit two (2) per person, per transaction. No discounts apply.",30.99,disneyland/alien-pizza-planet
2026-09-26,Alien Pizza Planet,Disneyland Park,Halloween Travel Tumbler,Seasonal Offerings,Lunch And Dinner,"includes choice of Fountain Beverage at time of purchase. Limit ten (10) per person, per transaction. No discounts apply.",14.99,disneyland/alien-pizza-planet
2026-09-26,Alien Pizza Planet,Disneyland Park,Magic Key Ursula Straw Clip,Seasonal Offerings,Lunch And Dinner,"with purchase of beverage at time of purchase. Limit one (1) per person, per Magic Key Pass, per transaction. No discounts apply.",9.49,disneyland/alien-pizza-planet
2026-09-26,Alien Pizza Planet,Disneyland Park,Vampire Mickey Mouse Bucket,Seasonal Offerings,Lunch And Dinner,"includes Bread Sticks at time of purchase. Limit two (2) per person, per transaction. No discounts apply.",33.99,disneyland/alien-pizza-planet
2026-09-26,Alien Pizza Planet,Disneyland Park,Pain and Panic Straw Clip,Seasonal Offerings,Lunch And Dinner,"with purchase of beverage at time of purchase. Limit two (2) per person, per transaction. No discounts apply.",8.49,disneyland/alien-pizza-planet
2026-09-26,Alien Pizza Planet,Disneyland Park,Little Green Men Jetpack Sipper,Seasonal Offerings,Lunch And Dinner,"includes choice of Fountain Beverage at time of purchase. Limit two (2) per person, per transaction. No discounts apply.",29.79,disneyland/alien-pizza-planet
2026-09-26,Alien Pizza Planet,Disneyland Park,Artisanal Style Cheese Pizza with Magic Key Thermal Tumbler,Magic Key Holder Offering,Lunch And Dinner,"San Marzano Tomato Sauce topped with Mozzarella Cheese, served with a Magic Key Thermal Tumbler with choice of Fountain Beverage",26.99,disneyland/alien-pizza-planet
2026-09-26,Alien Pizza Planet,Disneyland Park,Spaghetti & Meatballs,Pasta,Lunch And Dinner,"Spaghetti tossed in Marinara Sauce, topped with Meatballs and Parmesan",14.79,disneyland/alien-pizza-planet
2026-09-26,Alien Pizza Planet,Disneyland Park,Count Down Chicken Fusilli,Pasta,Lunch And Dinner,"Fusilli Pasta topped with Seasoned Grilled Chicken, a Parmesan-Pesto Cream Sauce with Sun-dried Tomatoes and Shaved Parmesan Cheese",14.79,disneyland/alien-pizza-planet
2026-09-26,Alien Pizza Planet,Disneyland Park,Count Down Shrimp Fusilli,Pasta,Lunch And Dinner,"Fusilli Pasta topped with Garlic Shrimp, a Parmesan-Pesto Cream Sauce with Sun-dried Tomatoes and Shaved Parmesan Cheese",15.79,disneyland/alien-pizza-planet
2026-09-26,Alien Pizza Planet,Disneyland Park,Whole Pepperoni Pizza Family Combo,Pizza,Lunch And Dinner,"Whole 16-inch Pepperoni Pizza served Family-style with Four Breadsticks, Two Side Salads and Four Fountain Beverages",88.49,disneyland/alien-pizza-planet
2026-09-26,Alien Pizza Planet,Disneyland Park,Whole Cheese Pizza Family Combo,Pizza,Lunch And Dinner,"Whole 16-inch Cheese Pizza served Family-style with Four Breadsticks, Two Side Salads and Four Fountain Beverages",86.99,disneyland/alien-pizza-planet
2026-09-26,Alien Pizza Planet,Disneyland Park,Mega Pepperoni - Slice,Pizza,Lunch And Dinner,Celestial Tomato Sauce topped with Mozzarella Cheese and extra large slices of Pepperoni,9.99,disneyland/alien-pizza-planet
2026-09-26,Alien Pizza Planet,Disneyland Park,Mozz-114 Cheese Pizza - Slice,Pizza,Lunch And Dinner,Celestial Tomato Sauce with a generous topping of Mozzarella Cheese,9.49,disneyland/alien-pizza-planet
2026-09-26,Alien Pizza Planet,Disneyland Park,Spaghetti with Marinara,Plant-Based,Lunch And Dinner,"Spaghetti tossed in Marinara Sauce, topped with Parmesan",12.99,disneyland/alien-pizza-planet
2026-09-26,Alien Pizza Planet,Disneyland Park,Centurion Chicken Caesar Salad,Salads,Lunch And Dinner,"Grilled Chicken Breast atop crisp Romaine Lettuce tossed in Caesar Dressing, with Croutons and Parmesan Cheese",14.79,disneyland/alien-pizza-planet
2026-09-26,Alien Pizza Planet,Disneyland Park,Satellite Salad,Sides,Lunch And Dinner,"Mixed Greens, Tomatoes, Carrots served with choice of Dressing",5.79,disneyland/alien-pizza-planet
2026-09-26,Alien Pizza Planet,Disneyland Park,Garlon Bread,Sides,Lunch And Dinner,served warm with zesty Dipping Sauce,5.79,disneyland/alien-pizza-planet
2026-09-26,Alien Pizza Planet,Disneyland Park,DORITOS® Nacho Cheese Flavored Tortilla Chips,Sides,Lunch And Dinner,,4.29,disneyland/alien-pizza-planet
2026-09-26,Alien Pizza Planet,Disneyland Park,CHEETOS® Crunchy FLAMIN’ HOT® Cheese Flavored Snacks,Sides,Lunch And Dinner,,4.29,disneyland/alien-pizza-planet
2026-09-26,Alien Pizza Planet,Disneyland Park,Macaroni and Cheese,Kids' Disney Check Meals,Lunch And Dinner,"served with Carrots, a Cuties® Mandarin Orange and choice of small DASANI® Water or small Lowfat Milk",8.49,disneyland/alien-pizza-planet
2026-09-26,Alien Pizza Planet,Disneyland Park,Space-getti with Meatballs,Kids' Disney Check Meals,Lunch And Dinner,"served with Carrots, a Cuties® Mandarin, and choice of Small Lowfat Milk or Small DASANI® Water. Meets Disney Nutrition Guidelines for Complete Meals without substitutions",8.99,disneyland/alien-pizza-planet
2026-09-26,Alien Pizza Planet,Disneyland Park,Moonliner Macaron,Dessert,Lunch And Dinner,"Rocket-shaped Macaron Shell filled with Salted Caramel Buttercream, Ganache and Brownie Pieces, topped with a Chocolate Decoration",9.49,disneyland/alien-pizza-planet
2026-09-26,Alien Pizza Planet,Disneyland Park,Chocolate Chip Cookie,Dessert,Lunch And Dinner,,5.99,disneyland/alien-pizza-planet
2026-09-26,Alien Pizza Planet,Disneyland Park,Assorted Fountain Beverages - Regular,Lunar Liquids,Lunch And Dinner,Assorted Coca-Cola® offerings available at our beverage station,4.99,disneyland/alien-pizza-planet
2026-09-26,Alien Pizza Planet,Disneyland Park,Assorted Fountain Beverages - Large,Lunar Liquids,Lunch And Dinner,Assorted Coca-Cola® offerings available at our beverage station,5.69,disneyland/alien-pizza-planet
2026-09-26,Alien Pizza Planet,Disneyland Park,DASANI® Bottled Water,Lunar Liquids,Lunch And Dinner,,4.79,disneyland/alien-pizza-planet
2026-09-26,Alien Pizza Planet,Disneyland Park,Minute Maid® Apple Juice,Lunar Liquids,Lunch And Dinner,,3.49,disneyland/alien-pizza-planet
2026-09-26,Alien Pizza Planet,Disneyland Park,Minute Maid® Fruit Punch,Lunar Liquids,Lunch And Dinner,,3.49,disneyland/alien-pizza-planet
2026-09-26,Alien Pizza Planet,Disneyland Park,Lowfat Milk,Lunar Liquids,Lunch And Dinner,,3.49,disneyland/alien-pizza-planet
2026-09-26,Alien Pizza Planet,Disneyland Park,Hot Cocoa,Lunar Liquids,Lunch And Dinner,,5.49,disneyland/alien-pizza-planet
2026-09-26,Alien Pizza Planet,Disneyland Park,Coffee - Regular,Lunar Liquids,Lunch And Dinner,,5.49,disneyland/alien-pizza-planet
2026-09-26,Alien Pizza Planet,Disneyland Park,Coffee - Decaffeinated,Lunar Liquids,Lunch And Dinner,,5.49,disneyland/alien-pizza-planet
2026-09-26,Alien Pizza Planet,Disneyland Park,Hot Tea,Lunar Liquids,Lunch And Dinner,,5.49,disneyland/alien-pizza-planet
2026-09-26,The Golden Horseshoe,Disneyland Park,Chili-Cheese Fries,Seasonal Offerings ,Lunch And Dinner,"Fries topped with Hearty Chili, Beef, Shredded Cheese, Sour Cream and Green Onions",13.99,disneyland/golden-horseshoe-restaurant
2026-09-26,The Golden Horseshoe,Disneyland Park,Apple Pie Sundae,Seasonal Offerings ,Lunch And Dinner,"Slice of Apple Pie topped with Vanilla Ice Cream, Salted Caramel, Cinnamon Streusel, Whipped Cream and a Cherry",11.79,disneyland/golden-horseshoe-restaurant
2026-09-26,The Golden Horseshoe,Disneyland Park,Strawberry Soda,Seasonal Offerings ,Lunch And Dinner,Sprite® with Strawberry Purée,6.99,disneyland/golden-horseshoe-restaurant
2026-09-26,The Golden Horseshoe,Disneyland Park,Tim Burton's The Nightmare Before Christmas Jack Skellington Gravestone Bucket & Mayor Sipper Combo,Seasonal Offerings ,Lunch And Dinner,"includes Fries and choice of Fountain Beverage at time of purchase. Limit ten (10) per person, per transaction. No discounts apply.",44.49,disneyland/golden-horseshoe-restaurant
2026-09-26,The Golden Horseshoe,Disneyland Park,Mini Corn Dogs with Fries,The Main Show,Lunch And Dinner,,10.99,disneyland/golden-horseshoe-restaurant
2026-09-26,The Golden Horseshoe,Disneyland Park,Beer-battered Fish & Chips,The Main Show,Lunch And Dinner,Hand-battered Fish and Fries with House-made Tartar Sauce,14.99,disneyland/golden-horseshoe-restaurant
2026-09-26,The Golden Horseshoe,Disneyland Park,Side of Fries,The Main Show,Lunch And Dinner,,4.79,disneyland/golden-horseshoe-restaurant
2026-09-26,The Golden Horseshoe,Disneyland Park,Chicken Tenders,The Main Show,Lunch And Dinner,with Cuties® Mandarin Orange or Fries and your choice of Dipping Sauce,13.99,disneyland/golden-horseshoe-restaurant
2026-09-26,The Golden Horseshoe,Disneyland Park,Sweet Chili Sauce,Side,Lunch And Dinner,,1.39,disneyland/golden-horseshoe-restaurant
2026-09-26,The Golden Horseshoe,Disneyland Park,Add Tartar Sauce,Side,Lunch And Dinner,,1.39,disneyland/golden-horseshoe-restaurant
2026-09-26,The Golden Horseshoe,Disneyland Park,POWER Pack,Kids' Disney Check Meals,Lunch And Dinner,"A Cuties® Mandarin Orange, Applesauce, Carrots and Whole Grain ""Fish"" Crackers with choice of small DASANI® Water or small Lowfat Milk",6.99,disneyland/golden-horseshoe-restaurant
2026-09-26,The Golden Horseshoe,Disneyland Park,Chicken Tenders,Kids' Meals,Lunch And Dinner,"with a Cuties® Mandarin Orange and Applesauce, with choice of Small Lowfat Milk or Small DASANI® Water",8.99,disneyland/golden-horseshoe-restaurant
2026-09-26,The Golden Horseshoe,Disneyland Park,Cookie Butter Churro Sundae,The Grand Finale,Lunch And Dinner,"Cookie Dough Ice Cream with Cookie Butter Sauce, garnished with a Cinnamon Sugar Churro and Whipped Topping",12.29,disneyland/golden-horseshoe-restaurant
2026-09-26,The Golden Horseshoe,Disneyland Park,Golden Horseshoe Ice Cream Float,The Grand Finale,Lunch And Dinner,"Coca-Cola®, Coca-Cola® Cherry or Barq's® Root Beer",8.69,disneyland/golden-horseshoe-restaurant
2026-09-26,The Golden Horseshoe,Disneyland Park,Roy Rogers,Beverages,Lunch And Dinner,Coca-Cola® with Grenadine Syrup and Maraschino Cherries,6.99,disneyland/golden-horseshoe-restaurant
2026-09-26,The Golden Horseshoe,Disneyland Park,Shirley Temple,Beverages,Lunch And Dinner,Sprite® with Grenadine Syrup and Maraschino Cherries,6.99,disneyland/golden-horseshoe-restaurant
2026-09-26,The Golden Horseshoe,Disneyland Park,Assorted Fountain Beverages - Regular,Beverages,Lunch And Dinner,assorted Coca-Cola® offerings,4.99,disneyland/golden-horseshoe-restaurant
2026-09-26,The Golden Horseshoe,Disneyland Park,Assorted Fountain Beverages - Large,Beverages,Lunch And Dinner,assorted Coca-Cola® offerings,5.69,disneyland/golden-horseshoe-restaurant
2026-09-26,The Golden Horseshoe,Disneyland Park,Coffee,Beverages,Lunch And Dinner,,5.49,disneyland/golden-horseshoe-restaurant
2026-09-26,The Golden Horseshoe,Disneyland Park,Hot Tea,Beverages,Lunch And Dinner,,5.49,disneyland/golden-horseshoe-restaurant
2026-09-26,The Golden Horseshoe,Disneyland Park,DASANI® Bottled Water,Beverages,Lunch And Dinner,,4.79,disneyland/golden-horseshoe-restaurant
2026-09-26,Stage Door Café,Disneyland Park,Hades Glow Cube,Seasonal Offerings,Lunch And Dinner,"Includes choice of Fountain Beverage at time of purchase. Limit Two (2) per person, per transaction. No discounts apply.",11.69,disneyland/stage-door-cafe
2026-09-26,Stage Door Café,Disneyland Park,Oogie Boogie Moon Glow Cube,Seasonal Offerings,Lunch And Dinner,"Includes choice of Fountain Beverage at time of purchase. Limit Two (2) per person, per transaction. No discounts apply.",11.69,disneyland/stage-door-cafe
2026-09-26,Stage Door Café,Disneyland Park,Tim Burton's The Nightmare Before Christmas Mayor Sipper,Seasonal Offerings,Lunch And Dinner,"includes choice of Fountain Beverage at time of purchase. Limit ten (10) per person, per transaction. No discounts apply.",17.79,disneyland/stage-door-cafe
2026-09-26,Stage Door Café,Disneyland Park,Tim Burton's The Nightmare Before Christmas Jack Skellington Gravestone Bucket,Seasonal Offerings,Lunch And Dinner,"Includes Fries at time of purchase. Limit ten (10) per person, per transaction. No discounts apply.",29.59,disneyland/stage-door-cafe
2026-09-26,Stage Door Café,Disneyland Park,Magic Key Ursula Straw Clip,Seasonal Offerings,Lunch And Dinner,"with purchase of beverage at time of purchase. Limit one (1) per person, per Magic Key Pass, per transaction. No discounts apply.",9.49,disneyland/stage-door-cafe
2026-09-26,Stage Door Café,Disneyland Park,Halloween Travel Tumbler,Seasonal Offerings,Lunch And Dinner,"includes choice of Fountain Beverage at time of purchase. Limit ten (10) per person, per transaction. No discounts apply.",14.99,disneyland/stage-door-cafe
2026-09-26,Stage Door Café,Disneyland Park,Pain and Panic Straw Clip,Seasonal Offerings,Lunch And Dinner,"with purchase of beverage at time of purchase. Limit two (2) per person, per transaction. No discounts apply.",8.49,disneyland/stage-door-cafe
2026-09-26,Stage Door Café,Disneyland Park,Tim Burton's The Nightmare Before Christmas Jack Skellington Gravestone Bucket & Mayor Sipper Combo,Seasonal Offerings,Lunch And Dinner,"includes Fries and choice of Fountain Beverage at time of purchase. Limit ten (10) per person, per transaction. No discounts apply.",44.49,disneyland/stage-door-cafe
2026-09-26,Stage Door Café,Disneyland Park,Magic Key Sampler Box,Magic Key Holder Offering,Lunch And Dinner,"Two Servings of Tenders with Choice of Sauce, Mini Corn Dogs and Fries",17.99,disneyland/stage-door-cafe
2026-09-26,Stage Door Café,Disneyland Park,Magic Key Mirrored Mickey-Shaped Sipper,Magic Key Holder Offering,Lunch And Dinner,"includes choice of Fountain Beverage at time of purchase. Limit one (1) per person, per transaction. No discounts apply.",19.99,disneyland/stage-door-cafe
2026-09-26,Stage Door Café,Disneyland Park,Chili-Cheese Fries,Entrées,Lunch And Dinner,"Fries topped with Hearty Chili, Beef, Shredded Cheese, Sour Cream and Green Onions",13.99,disneyland/stage-door-cafe
2026-09-26,Stage Door Café,Disneyland Park,Beer-battered Fish and Chips,Entrées,Lunch And Dinner,Hand-battered Fish served with Fries and House-made Tartar Sauce,14.99,disneyland/stage-door-cafe
2026-09-26,Stage Door Café,Disneyland Park,Mini Corn Dogs with Fries,Entrées,Lunch And Dinner,,10.99,disneyland/stage-door-cafe
2026-09-26,Stage Door Café,Disneyland Park,Tossed Tenders,Entrées,Lunch And Dinner,"Chicken Tenders tossed with choice of Hot Honey Sauce or Mango-Habanero Sauce, served with Cuties® Mandarin Orange or Fries",14.99,disneyland/stage-door-cafe
2026-09-26,Stage Door Café,Disneyland Park,Chicken Tenders,Entrées,Lunch And Dinner,with Cuties® Mandarin Orange or Fries and your choice of Dipping Sauce,13.99,disneyland/stage-door-cafe
2026-09-26,Stage Door Café,Disneyland Park,Side Cuties® Mandarin,All-Day Sides,Lunch And Dinner,,2.49,disneyland/stage-door-cafe
2026-09-26,Stage Door Café,Disneyland Park,Applesauce,All-Day Sides,Lunch And Dinner,,2.39,disneyland/stage-door-cafe
2026-09-26,Stage Door Café,Disneyland Park,Sweet Chili Sauce,All-Day Sides,Lunch And Dinner,,1.39,disneyland/stage-door-cafe
2026-09-26,Stage Door Café,Disneyland Park,French Fries,Sides,Lunch And Dinner,,4.79,disneyland/stage-door-cafe
2026-09-26,Stage Door Café,Disneyland Park,Add Tartar Sauce,Sides,Lunch And Dinner,,1.39,disneyland/stage-door-cafe
2026-09-26,Stage Door Café,Disneyland Park,Churro Funnel Cake,For Yer Sweet Tooth,Lunch And Dinner,Funnel Cake tossed in Cinnamon Sugar with Caramel Sauce,9.99,disneyland/stage-door-cafe
2026-09-26,Stage Door Café,Disneyland Park,Classic Funnel Cake,For Yer Sweet Tooth,Lunch And Dinner,with Powdered Sugar and Whipped Cream,9.49,disneyland/stage-door-cafe
2026-09-26,Stage Door Café,Disneyland Park,Strawberry Funnel Cake,For Yer Sweet Tooth,Lunch And Dinner,"with Strawberry Sauce, Powdered Sugar and Whipped Cream",10.49,disneyland/stage-door-cafe
2026-09-26,Stage Door Café,Disneyland Park,Strawberry Soda,Wet Yer Whistle,Lunch And Dinner,Sprite® with Strawberry Purée,6.99,disneyland/stage-door-cafe
2026-09-26,Stage Door Café,Disneyland Park,Roy Rogers,Wet Yer Whistle,Lunch And Dinner,Coca-Cola with Grenedine Syrup and Maraschino Cherries,6.99,disneyland/stage-door-cafe
2026-09-26,Stage Door Café,Disneyland Park,Shirley Temple,Wet Yer Whistle,Lunch And Dinner,Sprite with Grenadine Syrup and Maraschino Cherries,6.99,disneyland/stage-door-cafe
2026-09-26,Stage Door Café,Disneyland Park,Assorted Fountain Beverages - Regular,Wet Yer Whistle,Lunch And Dinner,assorted Coca-Cola® offerings,4.99,disneyland/stage-door-cafe
2026-09-26,Stage Door Café,Disneyland Park,Assorted Fountain Beverages - Large,Wet Yer Whistle,Lunch And Dinner,assorted Coca-Cola® offerings,5.69,disneyland/stage-door-cafe
2026-09-26,Stage Door Café,Disneyland Park,DASANI® Bottled Water,Wet Yer Whistle,Lunch And Dinner,,4.79,disneyland/stage-door-cafe
2026-09-26,Stage Door Café,Disneyland Park,Chocolate Milk,Wet Yer Whistle,Lunch And Dinner,,4.99,disneyland/stage-door-cafe
2026-09-26,Stage Door Café,Disneyland Park,Minute Maid® Apple Juice,Wet Yer Whistle,Lunch And Dinner,,3.49,disneyland/stage-door-cafe
2026-09-26,Stage Door Café,Disneyland Park,Lowfat Milk,Wet Yer Whistle,Lunch And Dinner,,3.49,disneyland/stage-door-cafe
2026-09-26,Stage Door Café,Disneyland Park,Coffee - Regular,Wet Yer Whistle,Lunch And Dinner,,5.49,disneyland/stage-door-cafe
2026-09-26,Stage Door Café,Disneyland Park,Coffee - Decaffeinated,Wet Yer Whistle,Lunch And Dinner,,5.49,disneyland/stage-door-cafe
2026-09-26,Stage Door Café,Disneyland Park,Hot Cocoa,Wet Yer Whistle,Lunch And Dinner,,5.49,disneyland/stage-door-cafe
2026-09-26,Stage Door Café,Disneyland Park,Hot Tea,Wet Yer Whistle,Lunch And Dinner,,5.49,disneyland/stage-door-cafe
2026-09-26,Royal Street Veranda,Disneyland Park,Halloween Travel Tumbler,Seasonal Offerings,Lunch And Dinner,"includes choice of Fountain Beverage at time of purchase. Limit ten (10) per person, per transaction. No discounts apply.",14.99,disneyland/royal-street-veranda
2026-09-26,Royal Street Veranda,Disneyland Park,Magic Key Ursula Straw Clip,Seasonal Offerings,Lunch And Dinner,"with purchase of beverage at time of purchase. Limit one (1) per person, per Magic Key Pass, per transaction. No discounts apply.",9.49,disneyland/royal-street-veranda
2026-09-26,Royal Street Veranda,Disneyland Park,Pain and Panic Straw Clip,Seasonal Offerings,Lunch And Dinner,"with purchase of beverage at time of purchase. Limit two (2) per person, per transaction. No discounts apply.",8.49,disneyland/royal-street-veranda
2026-09-26,Royal Street Veranda,Disneyland Park,New Orleans Mint Julep Float,Seasonal Offerings,Lunch And Dinner,Mango Sorbet topped with Mint Julep,9.79,disneyland/royal-street-veranda
2026-09-26,Royal Street Veranda,Disneyland Park,Cajun Caesar Chicken Po'Boy,Entrée,Lunch And Dinner,"Kale-Romaine Mix tossed with House-made Caesar Dressing, Cajun Chicken and Croutons on a French Roll",12.99,disneyland/royal-street-veranda
2026-09-26,Royal Street Veranda,Disneyland Park,Soup in Sourdough Bread Bowl,Entrée,Lunch And Dinner,served with Choice of Clam Chowder or Broccoli Cheddar,13.99,disneyland/royal-street-veranda
2026-09-26,Royal Street Veranda,Disneyland Park,Monte Cristo Sandwich,Entrée,Lunch And Dinner,"filled with Ham, Turkey and Swiss Cheese, dusted with Powdered Sugar and served with Jam",13.99,disneyland/royal-street-veranda
2026-09-26,Royal Street Veranda,Disneyland Park,Uncrustables Sandwich,Kids' Meal,Lunch And Dinner,"Peanut Butter and Strawberry Jelly Sandwich, served with a Cuties® Mandarin Orange and Applesauce, with choice of small Lowfat Milk or small DASANI® Water",6.99,disneyland/royal-street-veranda
2026-09-26,Royal Street Veranda,Disneyland Park,New Orleans Mint Julep,Beverages,Lunch And Dinner,A Refreshing Mint Drink with a hint of Lime Flavor,7.49,disneyland/royal-street-veranda
2026-09-26,Royal Street Veranda,Disneyland Park,Assorted Fountain Beverages - Regular,Beverages,Lunch And Dinner,assorted Coca-Cola® offerings,4.99,disneyland/royal-street-veranda
2026-09-26,Royal Street Veranda,Disneyland Park,Assorted Fountain Beverages - Large,Beverages,Lunch And Dinner,assorted Coca-Cola® offerings,5.69,disneyland/royal-street-veranda
2026-09-26,Royal Street Veranda,Disneyland Park,DASANI® Bottled Water,Beverages,Lunch And Dinner,,4.79,disneyland/royal-street-veranda
2026-09-26,Royal Street Veranda,Disneyland Park,Minute Maid® Apple Juice,Beverages,Lunch And Dinner,,3.49,disneyland/royal-street-veranda
2026-09-26,Royal Street Veranda,Disneyland Park,Lowfat Milk,Beverages,Lunch And Dinner,,3.49,disneyland/royal-street-veranda
2026-09-26,Royal Street Veranda,Disneyland Park,Hot Cocoa,Beverages,Lunch And Dinner,,5.49,disneyland/royal-street-veranda
2026-09-26,Royal Street Veranda,Disneyland Park,Coffee - Regular,Beverages,Lunch And Dinner,,5.49,disneyland/royal-street-veranda
2026-09-26,Royal Street Veranda,Disneyland Park,Coffee - Decaffeinated,Beverages,Lunch And Dinner,,5.49,disneyland/royal-street-veranda
2026-09-26,Mint Julep Bar,Disneyland Park,Hades Glow Cube,Seasonal Offerings,Snack,"Includes choice of Fountain Beverage at time of purchase. Limit Two (2) per person, per transaction. No discounts apply.",11.69,disneyland/mint-julep-bar
2026-09-26,Mint Julep Bar,Disneyland Park,Frightfully Festive Cocoa Dip,Seasonal Offerings,Snack,Sweet Cocoa Whip,1.39,disneyland/mint-julep-bar
2026-09-26,Mint Julep Bar,Disneyland Park,Oogie Boogie Moon Glow Cube,Seasonal Offerings,Snack,"Includes choice of Fountain Beverage at time of purchase. Limit Two (2) per person, per transaction. No discounts apply.",11.69,disneyland/mint-julep-bar
2026-09-26,Mint Julep Bar,Disneyland Park,Halloween Travel Tumbler,Seasonal Offerings,Snack,"includes choice of Fountain Beverage at time of purchase. Limit ten (10) per person, per transaction. No discounts apply.",14.99,disneyland/mint-julep-bar
2026-09-26,Mint Julep Bar,Disneyland Park,Mickey-shaped Beignets - 3 Pack,Beignets,Snack,topped with Powdered Sugar,7.49,disneyland/mint-julep-bar
2026-09-26,Mint Julep Bar,Disneyland Park,Mickey-shaped Beignets - 6 Pack,Beignets,Snack,topped with Powdered Sugar,11.49,disneyland/mint-julep-bar
2026-09-26,Mint Julep Bar,Disneyland Park,New Orleans Mint Julep,Beverages,Snack,a refreshing Mint Drink with a hint of Lime flavor,7.49,disneyland/mint-julep-bar
2026-09-26,Mint Julep Bar,Disneyland Park,DASANI® Bottled Water,Beverages,Snack,,4.79,disneyland/mint-julep-bar
2026-09-26,Mint Julep Bar,Disneyland Park,Coffee - Regular,Beverages,Snack,,5.49,disneyland/mint-julep-bar
2026-09-26,Mint Julep Bar,Disneyland Park,Coffee - Decaffeinated,Beverages,Snack,,5.49,disneyland/mint-julep-bar
2026-09-26,Mint Julep Bar,Disneyland Park,Hot Tea,Beverages,Snack,,5.49,disneyland/mint-julep-bar
2026-09-26,Mint Julep Bar,Disneyland Park,Hot Cocoa,Beverages,Snack,,5.49,disneyland/mint-julep-bar
2026-09-26,Mint Julep Bar,Disneyland Park,Assorted Fountain Beverages - Regular,Beverages,Snack,assorted Coca-Cola® offerings,4.99,disneyland/mint-julep-bar
2026-09-26,Mint Julep Bar,Disneyland Park,Assorted Fountain Beverages - Large,Beverages,Snack,assorted Coca-Cola® offerings,5.69,disneyland/mint-julep-bar
2026-09-26,Mint Julep Bar,Disneyland Park,Minute Maid® Apple Juice,Beverages,Snack,,3.49,disneyland/mint-julep-bar
2026-09-26,Mint Julep Bar,Disneyland Park,Lowfat Milk,Beverages,Snack,,3.49,disneyland/mint-julep-bar
2026-09-26,Harbour Galley,Disneyland Park,Hades Glow Cube,Seasonal Offerings,Lunch And Dinner,"Includes choice of Fountain Beverage at time of purchase. Limit Two (2) per person, per transaction. No discounts apply.",11.69,disneyland/harbour-galley
2026-09-26,Harbour Galley,Disneyland Park,Pumpkin Cookies 6 pack,Seasonal Offerings,Lunch And Dinner,Fresh-baked Pumpkin Cookies. Available While Supplies Last,8.49,disneyland/harbour-galley
2026-09-26,Harbour Galley,Disneyland Park,Pumpkin Cookies 13 pack,Seasonal Offerings,Lunch And Dinner,Fresh-baked Pumpkin Cookies. Available While Supplies Last,14.49,disneyland/harbour-galley
2026-09-26,Harbour Galley,Disneyland Park,Whipped Cream Cheese Dip,Seasonal Offerings,Lunch And Dinner,,1.39,disneyland/harbour-galley
2026-09-26,Harbour Galley,Disneyland Park,Haunted Mansion Hatbox Ghost Bucket,Seasonal Offerings,Lunch And Dinner,"includes a 6-pack of Chocolate Chip Cookies at time of purchase. Limit two (2) per person, per transaction. No discounts apply.",39.99,disneyland/harbour-galley
2026-09-26,Harbour Galley,Disneyland Park,Tim Burton's The Nightmare Before Christmas Jack Skellington Gravestone Bucket & Mayor Sipper Combo,Seasonal Offerings,Lunch And Dinner,"includes a 6-pack of Pumpkin Cookies and choice of Fountain Beverage at time of purchase. Limit ten (10) per person, per transaction. No discounts apply.",44.49,disneyland/harbour-galley
2026-09-26,Harbour Galley,Disneyland Park,Tim Burton's The Nightmare Before Christmas Mayor Sipper,Seasonal Offerings,Lunch And Dinner,"includes choice of Fountain Beverage at time of purchase. Limit ten (10) per person, per transaction. No discounts apply.",17.79,disneyland/harbour-galley
2026-09-26,Harbour Galley,Disneyland Park,Tim Burton's The Nightmare Before Christmas Jack Skellington Gravestone Bucket,Seasonal Offerings,Lunch And Dinner,"includes a 6-pack of Pumpkin Cookies at time of purchase. Limit ten (10) per person, per transaction. No discounts apply.",29.59,disneyland/harbour-galley
2026-09-26,Harbour Galley,Disneyland Park,Magic Key Ursula Straw Clip,Seasonal Offerings,Lunch And Dinner,"with purchase of beverage at time of purchase. Limit one (1) per person, per Magic Key Pass, per transaction. No discounts apply.",9.49,disneyland/harbour-galley
2026-09-26,Harbour Galley,Disneyland Park,Pain and Panic Straw Clip,Seasonal Offerings,Lunch And Dinner,"with purchase of beverage at time of purchase. Limit two (2) per person, per transaction. No discounts apply.",8.49,disneyland/harbour-galley
2026-09-26,Harbour Galley,Disneyland Park,Vampire Mickey Mouse Bucket,Seasonal Offerings,Lunch And Dinner,"includes a 6-pack of Pumpkin Cookies at time of purchase. Limit two (2) per person, per transaction. No discounts apply.",36.99,disneyland/harbour-galley
2026-09-26,Harbour Galley,Disneyland Park,Halloween Travel Tumbler,Seasonal Offerings,Lunch And Dinner,"includes choice of Fountain Beverage at time of purchase. Limit ten (10) per person, per transaction. No discounts apply.",14.99,disneyland/harbour-galley
2026-09-26,Harbour Galley,Disneyland Park,Soup in a Sourdough Bread Bowl,Entrées,Lunch And Dinner,Fresh-baked Sourdough Bread Bowl with Clam Chowder,13.99,disneyland/harbour-galley
2026-09-26,Harbour Galley,Disneyland Park,Crab and Shrimp Roll,Entrées,Lunch And Dinner,"Jumbo Lump Crab and Shrimp Salad Sandwich, served with a bag of Potato Chips",18.99,disneyland/harbour-galley
2026-09-26,Harbour Galley,Disneyland Park,Ratatouille Soup,Plant-Based,Lunch And Dinner,"Roasted Tomatoes, Garlic, Zucchini and Eggplant, garnished with Roasted Squash and Eggplant, with Garlic Bread Topper",12.99,disneyland/harbour-galley
2026-09-26,Harbour Galley,Disneyland Park,Chocolate Chip Cookies 6-pack,Sides,Lunch And Dinner,Fresh-baked Chocolate Chip Cookies. Available While Supplies Last.,8.49,disneyland/harbour-galley
2026-09-26,Harbour Galley,Disneyland Park,Chocolate Chip Cookies 13-pack,Sides,Lunch And Dinner,Fresh-baked Chocolate Chip Cookies. Available While Supplies Last.,14.49,disneyland/harbour-galley
2026-09-26,Harbour Galley,Disneyland Park,Peanut Butter and Jelly Sandwich,Sides,Lunch And Dinner,,2.99,disneyland/harbour-galley
2026-09-26,Harbour Galley,Disneyland Park,Fresh Fruit,Sides,Lunch And Dinner,assorted Seasonal Fruit,5.49,disneyland/harbour-galley
2026-09-26,Harbour Galley,Disneyland Park,Brown Butter Maple Cold Brew,Beverages,Lunch And Dinner,"Joffrey's™ Beignet-flavored Cold Brew with Maple and Brown Butter Syrup, topped with Brown Butter Cold Foam",7.99,disneyland/harbour-galley
2026-09-26,Harbour Galley,Disneyland Park,Assorted Fountain Beverages - Regular,Beverages,Lunch And Dinner,assorted Coca-Cola® offerings,4.99,disneyland/harbour-galley
2026-09-26,Harbour Galley,Disneyland Park,Assorted Fountain Beverages - Large,Beverages,Lunch And Dinner,assorted Coca-Cola® offerings,5.69,disneyland/harbour-galley
2026-09-26,Harbour Galley,Disneyland Park,DASANI® Bottled Water,Beverages,Lunch And Dinner,,4.79,disneyland/harbour-galley
2026-09-26,Harbour Galley,Disneyland Park,Minute Maid® Apple Juice,Beverages,Lunch And Dinner,,3.49,disneyland/harbour-galley
2026-09-26,Harbour Galley,Disneyland Park,Lowfat Milk,Beverages,Lunch And Dinner,,3.49,disneyland/harbour-galley
2026-09-26,Harbour Galley,Disneyland Park,Chocolate Milk,Beverages,Lunch And Dinner,,3.49,disneyland/harbour-galley
2026-09-26,Harbour Galley,Disneyland Park,Almond Milk,Beverages,Lunch And Dinner,8oz,3.49,disneyland/harbour-galley
2026-09-26,Harbour Galley,Disneyland Park,Soy Milk,Beverages,Lunch And Dinner,8oz,3.49,disneyland/harbour-galley
2026-09-26,Harbour Galley,Disneyland Park,Coffee - Regular,Beverages,Lunch And Dinner,,5.49,disneyland/harbour-galley
2026-09-26,Harbour Galley,Disneyland Park,Coffee - Decaffeinated,Beverages,Lunch And Dinner,,5.49,disneyland/harbour-galley
2026-09-26,Harbour Galley,Disneyland Park,Hot Cocoa,Beverages,Lunch And Dinner,,5.49,disneyland/harbour-galley
2026-09-26,Tiana’s Palace,Disneyland Park,Classic Beignets,Dessert First,Lunch And Dinner,Two Fresh Beignets dusted with Powdered Sugar and Honey Drizzle,7.49,disneyland/tianas-palace
2026-09-26,Tiana’s Palace,Disneyland Park,French Quarter Fried Chicken Bowl,Entrées,Lunch And Dinner,Spicy Honey-glazed Fried Chicken served with Baked Macaroni and Cheese and Collard Greens,17.99,disneyland/tianas-palace
2026-09-26,Tiana’s Palace,Disneyland Park,Andouille Sausage Po'Boy,Entrées,Lunch And Dinner,"Roasted Andouille Sausage, Lettuce, Tomatoes, Mayonnaise and Rémoulade Sauce on Toasted New Orleans French Bread, served with Collard Greens and House-made Pickles",16.99,disneyland/tianas-palace
2026-09-26,Tiana’s Palace,Disneyland Park,Shrimp and Grits,Entrées,Lunch And Dinner,"simmered in Creole Sauce, with Collard Greens and Cheesy Grits",17.99,disneyland/tianas-palace
2026-09-26,Tiana’s Palace,Disneyland Park,House Gumbo,Entrées,Lunch And Dinner,"Braised Chicken, Andouille Sausage and Heirloom Rice",17.49,disneyland/tianas-palace
2026-09-26,Tiana’s Palace,Disneyland Park,7 Greens Gumbo with Chicken & Andouille Sausage,Entrées,Lunch And Dinner,"White Beans, Okra, Yams, Sweet Potatoes and Heirloom Rice",17.49,disneyland/tianas-palace
2026-09-26,Tiana’s Palace,Disneyland Park,Cajun Spiced Half Chicken,Entrées,Lunch And Dinner,brushed with BBQ Sauce served with Baked Macaroni and Cheese & Coleslaw,19.99,disneyland/tianas-palace
2026-09-26,Tiana’s Palace,Disneyland Park,7 Greens Gumbo,Plant-Based,Lunch And Dinner,"White Beans, Okra, Yams, Sweet Potatoes and Heirloom Rice",14.99,disneyland/tianas-palace
2026-09-26,Tiana’s Palace,Disneyland Park,Buttermilk Cornbread,Southern Specialties,Lunch And Dinner,,3.99,disneyland/tianas-palace
2026-09-26,Tiana’s Palace,Disneyland Park,Side Collard Greens,Southern Specialties,Lunch And Dinner,Braised Collard Greens with Smoked Tomato,3.99,disneyland/tianas-palace
2026-09-26,Tiana’s Palace,Disneyland Park,Roasted Chicken Drumstick,Kids' Disney Check Meals,Lunch And Dinner,with Sweet BBQ Sauce and Heirloom Rice served with a Cuties® Mandarin Orange and Applesauce with choice of Small DASANI® Water or Small Lowfat Milk,8.99,disneyland/tianas-palace
2026-09-26,Tiana’s Palace,Disneyland Park,Toasted Ham & Cheese Sandwich,Kids' Disney Check Meals,Lunch And Dinner,Savory Ham and Provolone served with a Cuties® Mandarin Orange and Applesauce with choice of Small DASANI® Water or Small Lowfat Milk,8.99,disneyland/tianas-palace
2026-09-26,Tiana’s Palace,Disneyland Park,Baked Macaroni and Cheese,Kids' Meal,Lunch And Dinner,served with a Cuties® Mandarin Orange and Applesauce with choice of Small DASANI® Water or Small Lowfat Milk,8.49,disneyland/tianas-palace
2026-09-26,Tiana’s Palace,Disneyland Park,Joffrey's Coffee™ Nitro Cold Brew,Beverages,Lunch And Dinner,Nitro-injected Beignet-flavored Cold Brew,7.99,disneyland/tianas-palace
2026-09-26,Tiana’s Palace,Disneyland Park,Cold Brew,Beverages,Lunch And Dinner,Beignet-flavored Cold Brew,7.49,disneyland/tianas-palace
2026-09-26,Tiana’s Palace,Disneyland Park,Tiana Punch,Beverages,Lunch And Dinner,"Hi-C® Fruit Punch, Sprite®, Raspberry Syrup and Macerated Berries served over ice",7.49,disneyland/tianas-palace
2026-09-26,Tiana’s Palace,Disneyland Park,Minute Maid® Apple Juice,Beverages,Lunch And Dinner,,3.49,disneyland/tianas-palace
2026-09-26,Tiana’s Palace,Disneyland Park,Lowfat Milk,Beverages,Lunch And Dinner,,3.49,disneyland/tianas-palace
2026-09-26,Tiana’s Palace,Disneyland Park,Chocolate Milk,Beverages,Lunch And Dinner,,3.49,disneyland/tianas-palace
2026-09-26,Tiana’s Palace,Disneyland Park,DASANI® Bottled Water,Beverages,Lunch And Dinner,,4.79,disneyland/tianas-palace
2026-09-26,Tiana’s Palace,Disneyland Park,Assorted Fountain Beverages - Regular,Beverages,Lunch And Dinner,"Coca-Cola®, Diet Coke®, Sprite®, Barq’s® Root Beer, Coca-Cola® Zero Sugar, Minute Maid® Lemonade, Minute Maid® Zero Sugar Lemonade, Gold Peak® Sweet Iced Tea, Gold Peak® UnSweetened Iced Tea",4.99,disneyland/tianas-palace
2026-09-26,Tiana’s Palace,Disneyland Park,Assorted Fountain Beverages - Large,Beverages,Lunch And Dinner,"Coca-Cola®, Diet Coke®, Sprite®, Barq’s® Root Beer, Coca-Cola® Zero Sugar, Minute Maid® Lemonade, Minute Maid® Zero Sugar Lemonade, Gold Peak® Sweet Iced Tea, Gold Peak® UnSweetened Iced Tea",5.69,disneyland/tianas-palace
2026-09-26,The Tropical Hideaway,Disneyland Park,DOLE Whip® Float,Desserts,Snack,DOLE® Pineapple Juice topped with DOLE Whip® Pineapple Soft Serve,7.99,disneyland/tropical-hideaway
2026-09-26,The Tropical Hideaway,Disneyland Park,DOLE Whip®,Desserts,Snack,"DOLE Whip® Soft Serve with choice of DOLE Whip® flavor: Strawberry, Pineapple or Peach",7.49,disneyland/tropical-hideaway
2026-09-26,The Tropical Hideaway,Disneyland Park,DOLE Whip® Swirl Float,Desserts,Snack,"DOLE® Pineapple Juice topped with choice of two different DOLE Whip® flavors: Strawberry, Pineapple or Peach",7.99,disneyland/tropical-hideaway
2026-09-26,The Tropical Hideaway,Disneyland Park,DOLE Whip® Swirl,Desserts,Snack,DOLE Whip® Soft Serve,7.49,disneyland/tropical-hideaway
2026-09-26,The Tropical Hideaway,Disneyland Park,Miso Soup,Snacks,Snack,"Seaweed, Tofu and Green Onion",7.79,disneyland/tropical-hideaway
2026-09-26,The Tropical Hideaway,Disneyland Park,Lumpia,Snacks,Snack,,9.49,disneyland/tropical-hideaway
2026-09-26,The Tropical Hideaway,Disneyland Park,Shrimp and Chive Potstickers,Snacks,Snack,"Crispy Chile-Garlic Sauce, Fresh Herbs and Lime",9.49,disneyland/tropical-hideaway
2026-09-26,The Tropical Hideaway,Disneyland Park,Lime Chicken Bao,Snacks,Snack,"Butternut Squash, fresh Herbs",6.49,disneyland/tropical-hideaway
2026-09-26,The Tropical Hideaway,Disneyland Park,Char Siu Bao,Snacks,Snack,"Sweet sticky Roasted Pork, in a sweet BBQ Sauce dusted with Paprika",6.49,disneyland/tropical-hideaway
2026-09-26,The Tropical Hideaway,Disneyland Park,Trio of Baos,Snacks,Snack,"choice of Lime Chicken or Char Siu, in any combination, includes Bao Sauce",17.49,disneyland/tropical-hideaway
2026-09-26,The Tropical Hideaway,Disneyland Park,Side of Bao Sauce,Snacks,Snack,,1.39,disneyland/tropical-hideaway
2026-09-26,The Tropical Hideaway,Disneyland Park,Pineapple Spear,Grab and Go,Snack,,3.99,disneyland/tropical-hideaway
2026-09-26,The Tropical Hideaway,Disneyland Park,FUNYUNS® FLAMIN' HOT® Flavored Onion Flavored Rings,Grab and Go,Snack,,4.29,disneyland/tropical-hideaway
2026-09-26,The Tropical Hideaway,Disneyland Park,DORITOS® COOL RANCH® Flavored Tortilla Chips,Grab and Go,Snack,,4.29,disneyland/tropical-hideaway
2026-09-26,The Tropical Hideaway,Disneyland Park,SUNCHIPS®,Grab and Go,Snack,,4.29,disneyland/tropical-hideaway
2026-09-26,The Tropical Hideaway,Disneyland Park,LAY'S® Baked Original Potato Crisps,Grab and Go,Snack,,4.29,disneyland/tropical-hideaway
2026-09-26,The Tropical Hideaway,Disneyland Park,LAY'S® Salt and Vinegar Flavored Potato Chips,Grab and Go,Snack,,4.29,disneyland/tropical-hideaway
2026-09-26,The Tropical Hideaway,Disneyland Park,Dole Pineapple Juice,Beverages,Snack,,4.79,disneyland/tropical-hideaway
2026-09-26,The Tropical Hideaway,Disneyland Park,DASANI® Bottled Water,Beverages,Snack,,4.79,disneyland/tropical-hideaway
2026-09-26,Tiki Juice Bar,Disneyland Park,DOLE Whip® Cone,Desserts,Snack,"Pineapple DOLE Whip® in a Sugar Cone, topped with Halloween Sprinkles",7.19,disneyland/tiki-juice-bar
2026-09-26,Tiki Juice Bar,Disneyland Park,DOLE Whip® Pineapple Soft Serve,Desserts,Snack,DOLE Whip® Pineapple Soft Serve,7.49,disneyland/tiki-juice-bar
2026-09-26,Tiki Juice Bar,Disneyland Park,DOLE Whip® Float,Desserts,Snack,DOLE® Pineapple Juice topped with DOLE Whip® Pineapple Soft Serve,7.99,disneyland/tiki-juice-bar
2026-09-26,Tiki Juice Bar,Disneyland Park,Chamoy Sauce,Desserts,Snack,Dressing Cup,1.39,disneyland/tiki-juice-bar
2026-09-26,Tiki Juice Bar,Disneyland Park,DASANI® Bottled Water,Beverages,Snack,,4.79,disneyland/tiki-juice-bar
2026-09-26,Tiki Juice Bar,Disneyland Park,DOLE® Pineapple Juice,Beverages,Snack,DOLE® Pineapple Juice,4.79,disneyland/tiki-juice-bar
2026-09-26,Market House,Disneyland Park,Pumpkin Spice Latte - Grande,Market House Seasonal Offerings,Breakfast; Lunch And Dinner,,7.99,disneyland/market-house
2026-09-26,Market House,Disneyland Park,Iced Pumpkin Cream Chai Latte - Grande,Market House Seasonal Offerings,Breakfast; Lunch And Dinner,,7.99,disneyland/market-house
2026-09-26,Market House,Disneyland Park,Pumpkin Cream Cold Brew - Grande,Market House Seasonal Offerings,Breakfast; Lunch And Dinner,,8.49,disneyland/market-house
2026-09-26,Market House,Disneyland Park,Pecan Crunch Latte - Grande,Market House Seasonal Offerings,Breakfast; Lunch And Dinner,,7.99,disneyland/market-house
2026-09-26,Market House,Disneyland Park,Pumpkin Cream Cheese Muffin,Market House Seasonal Offerings,Breakfast; Lunch And Dinner,,5.99,disneyland/market-house
2026-09-26,Market House,Disneyland Park,Hedgehog Cake Pop,Market House Seasonal Offerings,Breakfast; Lunch And Dinner,,4.49,disneyland/market-house
2026-09-26,Market House,Disneyland Park,Crispy Grilled Cheese on Sourdough,Breakfast Sandwiches and Wraps,Breakfast; Lunch And Dinner,"A blend of White Cheddar and Mozzarella on Sourdough Bread, topped with a Parmesan Butter Spread",7.99,disneyland/market-house
2026-09-26,Market House,Disneyland Park,"Egg, Pesto and Mozzarella Sandwich",Breakfast Sandwiches and Wraps,Breakfast; Lunch And Dinner,"Fluffy, Cage-free Egg Frittata with Kale, Basil Pesto and Mozzarella on a Toasted Cheddar & Onion Bun",6.49,disneyland/market-house
2026-09-26,Market House,Disneyland Park,Impossible™ Breakfast Sandwich,Breakfast Sandwiches and Wraps,Breakfast; Lunch And Dinner,,6.29,disneyland/market-house
2026-09-26,Market House,Disneyland Park,"Double Smoked Bacon, Cheddar and Egg Sandwich",Breakfast Sandwiches and Wraps,Breakfast; Lunch And Dinner,,6.49,disneyland/market-house
2026-09-26,Market House,Disneyland Park,"Sausage, Cheddar and Egg Breakfast Sandwich",Breakfast Sandwiches and Wraps,Breakfast; Lunch And Dinner,,5.29,disneyland/market-house
2026-09-26,Market House,Disneyland Park,Ham & Swiss Croissant,Breakfast Sandwiches and Wraps,Breakfast; Lunch And Dinner,,5.29,disneyland/market-house
2026-09-26,Market House,Disneyland Park,Bacon and Gruyère Sous Vide Egg Bites,Breakfast Sandwiches and Wraps,Breakfast; Lunch And Dinner,,5.49,disneyland/market-house
2026-09-26,Market House,Disneyland Park,"Spinach, Feta & Egg White Wrap",Breakfast Sandwiches and Wraps,Breakfast; Lunch And Dinner,,5.99,disneyland/market-house
2026-09-26,Market House,Disneyland Park,"Bacon, Gouda & Egg Sandwich",Breakfast Sandwiches and Wraps,Breakfast; Lunch And Dinner,,5.99,disneyland/market-house
2026-09-26,Market House,Disneyland Park,"Potato, Cheddar & Chive Bake",Breakfast Sandwiches and Wraps,Breakfast; Lunch And Dinner,,5.49,disneyland/market-house
2026-09-26,Market House,Disneyland Park,Banana Walnut & Pecan Loaf,Assorted Pastries,Breakfast; Lunch And Dinner,,5.99,disneyland/market-house
2026-09-26,Market House,Disneyland Park,Blueberry Muffin,Assorted Pastries,Breakfast; Lunch And Dinner,,5.99,disneyland/market-house
2026-09-26,Market House,Disneyland Park,Butter Croissant,Assorted Pastries,Breakfast; Lunch And Dinner,,5.49,disneyland/market-house
2026-09-26,Market House,Disneyland Park,Chocolate Croissant,Assorted Pastries,Breakfast; Lunch And Dinner,,5.99,disneyland/market-house
2026-09-26,Market House,Disneyland Park,Cheese Danish,Assorted Pastries,Breakfast; Lunch And Dinner,,5.49,disneyland/market-house
2026-09-26,Market House,Disneyland Park,Cinnamon Pull-Apart,Assorted Pastries,Breakfast; Lunch And Dinner,,5.99,disneyland/market-house
2026-09-26,Market House,Disneyland Park,Iced Lemon Loaf,Assorted Pastries,Breakfast; Lunch And Dinner,,5.99,disneyland/market-house
2026-09-26,Market House,Disneyland Park,Pumpkin and Pepita Loaf,Assorted Pastries,Breakfast; Lunch And Dinner,,5.99,disneyland/market-house
2026-09-26,Market House,Disneyland Park,Cake Pop,Assorted Desserts,Breakfast; Lunch And Dinner,,4.49,disneyland/market-house
2026-09-26,Market House,Disneyland Park,Cake Pop Trio,Assorted Desserts,Breakfast; Lunch And Dinner,,9.49,disneyland/market-house
2026-09-26,Market House,Disneyland Park,Chocolate Chip Cookie,Assorted Desserts,Breakfast; Lunch And Dinner,,5.99,disneyland/market-house
2026-09-26,Market House,Disneyland Park,Mickey Sugar Cookie,Assorted Desserts,Breakfast; Lunch And Dinner,,6.49,disneyland/market-house
2026-09-26,Market House,Disneyland Park,Marshmallow Dream Bar,Assorted Desserts,Breakfast; Lunch And Dinner,,4.99,disneyland/market-house
2026-09-26,Market House,Disneyland Park,Churro Hand Tart,Assorted Desserts,Breakfast; Lunch And Dinner,Pastry Tart filled with Spiced Cake and topped with Cinnamon and Sugar,6.49,disneyland/market-house
2026-09-26,Market House,Disneyland Park,Shortbread Bat Cookie,Assorted Desserts,Breakfast; Lunch And Dinner,Shortbread Cookie dipped in Dark Chocolate with a Mickey Vampire Face,7.99,disneyland/market-house
2026-09-26,Market House,Disneyland Park,Madeleines,Snacks,Breakfast; Lunch And Dinner,,2.99,disneyland/market-house
2026-09-26,Market House,Disneyland Park,Coconut Yogurt Parfait (PB),Snacks,Breakfast; Lunch And Dinner,"Sweetened Coconut Yogurt with Macerated Berries, topped with Granola",6.99,disneyland/market-house
2026-09-26,Market House,Disneyland Park,Strawberry Uncrustables,Snacks,Breakfast; Lunch And Dinner,Strawberry Jam-filled Uncrustables,2.79,disneyland/market-house
2026-09-26,Market House,Disneyland Park,Grape Uncrustables,Snacks,Breakfast; Lunch And Dinner,Grape Jam-filled Uncrustables,2.79,disneyland/market-house
2026-09-26,Market House,Disneyland Park,Assorted Bagel - Plain,Snacks,Breakfast; Lunch And Dinner,,4.99,disneyland/market-house
2026-09-26,Market House,Disneyland Park,Assorted Bagel - Everything,Snacks,Breakfast; Lunch And Dinner,,5.50,disneyland/market-house
2026-09-26,Market House,Disneyland Park,Jalapeño Cream Cheese,Snacks,Breakfast; Lunch And Dinner,"Jalapeño Peppers, Sun-dried Tomatoes, Red Peppers, Onions and Garlic",1.39,disneyland/market-house
2026-09-26,Market House,Disneyland Park,Onion & Garlic Cream Cheese,Snacks,Breakfast; Lunch And Dinner,,1.39,disneyland/market-house
2026-09-26,Market House,Disneyland Park,Applesauce,Snacks,Breakfast; Lunch And Dinner,,1.89,disneyland/market-house
2026-09-26,Market House,Disneyland Park,Mini Babybel™ 3-pack,Snacks,Breakfast; Lunch And Dinner,,3.49,disneyland/market-house
2026-09-26,Market House,Disneyland Park,Caramel Frappuccino® Blended Beverage - Grande,Frappuccino® Blended Beverages,Breakfast; Lunch And Dinner,,7.69,disneyland/market-house
2026-09-26,Market House,Disneyland Park,Mocha Frappuccino® Blended Beverage - Grande,Frappuccino® Blended Beverages,Breakfast; Lunch And Dinner,,7.69,disneyland/market-house
2026-09-26,Market House,Disneyland Park,Java Chip Frappuccino® Blended Beverage - Grande,Frappuccino® Blended Beverages,Breakfast; Lunch And Dinner,,7.69,disneyland/market-house
2026-09-26,Market House,Disneyland Park,Coffee Frappuccino® Blended Beverage - Grande,Frappuccino® Blended Beverages,Breakfast; Lunch And Dinner,,7.19,disneyland/market-house
2026-09-26,Market House,Disneyland Park,Vanilla Bean Crème Frappuccino® Blended Beverage - Grande,Frappuccino® Blended Beverages,Breakfast; Lunch And Dinner,,7.69,disneyland/market-house
2026-09-26,Market House,Disneyland Park,Double Chocolaty Chip Crème Frappuccino® Blended Beverage- Grande,Frappuccino® Blended Beverages,Breakfast; Lunch And Dinner,,7.69,disneyland/market-house
2026-09-26,Market House,Disneyland Park,Matcha Crème Frappuccino® Blended Beverage - Grande,Frappuccino® Blended Beverages,Breakfast; Lunch And Dinner,,7.69,disneyland/market-house
2026-09-26,Market House,Disneyland Park,Strawberry Crème Frappuccino® Blended Beverage - Grande,Frappuccino® Blended Beverages,Breakfast; Lunch And Dinner,,7.69,disneyland/market-house
2026-09-26,Market House,Disneyland Park,Mocha Cookie Crumble Frappuccino® Blended Beverage - Grande,Frappuccino® Blended Beverages,Breakfast; Lunch And Dinner,,7.69,disneyland/market-house
2026-09-26,Market House,Disneyland Park,Blue Coconut Lemonade Energy Refresher,Starbucks Refreshers®,Breakfast; Lunch And Dinner,,7.79,disneyland/market-house
2026-09-26,Market House,Disneyland Park,Tropical Butterfly Lemonade Energy Refresher,Starbucks Refreshers®,Breakfast; Lunch And Dinner,,8.29,disneyland/market-house
2026-09-26,Market House,Disneyland Park,Strawberry Açaí Refresher - Grande,Starbucks Refreshers®,Breakfast; Lunch And Dinner,,6.79,disneyland/market-house
2026-09-26,Market House,Disneyland Park,Strawberry Açaí Lemonade Refresher - Grande,Starbucks Refreshers®,Breakfast; Lunch And Dinner,,7.29,disneyland/market-house
2026-09-26,Market House,Disneyland Park,Mango Dragonfruit Refresher - Grande,Starbucks Refreshers®,Breakfast; Lunch And Dinner,,6.79,disneyland/market-house
2026-09-26,Market House,Disneyland Park,Mango Dragonfruit Lemonade Refresher - Grande,Starbucks Refreshers®,Breakfast; Lunch And Dinner,,7.29,disneyland/market-house
2026-09-26,Market House,Disneyland Park,Pink Drink Refresher - Grande,Starbucks Refreshers®,Breakfast; Lunch And Dinner,,7.29,disneyland/market-house
2026-09-26,Market House,Disneyland Park,Dragon Drink® Refresher - Grande,Starbucks Refreshers®,Breakfast; Lunch And Dinner,,7.29,disneyland/market-house
2026-09-26,Market House,Disneyland Park,Iced Horchata Shaken Espresso,Espresso & Coffee,Breakfast; Lunch And Dinner,,7.69,disneyland/market-house
2026-09-26,Market House,Disneyland Park,Caramel Protein Matcha Latte,Espresso & Coffee,Breakfast; Lunch And Dinner,,8.99,disneyland/market-house
2026-09-26,Market House,Disneyland Park,Peppermint Mocha - Grande,Espresso & Coffee,Breakfast; Lunch And Dinner,,8.49,disneyland/market-house
2026-09-26,Market House,Disneyland Park,Iced Brown Sugar Oatmilk Shaken Espresso - Grande,Espresso & Coffee,Breakfast; Lunch And Dinner,,7.69,disneyland/market-house
2026-09-26,Market House,Disneyland Park,Freshly Brewed Coffee - Grande,Espresso & Coffee,Breakfast; Lunch And Dinner,Regular or Decaf,5.49,disneyland/market-house
2026-09-26,Market House,Disneyland Park,Caffè Americano - Grande,Espresso & Coffee,Breakfast; Lunch And Dinner,,5.69,disneyland/market-house
2026-09-26,Market House,Disneyland Park,Cappuccino - Grande,Espresso & Coffee,Breakfast; Lunch And Dinner,,6.49,disneyland/market-house
2026-09-26,Market House,Disneyland Park,Caffè Mocha - Grande,Espresso & Coffee,Breakfast; Lunch And Dinner,,6.99,disneyland/market-house
2026-09-26,Market House,Disneyland Park,White Chocolate Mocha - Grande,Espresso & Coffee,Breakfast; Lunch And Dinner,,7.49,disneyland/market-house
2026-09-26,Market House,Disneyland Park,Caramel Macchiato - Grande,Espresso & Coffee,Breakfast; Lunch And Dinner,,7.19,disneyland/market-house
2026-09-26,Market House,Disneyland Park,Flat White - Grande,Espresso & Coffee,Breakfast; Lunch And Dinner,,7.19,disneyland/market-house
2026-09-26,Market House,Disneyland Park,Caffè Latte - Grande,Espresso & Coffee,Breakfast; Lunch And Dinner,,6.49,disneyland/market-house
2026-09-26,Market House,Disneyland Park,Pistachio Crème Cold Brew,Cold Brew and More,Breakfast; Lunch And Dinner,,9.49,disneyland/market-house
2026-09-26,Market House,Disneyland Park,Iced Coffee - Grande,Cold Brew and More,Breakfast; Lunch And Dinner,,5.49,disneyland/market-house
2026-09-26,Market House,Disneyland Park,Starbucks® Cold Brew Coffee - Grande,Cold Brew and More,Breakfast; Lunch And Dinner,,6.99,disneyland/market-house
2026-09-26,Market House,Disneyland Park,Salted Caramel Cream Cold Brew - Grande,Cold Brew and More,Breakfast; Lunch And Dinner,,8.49,disneyland/market-house
2026-09-26,Market House,Disneyland Park,Vanilla Sweet Cream Cold Brew - Grande,Cold Brew and More,Breakfast; Lunch And Dinner,,7.49,disneyland/market-house
2026-09-26,Market House,Disneyland Park,Iced Banana Bread Matcha Tea Latte,Teavana® Tea Hot or Iced,Breakfast; Lunch And Dinner,,8.49,disneyland/market-house
2026-09-26,Market House,Disneyland Park,Iced Banana Bread Matcha,Teavana® Tea Hot or Iced,Breakfast; Lunch And Dinner,,7.99,disneyland/market-house
2026-09-26,Market House,Disneyland Park,Iced Double Berry Matcha,Teavana® Tea Hot or Iced,Breakfast; Lunch And Dinner,,8.99,disneyland/market-house
2026-09-26,Market House,Disneyland Park,Iced Dubai Chocolate Matcha,Teavana® Tea Hot or Iced,Breakfast; Lunch And Dinner,,7.99,disneyland/market-house
2026-09-26,Market House,Disneyland Park,Iced Gingerbread Chai Latte - Grande,Teavana® Tea Hot or Iced,Breakfast; Lunch And Dinner,,7.99,disneyland/market-house
2026-09-26,Market House,Disneyland Park,Teavana® Shaken Iced Tea - Grande,Teavana® Tea Hot or Iced,Breakfast; Lunch And Dinner,"Black, Green or Passion Tango™",5.79,disneyland/market-house
2026-09-26,Market House,Disneyland Park,Teavana® Shaken Iced Tea Lemonade - Grande,Teavana® Tea Hot or Iced,Breakfast; Lunch And Dinner,"Black, Green or Passion Tango™",6.29,disneyland/market-house
2026-09-26,Market House,Disneyland Park,Chai Latte - Grande,Teavana® Tea Hot or Iced,Breakfast; Lunch And Dinner,,6.49,disneyland/market-house
2026-09-26,Market House,Disneyland Park,Hot Tea - Grande,Teavana® Tea Hot or Iced,Breakfast; Lunch And Dinner,"Black, Green or Herbal",5.49,disneyland/market-house
2026-09-26,Market House,Disneyland Park,Assorted Coca-Cola® Beverages,Beverages,Breakfast; Lunch And Dinner,,5.49,disneyland/market-house
2026-09-26,Market House,Disneyland Park,DASANI® Bottled Water,Beverages,Breakfast; Lunch And Dinner,,4.79,disneyland/market-house
2026-09-26,Market House,Disneyland Park,Minute Maid® Juice Box,Beverages,Breakfast; Lunch And Dinner,,3.49,disneyland/market-house
2026-09-26,Market House,Disneyland Park,Simply Orange® Orange Juice,Beverages,Breakfast; Lunch And Dinner,,5.59,disneyland/market-house
2026-09-26,Market House,Disneyland Park,smartwater®,Beverages,Breakfast; Lunch And Dinner,,5.29,disneyland/market-house
2026-09-26,Refreshment Corner,Disneyland Park,Hades Glow Cube,Seasonal Offerings,Lunch And Dinner,"Includes choice of Fountain Beverage at time of purchase. Limit Two (2) per person, per transaction. No discounts apply.",11.69,disneyland/refreshment-corner
2026-09-26,Refreshment Corner,Disneyland Park,Coco Lantern Sipper,Seasonal Offerings,Lunch And Dinner,"includes choice of Fountain Beverage at time of purchase. Limit two (2) per person, per transaction. No discounts apply.",30.99,disneyland/refreshment-corner
2026-09-26,Refreshment Corner,Disneyland Park,Vampire Mickey Mouse Bucket,Seasonal Offerings,Lunch And Dinner,"includes Firefly Chips at time of purchase. Limit two (2) per person, per transaction. No discounts apply.",33.99,disneyland/refreshment-corner
2026-09-26,Refreshment Corner,Disneyland Park,Halloween Travel Tumbler,Seasonal Offerings,Lunch And Dinner,"includes choice of Fountain Beverage at time of purchase. Limit ten (10) per person, per transaction. No discounts apply.",14.99,disneyland/refreshment-corner
2026-09-26,Refreshment Corner,Disneyland Park,Oogie Boogie Moon Glow Cube,Seasonal Offerings,Lunch And Dinner,"Includes choice of Fountain Beverage at time of purchase. Limit Two (2) per person, per transaction. No discounts apply.",11.69,disneyland/refreshment-corner
2026-09-26,Refreshment Corner,Disneyland Park,Spicy Firefly Chips,Seasonal Offerings,Lunch And Dinner,"Spicy Corn Chips topped with Chili, Cheese and Jalapenos",6.49,disneyland/refreshment-corner
2026-09-26,Refreshment Corner,Disneyland Park,Birria Potato,Entrées,Lunch And Dinner,"Baked Potato filled with Beef Birria and Pepper Jack, topped with Salsa Verde and served with a side of Consomé",14.99,disneyland/refreshment-corner
2026-09-26,Refreshment Corner,Disneyland Park,All-Beef Hot Dog Basket,Entrées,Lunch And Dinner,includes a Cuties® Mandarin Orange or a Small Bag of Chips,9.79,disneyland/refreshment-corner
2026-09-26,Refreshment Corner,Disneyland Park,Chili Cheese Dog Basket,Entrées,Lunch And Dinner,"All-Beef Hot Dog topped with Home-style Chili, Shredded Cheese and Onion, served with a Cuties® Mandarin Orange or a Small Bag of Chips",10.79,disneyland/refreshment-corner
2026-09-26,Refreshment Corner,Disneyland Park,Mac & Cheese in a Sourdough Bread Bowl,Entrées,Lunch And Dinner,Mac & Cheese served in a Sourdough Bread Bowl with Shredded Cheese,13.99,disneyland/refreshment-corner
2026-09-26,Refreshment Corner,Disneyland Park,Mac & Cheese Dog Basket,Entrées,Lunch And Dinner,"All-Beef Hot Dog topped with Macaroni and Cheese, Bacon Bits and served with a Cuties® Mandarin Orange or a Small Bag of Chips",11.79,disneyland/refreshment-corner
2026-09-26,Refreshment Corner,Disneyland Park,Hearty Chili,Entrées,Lunch And Dinner,All-Beef Chili served in a Sourdough Bread Bowl topped with Shredded Cheese,13.99,disneyland/refreshment-corner
2026-09-26,Refreshment Corner,Disneyland Park,Mac & Cheese Chili in a Sourdough Bread Bowl,Entrées,Lunch And Dinner,Mac & Cheese and Hearty Chili served in a Sourdough Bread Bowl with Shredded Cheese,13.99,disneyland/refreshment-corner
2026-09-26,Refreshment Corner,Disneyland Park,POWER Pack,Kids' Disney Check Meal,Lunch And Dinner,"Applesauce, a Cuties® Mandarin, Carrots, and Whole-Grain ""Fish"" Crackers with choice of Small Lowfat Milk or Small DASANI® Bottled Water. Meets Disney Nutrition Guidelines for Complete Meals without substitutions",6.99,disneyland/refreshment-corner
2026-09-26,Refreshment Corner,Disneyland Park,Mickey Mouse Pretzel,Snacks,Lunch And Dinner,Warm Mickey-shaped Pretzel served dusted with Coarse Salt,6.29,disneyland/refreshment-corner
2026-09-26,Refreshment Corner,Disneyland Park,Cheese Cup,Snacks,Lunch And Dinner,,1.39,disneyland/refreshment-corner
2026-09-26,Refreshment Corner,Disneyland Park,Jalapeño Cheese-filled Pretzel,Snacks,Lunch And Dinner,Warm Jalapeño Cheese-filled Pretzel,7.29,disneyland/refreshment-corner
2026-09-26,Refreshment Corner,Disneyland Park,Cream Cheese-filled Pretzel,Snacks,Lunch And Dinner,Warm Cream Cheese-filled Pretzel,7.29,disneyland/refreshment-corner
2026-09-26,Refreshment Corner,Disneyland Park,Assorted Fountain Beverages - Regular,Beverages,Lunch And Dinner,assorted Coca-Cola® offerings,4.99,disneyland/refreshment-corner
2026-09-26,Refreshment Corner,Disneyland Park,Assorted Fountain Beverages - Large,Beverages,Lunch And Dinner,assorted Coca-Cola® offerings,5.69,disneyland/refreshment-corner
2026-09-26,Refreshment Corner,Disneyland Park,DASANI® Bottled Water,Beverages,Lunch And Dinner,,4.79,disneyland/refreshment-corner
2026-09-26,Refreshment Corner,Disneyland Park,Minute Maid® Apple Juice,Beverages,Lunch And Dinner,,3.49,disneyland/refreshment-corner
2026-09-26,Refreshment Corner,Disneyland Park,Coffee - Regular,Beverages,Lunch And Dinner,,5.49,disneyland/refreshment-corner
2026-09-26,Refreshment Corner,Disneyland Park,Coffee - Decaffeinated,Beverages,Lunch And Dinner,,5.49,disneyland/refreshment-corner
2026-09-26,Refreshment Corner,Disneyland Park,Hot Cocoa,Beverages,Lunch And Dinner,,5.49,disneyland/refreshment-corner
2026-09-26,Refreshment Corner,Disneyland Park,Lowfat Milk,Beverages,Lunch And Dinner,,3.49,disneyland/refreshment-corner
2026-09-26,Gibson Girl Ice Cream Parlor,Disneyland Park,"Halloween Huey, Dewey, and Louie Bottle Topper",Seasonal Offerings,Snack,"with purchase of beverage at time of purchase. Limit two (2) per person, per transaction. No discounts apply.",9.49,disneyland/gibson-girl-ice-cream-parlor
2026-09-26,Gibson Girl Ice Cream Parlor,Disneyland Park,Rest In Chocolate,Seasonal Offerings,Snack,"Chocolate Ice Cream buried in a Chocolate-covered Waffle Cup topped with Chocolate Cookie Crumbles, Gummy Worms and a Chocolate Tombstone",12.79,disneyland/gibson-girl-ice-cream-parlor
2026-09-26,Gibson Girl Ice Cream Parlor,Disneyland Park,Magic Key Ursula Straw Clip,Seasonal Offerings,Snack,"with purchase of beverage at time of purchase. Limit one (1) per person, per Magic Key Pass, per transaction. No discounts apply.",9.49,disneyland/gibson-girl-ice-cream-parlor
2026-09-26,Gibson Girl Ice Cream Parlor,Disneyland Park,Mickey's Ice Cream Truck,Specialties,Snack,"with choice of Two-Scoop Sundae. Limit two (2) per person, per transaction. No discounts apply.",31.99,disneyland/gibson-girl-ice-cream-parlor
2026-09-26,Gibson Girl Ice Cream Parlor,Disneyland Park,Chocolate Chip Cookie Sundae,Specialties,Snack,"two scoops of Vanilla Ice Cream and two Fresh-baked Chocolate Chip Cookies, with Fudge Topping, Whipped Cream and a Cherry",10.79,disneyland/gibson-girl-ice-cream-parlor
2026-09-26,Gibson Girl Ice Cream Parlor,Disneyland Park,Firehouse Dalmatian Mint Sundae,Specialties,Snack,"two Scoops of Mint Chocolate Chip Ice Cream served in a Waffle Cup with Fudge Topping, Whipped Cream and a Cherry",9.79,disneyland/gibson-girl-ice-cream-parlor
2026-09-26,Gibson Girl Ice Cream Parlor,Disneyland Park,Strawberry Street Car Sundae,Specialties,Snack,"Strawberry and Vanilla Ice Cream, served in a Dipped Waffle Cup, with Strawberry Topping, Strawberry Crisp and Whipped Cream",12.79,disneyland/gibson-girl-ice-cream-parlor
2026-09-26,Gibson Girl Ice Cream Parlor,Disneyland Park,Ice Cream Float,Specialties,Snack,"two Scoops of Vanilla Ice Cream served with choice of Barq's® Root Beer, Fanta® Orange, or Coca-Cola®",8.69,disneyland/gibson-girl-ice-cream-parlor
2026-09-26,Gibson Girl Ice Cream Parlor,Disneyland Park,Dipped Waffle Cone - Single Scoop,By The Scoop - Waffle Cones or Waffle Cups,Snack,single scoop of Ice Cream served in a Chocolate Dipped Waffle Cone dipped in Peanuts or Rainbow Sprinkles,8.49,disneyland/gibson-girl-ice-cream-parlor
2026-09-26,Gibson Girl Ice Cream Parlor,Disneyland Park,Dipped Waffle Cone - Double Scoop,By The Scoop - Waffle Cones or Waffle Cups,Snack,double scoop of Ice Cream served in a Chocolate Dipped Waffle Cone dipped in Peanuts or Rainbow Sprinkles,9.49,disneyland/gibson-girl-ice-cream-parlor
2026-09-26,Gibson Girl Ice Cream Parlor,Disneyland Park,Waffle Cone or Cup - Single Scoop,By The Scoop - Waffle Cones or Waffle Cups,Snack,single scoop of Ice Cream served in a Waffle Cone or Waffle Cup,7.99,disneyland/gibson-girl-ice-cream-parlor
2026-09-26,Gibson Girl Ice Cream Parlor,Disneyland Park,Waffle Cone or Cup - Double Scoop,By The Scoop - Waffle Cones or Waffle Cups,Snack,double scoop of Ice Cream served in a Waffle Cone or Waffle Cup,8.99,disneyland/gibson-girl-ice-cream-parlor
2026-09-26,Gibson Girl Ice Cream Parlor,Disneyland Park,Regular Cone or Regular Cup - Single Scoop,By The Scoop - Regular Cones or Regular Cups,Snack,single scoop of Ice Cream served in a Sugar Cone or cup,7.49,disneyland/gibson-girl-ice-cream-parlor
2026-09-26,Gibson Girl Ice Cream Parlor,Disneyland Park,Regular Cone or Regular Cup - Double Scoop,By The Scoop - Regular Cones or Regular Cups,Snack,double scoop of Ice Cream served in a Sugar Cone or cup,8.49,disneyland/gibson-girl-ice-cream-parlor
2026-09-26,Gibson Girl Ice Cream Parlor,Disneyland Park,Peanuts,Ice Cream Toppings,Snack,Roasted and Chopped Peanuts,1.49,disneyland/gibson-girl-ice-cream-parlor
2026-09-26,Gibson Girl Ice Cream Parlor,Disneyland Park,Sprinkles,Ice Cream Toppings,Snack,Seasonal Sprinkles,1.49,disneyland/gibson-girl-ice-cream-parlor
2026-09-26,Gibson Girl Ice Cream Parlor,Disneyland Park,Strawberry Topping,Ice Cream Toppings,Snack,Chopped Strawberries in Sauce,1.49,disneyland/gibson-girl-ice-cream-parlor
2026-09-26,Gibson Girl Ice Cream Parlor,Disneyland Park,Hot Fudge,Ice Cream Toppings,Snack,Hot Fudge,1.49,disneyland/gibson-girl-ice-cream-parlor
2026-09-26,Gibson Girl Ice Cream Parlor,Disneyland Park,Chocolate Chips,Ice Cream Toppings,Snack,Mini Chocolate Chips,1.49,disneyland/gibson-girl-ice-cream-parlor
2026-09-26,Gibson Girl Ice Cream Parlor,Disneyland Park,Butterscotch Caramel,Ice Cream Toppings,Snack,Butterscotch Caramel Topping,1.49,disneyland/gibson-girl-ice-cream-parlor
2026-09-26,Gibson Girl Ice Cream Parlor,Disneyland Park,Ice Cream Sandwich,Desserts,Snack,Scoop of Ice Cream sandwiched between Two Freshly-baked Chocolate Chip Cookies,8.79,disneyland/gibson-girl-ice-cream-parlor
2026-09-26,Gibson Girl Ice Cream Parlor,Disneyland Park,Mickey's Ice Cream Bar,Desserts,Snack,Vanilla Ice Cream coated in Chocolate,5.99,disneyland/gibson-girl-ice-cream-parlor
2026-09-26,Gibson Girl Ice Cream Parlor,Disneyland Park,Outshine® Strawberry Fruit Bar,Desserts,Snack,Frozen Strawberry Fruit Bar,5.59,disneyland/gibson-girl-ice-cream-parlor
2026-09-26,Gibson Girl Ice Cream Parlor,Disneyland Park,Bottled Coca-Cola®,Bottled Beverages,Snack,,5.49,disneyland/gibson-girl-ice-cream-parlor
2026-09-26,Gibson Girl Ice Cream Parlor,Disneyland Park,Bottled Diet Coke®,Bottled Beverages,Snack,,5.49,disneyland/gibson-girl-ice-cream-parlor
2026-09-26,Gibson Girl Ice Cream Parlor,Disneyland Park,Bottled Sprite®,Bottled Beverages,Snack,,5.49,disneyland/gibson-girl-ice-cream-parlor
2026-09-26,Gibson Girl Ice Cream Parlor,Disneyland Park,DASANI® Bottled Water,Bottled Beverages,Snack,,4.79,disneyland/gibson-girl-ice-cream-parlor
2026-09-26,Little Red Wagon,Disneyland Park,Magic Key Ursula Straw Clip,Seasonal Offerings,Lunch And Dinner,"with purchase of beverage at time of purchase. Limit one (1) per person, per Magic Key Pass, per transaction. No discounts apply.",9.49,disneyland/little-red-wagon
2026-09-26,Little Red Wagon,Disneyland Park,Pain and Panic Straw Clip,Seasonal Offerings,Lunch And Dinner,"with purchase of beverage at time of purchase. Limit two (2) per person, per transaction. No discounts apply.",8.49,disneyland/little-red-wagon
2026-09-26,Little Red Wagon,Disneyland Park,Abominable Snowman Sipper,Seasonal Offerings,Lunch And Dinner,"includes choice of Coca-Cola® bottled beverage at time of purchase. Limit ten (10) per person, per transaction. No discounts apply.",24.39,disneyland/little-red-wagon
2026-09-26,Little Red Wagon,Disneyland Park,Spicy Chili-Cheese Corn Dog,Entrées,Lunch And Dinner,"Classic Corn Dog topped with Spicy Chili, Jalapeño-Cilantro Crema, Cheddar and Hot Cheese Puff Dust, served with choice of Cuties® Mandarin Oranges or Potato Chips",14.79,disneyland/little-red-wagon
2026-09-26,Little Red Wagon,Disneyland Park,Hand-dipped Corn Dog,Entrées,Lunch And Dinner,with a Cuties® Mandarin Orange or a Small Bag of Chips,11.29,disneyland/little-red-wagon
2026-09-26,Little Red Wagon,Disneyland Park,CHEETOS® Crunchy Cheese Flavored Snacks,Snacks,Lunch And Dinner,,4.29,disneyland/little-red-wagon
2026-09-26,Little Red Wagon,Disneyland Park,DORITOS® Nacho Cheese Flavored Tortilla Chips,Snacks,Lunch And Dinner,,4.29,disneyland/little-red-wagon
2026-09-26,Little Red Wagon,Disneyland Park,CHEETOS® Crunchy FLAMIN' HOT® Cheese Flavored Snacks,Snacks,Lunch And Dinner,,4.29,disneyland/little-red-wagon
2026-09-26,Little Red Wagon,Disneyland Park,Pickle,Snacks,Lunch And Dinner,Whole Dill Pickle,4.99,disneyland/little-red-wagon
2026-09-26,Little Red Wagon,Disneyland Park,Lychee-Strawberry Green Tea,Beverages,Lunch And Dinner,Infused with Lychee and Strawberry,7.49,disneyland/little-red-wagon
2026-09-26,Little Red Wagon,Disneyland Park,Strawberry Lemonade Wagonade,Beverages,Lunch And Dinner,Lemonade with Strawberries,7.49,disneyland/little-red-wagon
2026-09-26,Little Red Wagon,Disneyland Park,Bottled Coca-Cola®,Beverages,Lunch And Dinner,,5.49,disneyland/little-red-wagon
2026-09-26,Little Red Wagon,Disneyland Park,Bottled Diet Coke®,Beverages,Lunch And Dinner,,5.49,disneyland/little-red-wagon
2026-09-26,Little Red Wagon,Disneyland Park,Bottled Coca-Cola® Zero Sugar,Beverages,Lunch And Dinner,,5.49,disneyland/little-red-wagon
2026-09-26,Little Red Wagon,Disneyland Park,Bottled Sprite®,Beverages,Lunch And Dinner,,5.49,disneyland/little-red-wagon
2026-09-26,Little Red Wagon,Disneyland Park,DASANI® Bottled Water,Beverages,Lunch And Dinner,,4.79,disneyland/little-red-wagon
2026-09-26,Red Rose Taverne,Disneyland Park,Hades Glow Cube,Seasonal Offerings,Breakfast; Lunch And Dinner,"Includes choice of Fountain Beverage at time of purchase. Limit Two (2) per person, per transaction. No discounts apply.",11.69,disneyland/red-rose-taverne
2026-09-26,Red Rose Taverne,Disneyland Park,Enchanted Pumpkin Stuff,Seasonal Offerings,Breakfast; Lunch And Dinner,"Shortbread Cookie with a Mini Pumpkin Pie inside, topped with Pumpkin Mousse, Sprinkles, Silver Stars, Chocolate Branch and Leaves",7.99,disneyland/red-rose-taverne
2026-09-26,Red Rose Taverne,Disneyland Park,Halloween Travel Tumbler,Seasonal Offerings,Breakfast; Lunch And Dinner,"includes choice of Fountain Beverage at time of purchase. Limit ten (10) per person, per transaction. No discounts apply.",14.99,disneyland/red-rose-taverne
2026-09-26,Red Rose Taverne,Disneyland Park,Abominable Snowman Sipper,Seasonal Offerings,Breakfast; Lunch And Dinner,"includes choice of Fountain Beverage at time of purchase. Limit ten (10) per person, per transaction. No discounts apply.",24.39,disneyland/red-rose-taverne
2026-09-26,Red Rose Taverne,Disneyland Park,Breakfast Fantasyland Faire Fold,Breakfast Selections,Breakfast,"Flour Tortilla filled with Cheese, Hash Brown, Egg, Bacon, Sausage and Creamy Aïoli",12.99,disneyland/red-rose-taverne
2026-09-26,Red Rose Taverne,Disneyland Park,Bonjour! Breakfast,Breakfast Selections,Breakfast,"Scrambled Eggs served with Hash Brown, Bacon and Sausage",9.49,disneyland/red-rose-taverne
2026-09-26,Red Rose Taverne,Disneyland Park,Little Town Harvest Bowl,Plant-Based,Breakfast; Lunch And Dinner,"Mix of Quinoa, Roasted Mushrooms and Cauliflower with Arugula and Marinated Tomatoes over Fries, topped with Spicy Aïoli",9.99,disneyland/red-rose-taverne
2026-09-26,Red Rose Taverne,Disneyland Park,Mickey-shaped Pancake,Chip's Dishes,Breakfast,"with choice of Bacon, Sausage or Hash Browns",9.49,disneyland/red-rose-taverne
2026-09-26,Red Rose Taverne,Disneyland Park,POWER Pack,Kids' Disney Check Meals,Breakfast; Lunch And Dinner,"A Cuties® Mandarin Orange, Applesauce, Carrots and Whole Grain ""Fish"" Crackers with choice of small DASANI® Water or small Lowfat Milk. Meets Disney Nutrition Guidelines for Complete Meals without substitutions",6.99,disneyland/red-rose-taverne
2026-09-26,Red Rose Taverne,Disneyland Park,Applesauce,Sides,Breakfast,,2.39,disneyland/red-rose-taverne
2026-09-26,Red Rose Taverne,Disneyland Park,Hash Brown,Sides,Breakfast,,3.19,disneyland/red-rose-taverne
2026-09-26,Red Rose Taverne,Disneyland Park,French Toast Cold Brew,Beverages,Breakfast; Lunch And Dinner,"Joffrey’s™ French Roast Cold Brew Coffee with Brown Sugar and Vanilla, topped with Cinnamon Cream and Cinnamon Cereal",8.49,disneyland/red-rose-taverne
2026-09-26,Red Rose Taverne,Disneyland Park,Assorted Fountain Beverages - Regular,Beverages,Breakfast; Lunch And Dinner,assorted Coca-Cola® offerings,4.99,disneyland/red-rose-taverne
2026-09-26,Red Rose Taverne,Disneyland Park,Assorted Fountain Beverages - Large,Beverages,Breakfast; Lunch And Dinner,assorted Coca-Cola® offerings,5.69,disneyland/red-rose-taverne
2026-09-26,Red Rose Taverne,Disneyland Park,DASANI® Bottled Water,Beverages,Breakfast; Lunch And Dinner,,4.79,disneyland/red-rose-taverne
2026-09-26,Red Rose Taverne,Disneyland Park,Coffee - Regular,Beverages,Breakfast; Lunch And Dinner,,5.49,disneyland/red-rose-taverne
2026-09-26,Red Rose Taverne,Disneyland Park,Coffee - Decaffeinated,Beverages,Breakfast; Lunch And Dinner,,5.49,disneyland/red-rose-taverne
2026-09-26,Red Rose Taverne,Disneyland Park,Hot Tea,Beverages,Breakfast; Lunch And Dinner,,5.49,disneyland/red-rose-taverne
2026-09-26,Red Rose Taverne,Disneyland Park,Hot Cocoa,Beverages,Breakfast; Lunch And Dinner,,5.49,disneyland/red-rose-taverne
2026-09-26,Red Rose Taverne,Disneyland Park,Lowfat Milk,Beverages,Breakfast; Lunch And Dinner,,3.49,disneyland/red-rose-taverne
2026-09-26,Red Rose Taverne,Disneyland Park,Minute Maid® Apple Juice,Beverages,Breakfast; Lunch And Dinner,,3.49,disneyland/red-rose-taverne
2026-09-26,Red Rose Taverne,Disneyland Park,Simply® Orange Juice,Beverages,Breakfast; Lunch And Dinner,,5.59,disneyland/red-rose-taverne
2026-09-26,Red Rose Taverne,Disneyland Park,Gaston Burger,Featured Selections,Lunch And Dinner,"Beef Patty, Pastrami, Cheese, Pickles, Sautéed Onions & Bell Peppers and Pepperoncini Burger Sauce, served with Cuties® Mandarin Oranges or Fries",18.29,disneyland/red-rose-taverne
2026-09-26,Red Rose Taverne,Disneyland Park,Provincial Burger,Featured Selections,Lunch And Dinner,"Beef Patty, Cheese, Burger Sauce and Pickles, served with Cuties® Mandarin Oranges or Fries",16.79,disneyland/red-rose-taverne
2026-09-26,Red Rose Taverne,Disneyland Park,Chicken Fantasyland Faire Fold,Featured Selections,Lunch And Dinner,"Flour Tortilla filled with a Chicken Patty, Hash Brown, Cheese and Pickle Aïoli",15.49,disneyland/red-rose-taverne
2026-09-26,Red Rose Taverne,Disneyland Park,Spicy Chicken Fantasyland Faire Fold,Featured Selections,Lunch And Dinner,"Flour Tortilla filled with Four-Chile Spice Chicken Patty, Hash Brown, Cheese and Pickle Aïoli",15.49,disneyland/red-rose-taverne
2026-09-26,Red Rose Taverne,Disneyland Park,Cottage Salad,Featured Selections,Lunch And Dinner,"Romaine Hearts, Hard-boiled Eggs, Bacon, Marinated Tomatoes, Chicken and Cucumbers, served with Green Goddess Ranch",14.79,disneyland/red-rose-taverne
2026-09-26,Red Rose Taverne,Disneyland Park,Petales de Pepperoni Flatbread,Featured Selections,Lunch And Dinner,Artisanal Pepperoni and Classic Pizzaiola Sauce with Mozzarella Cheese,11.49,disneyland/red-rose-taverne
2026-09-26,Red Rose Taverne,Disneyland Park,Pizza au Fromage,Featured Selections,Lunch And Dinner,Cheese Flatbread,10.49,disneyland/red-rose-taverne
2026-09-26,Red Rose Taverne,Disneyland Park,Les Tenders de Poulet,Featured Selections,Lunch And Dinner,Chicken Tenders with choice of Cuties® Mandarin Oranges or Fries and choice of Dipping Sauce,13.49,disneyland/red-rose-taverne
2026-09-26,Red Rose Taverne,Disneyland Park,Side Fries,Side,Lunch And Dinner,,4.79,disneyland/red-rose-taverne
2026-09-26,Red Rose Taverne,Disneyland Park,Applesauce,Side,Lunch And Dinner,,2.39,disneyland/red-rose-taverne
2026-09-26,Red Rose Taverne,Disneyland Park,Hamburger,Kids' Disney Check Meals,Lunch And Dinner,"with a Cuties® Mandarin Orange, Applesauce and choice of small DASANI® Water or small Lowfat Milk. Meets Disney Nutrition Guidelines for Complete Meals without substitutions",8.99,disneyland/red-rose-taverne
2026-09-26,Red Rose Taverne,Disneyland Park,Mac & Cheese,Chip's Dishes,Lunch And Dinner,"with a Cuties® Mandarin Orange, Applesauce and choice of small DASANI® Water or small Lowfat Milk",8.49,disneyland/red-rose-taverne
2026-09-26,Maurice's Treats,Disneyland Park,Sea Salt Vanilla Cream,Snacks,Snack,with Halloween Sprinkles,2.79,disneyland/maurices-treats
2026-09-26,Maurice's Treats,Disneyland Park,Chocolate Croissant Cookie,Snacks,Snack,Flat Croissant filled with Chocolate and coated in Sugar,7.49,disneyland/maurices-treats
2026-09-26,Maurice's Treats,Disneyland Park,Cheesy Garlic Pretzel Bread with Bratwurst,Snacks,Snack,(served after 11am),13.79,disneyland/maurices-treats
2026-09-26,Maurice's Treats,Disneyland Park,Breakfast Cheesy Pretzel Bread,Snacks,Snack,(served until 11am or while supplies last) with Scrambled Eggs and Sausage,13.49,disneyland/maurices-treats
2026-09-26,Maurice's Treats,Disneyland Park,Garlic Cheesy Pretzel Bread,Snacks,Snack,Pretzel Bread stuffed with Cheesy Garlic Spread,8.29,disneyland/maurices-treats
2026-09-26,Maurice's Treats,Disneyland Park,Marinara Sauce,Snacks,Snack,,1.39,disneyland/maurices-treats
2026-09-26,Maurice's Treats,Disneyland Park,Tiramisù Nitro Cold Brew,Beverages,Snack,"Nitro Cold Brew with Dark Chocolate Syrup, topped with Tiramisù Cream",8.49,disneyland/maurices-treats
2026-09-26,Maurice's Treats,Disneyland Park,Boysen Apple Freeze - Regular,Beverages,Snack,,7.29,disneyland/maurices-treats
2026-09-26,Maurice's Treats,Disneyland Park,Boysen Apple Freeze - Souvenir Mug,Beverages,Snack,,16.79,disneyland/maurices-treats
2026-09-26,Maurice's Treats,Disneyland Park,Nitro Cold Brew,Beverages,Snack,,7.49,disneyland/maurices-treats
2026-09-26,Maurice's Treats,Disneyland Park,Coffee,Beverages,Snack,,5.49,disneyland/maurices-treats
2026-09-26,Maurice's Treats,Disneyland Park,Hot Cocoa,Beverages,Snack,,5.49,disneyland/maurices-treats
2026-09-26,Maurice's Treats,Disneyland Park,DASANI® Bottled Water,Beverages,Snack,,4.79,disneyland/maurices-treats
2026-09-26,Maurice's Treats,Disneyland Park,smartwater® 700ml,Beverages,Snack,smartwater® 700ml,5.79,disneyland/maurices-treats
2026-09-26,Edelweiss Snacks,Disneyland Park,Fantasyland Garlic Cheesy Brat,Seasonal Offering,Snack,Bratwurst in a Cheesy Garlic Pretzel Bread,13.79,disneyland/edelweiss-snacks
2026-09-26,Edelweiss Snacks,Disneyland Park,Matterhorn Puff,Snacks,Snack,"filled with Cinnamon Apples and Cream, topped with Chocolate and Snow Sugar",7.49,disneyland/edelweiss-snacks
2026-09-26,Edelweiss Snacks,Disneyland Park,Turkey Leg,Snacks,Snack,,14.49,disneyland/edelweiss-snacks
2026-09-26,Edelweiss Snacks,Disneyland Park,Cheesy Garlic Pretzel Bread,Snacks,Snack,Pretzel Bread stuffed with Cheesy Garlic Spread,8.29,disneyland/edelweiss-snacks
2026-09-26,Edelweiss Snacks,Disneyland Park,Marinara Sauce,Sides,Snack,,1.39,disneyland/edelweiss-snacks
2026-09-26,Edelweiss Snacks,Disneyland Park,Ranch Dressing,Sides,Snack,,1.39,disneyland/edelweiss-snacks
2026-09-26,Edelweiss Snacks,Disneyland Park,BBQ Sauce,Sides,Snack,,1.39,disneyland/edelweiss-snacks
2026-09-26,Edelweiss Snacks,Disneyland Park,Buffalo Sauce,Sides,Snack,,1.39,disneyland/edelweiss-snacks
2026-09-26,Edelweiss Snacks,Disneyland Park,Sweet Chili Sauce,Sides,Snack,,1.39,disneyland/edelweiss-snacks
2026-09-26,Edelweiss Snacks,Disneyland Park,Frozen Slush,Soft-frozen Beverages,Snack,"choose from Fanta® Wild Cherry, Fanta® Blue Raspberry, Coca-Cola® or Minute Maid® Aguas Frescas Mango Lime",7.29,disneyland/edelweiss-snacks
2026-09-26,Edelweiss Snacks,Disneyland Park,Assorted Fountain Beverages - Regular,Beverages,Snack,assorted Coca-Cola® offerings,4.99,disneyland/edelweiss-snacks
2026-09-26,Edelweiss Snacks,Disneyland Park,Assorted Fountain Beverages - Large,Beverages,Snack,assorted Coca-Cola® offerings,5.69,disneyland/edelweiss-snacks
2026-09-26,Edelweiss Snacks,Disneyland Park,DASANI® Bottled Water,Beverages,Snack,,4.79,disneyland/edelweiss-snacks
2026-09-26,Troubadour Tavern,Disneyland Park,Hades Glow Cube,Seasonal Offerings,Snack,"Includes choice of Fountain Beverage at time of purchase. Limit Two (2) per person, per transaction. No discounts apply.",11.69,disneyland/troubadour-tavern
2026-09-26,Troubadour Tavern,Disneyland Park,"Halloween Huey, Dewey, and Louie Bottle Topper",Seasonal Offerings,Snack,"with purchase of beverage at time of purchase. Limit two (2) per person, per transaction. No discounts apply.",9.49,disneyland/troubadour-tavern
2026-09-26,Troubadour Tavern,Disneyland Park,Halloween Travel Tumbler,Seasonal Offerings,Snack,"includes choice of Fountain Beverage at time of purchase. Limit ten (10) per person, per transaction. No discounts apply.",14.99,disneyland/troubadour-tavern
2026-09-26,Troubadour Tavern,Disneyland Park,Magic Key Ursula Straw Clip,Seasonal Offerings,Snack,"with purchase of beverage at time of purchase. Limit one (1) per person, per Magic Key Pass, per transaction. No discounts apply.",9.49,disneyland/troubadour-tavern
2026-09-26,Troubadour Tavern,Disneyland Park,Pain and Panic Straw Clip,Seasonal Offerings,Snack,"with purchase of beverage at time of purchase. Limit two (2) per person, per transaction. No discounts apply.",8.49,disneyland/troubadour-tavern
2026-09-26,Troubadour Tavern,Disneyland Park,Bluey Sipper,Seasonal Offerings,Snack,"includes choice of Fountain Beverage at time of purchase. Limit two (2) per person, per transaction. No discounts apply.",22.29,disneyland/troubadour-tavern
2026-09-26,Troubadour Tavern,Disneyland Park,Pizza Girls Baked Potato,Fancy Snacks ,Snack,"Pepperoni, Sausage, Bacon Bits, Marinara, Mozzarella, Alfredo Sauce and Parmesan Herb Topper",12.99,disneyland/troubadour-tavern
2026-09-26,Troubadour Tavern,Disneyland Park,The Troubadour Baked Potato,Fancy Snacks ,Snack,"Butter, Sour Cream, Cheese, Bacon Bits and Green Onions",9.99,disneyland/troubadour-tavern
2026-09-26,Troubadour Tavern,Disneyland Park,Poffertjes! Poffertjes!,Fancy Snacks ,Snack,Mini Dutch Pancakes topped with Buttered Condensed Milk and Powdered Sugar,7.99,disneyland/troubadour-tavern
2026-09-26,Troubadour Tavern,Disneyland Park,Magic “Asparagus” Pretzel,Fancy Snacks ,Snack,Pretzel Rod covered in White Chocolate,3.99,disneyland/troubadour-tavern
2026-09-26,Troubadour Tavern,Disneyland Park,Mini All-Beef Hot Dog,Bites,Snack,"served with a Cuties® Mandarin Orange, Applesauce and choice of small DASANI® Water or small Lowfat Milk",5.99,disneyland/troubadour-tavern
2026-09-26,Troubadour Tavern,Disneyland Park,Pavlova Parfait,Bites,Snack,"Meringue Bites, Vanilla Yogurt Mousse, Berry Compote, Vanilla Cake, Fresh Berries and Candied Kiwi",8.29,disneyland/troubadour-tavern
2026-09-26,Troubadour Tavern,Disneyland Park,Mickey's Ice Cream Bar,Bites,Snack,,5.99,disneyland/troubadour-tavern
2026-09-26,Troubadour Tavern,Disneyland Park,Watermelon Ice Block,Bites,Snack,,5.79,disneyland/troubadour-tavern
2026-09-26,Troubadour Tavern,Disneyland Park,Side Bacon Bits,Sides,Snack,,2.19,disneyland/troubadour-tavern
2026-09-26,Troubadour Tavern,Disneyland Park,Ranch Dressing,Sides,Snack,,1.39,disneyland/troubadour-tavern
2026-09-26,Troubadour Tavern,Disneyland Park,Marinara Sauce,Sides,Snack,,1.39,disneyland/troubadour-tavern
2026-09-26,Troubadour Tavern,Disneyland Park,Side Sour Cream,Sides,Snack,,1.29,disneyland/troubadour-tavern
2026-09-26,Troubadour Tavern,Disneyland Park,Lime Ice Block Drink,Beverages,Snack,Pineapple Limeade with Coconut Milk and Watermelon Ice Block,10.99,disneyland/troubadour-tavern
2026-09-26,Troubadour Tavern,Disneyland Park,Mud Cake Cold Brew,Beverages,Snack,"Joffrey’s Coffee™ French Roast Cold Brew with Malted Milk Topper, Fudge Brownie Bits and Sprinkles",8.49,disneyland/troubadour-tavern
2026-09-26,Troubadour Tavern,Disneyland Park,Assorted Fountain Beverages - Regular,Beverages,Snack,,4.99,disneyland/troubadour-tavern
2026-09-26,Troubadour Tavern,Disneyland Park,Assorted Fountain Beverages - Large,Beverages,Snack,,5.69,disneyland/troubadour-tavern
2026-09-26,Troubadour Tavern,Disneyland Park,DASANI® Bottled Water,Beverages,Snack,,4.79,disneyland/troubadour-tavern
2026-09-26,Troubadour Tavern,Disneyland Park,Coffee - Regular,Beverages,Snack,,5.49,disneyland/troubadour-tavern
2026-09-26,Troubadour Tavern,Disneyland Park,Hot Cocoa,Beverages,Snack,,5.49,disneyland/troubadour-tavern
2026-09-26,Troubadour Tavern,Disneyland Park,Hot Tea,Beverages,Snack,,5.49,disneyland/troubadour-tavern
2026-09-26,Galactic Grill,Disneyland Park,Hades Glow Cube,Seasonal Offerings,Breakfast; Lunch And Dinner,"Includes choice of Fountain Beverage at time of purchase. Limit Two (2) per person, per transaction. No discounts apply.",11.69,disneyland/galactic-grill
2026-09-26,Galactic Grill,Disneyland Park,Coco Lantern Sipper,Seasonal Offerings,Breakfast; Lunch And Dinner,"includes choice of Fountain Beverage at time of purchase. Limit two (2) per person, per transaction. No discounts apply.",30.99,disneyland/galactic-grill
2026-09-26,Galactic Grill,Disneyland Park,Pumpkin Cream Sweet Tea,Seasonal Offerings,Breakfast; Lunch And Dinner,Sweet Tea with Pumpkin Cream Foam Topping,7.49,disneyland/galactic-grill
2026-09-26,Galactic Grill,Disneyland Park,Darth by Chocolate Cold Brew,Seasonal Offerings,Breakfast; Lunch And Dinner,"Joffrey’s Coffee™ Cold Brew with flavors of Red Velvet Cake and Chocolate topped with Vanilla Foam, Chocolate Cookie Pieces and Sprinkles",8.49,disneyland/galactic-grill
2026-09-26,Galactic Grill,Disneyland Park,Magic Key Ursula Straw Clip,Seasonal Offerings,Breakfast; Lunch And Dinner,"with purchase of beverage at time of purchase. Limit one (1) per person, per Magic Key Pass, per transaction. No discounts apply.",9.49,disneyland/galactic-grill
2026-09-26,Galactic Grill,Disneyland Park,Halloween Travel Tumbler,Seasonal Offerings,Breakfast; Lunch And Dinner,"includes choice of Fountain Beverage at time of purchase. Limit ten (10) per person, per transaction. No discounts apply.",14.99,disneyland/galactic-grill
2026-09-26,Galactic Grill,Disneyland Park,Vampire Mickey Mouse Bucket,Seasonal Offerings,Breakfast; Lunch And Dinner,"includes side of French Fries at time of purchase. Limit two (2) per person, per transaction. No discounts apply.",32.99,disneyland/galactic-grill
2026-09-26,Galactic Grill,Disneyland Park,Pain and Panic Straw Clip,Seasonal Offerings,Breakfast; Lunch And Dinner,"with purchase of beverage at time of purchase. Limit two (2) per person, per transaction. No discounts apply.",8.49,disneyland/galactic-grill
2026-09-26,Galactic Grill,Disneyland Park,Oogie Boogie Moon Glow Cube,Seasonal Offerings,Breakfast; Lunch And Dinner,"Includes choice of Fountain Beverage at time of purchase. Limit Two (2) per person, per transaction. No discounts apply.",11.69,disneyland/galactic-grill
2026-09-26,Galactic Grill,Disneyland Park,The Mandalorian and Grogu Stainless Steel Tumbler,Seasonal Offerings,Breakfast; Lunch And Dinner,"includes choice of Fountain Beverage, Coffee, Hot Tea or Hot Cocoa at time of purchase. Limit two (2) per person, per transaction. No discounts apply.",27.79,disneyland/galactic-grill
2026-09-26,Galactic Grill,Disneyland Park,Bantha Sipper,Seasonal Offerings,Breakfast; Lunch And Dinner,"includes choice of Fountain Beverage at time of purchase. Limit two (2) per person, per transaction.",29.79,disneyland/galactic-grill
2026-09-26,Galactic Grill,Disneyland Park,Little Green Men Jetpack Sipper,Seasonal Offerings,Breakfast; Lunch And Dinner,"includes choice of Fountain Beverage at time of purchase. Limit two (2) per person, per transaction. No discounts apply.",29.79,disneyland/galactic-grill
2026-09-26,Galactic Grill,Disneyland Park,Chicken Tenders & Waffles,Entrées,Breakfast,"Chicken Tenders and Buttermilk Waffles topped with Fresh Fruit and Powdered Sugar, served with a Maple Cream Sauce and Galactic Tangy Sauce",14.99,disneyland/galactic-grill
2026-09-26,Galactic Grill,Disneyland Park,American Breakfast Burrito,Entrées,Breakfast,"Flour Tortilla with Egg, Bacon, Sausage, Hash Browns, and Cheese",12.99,disneyland/galactic-grill
2026-09-26,Galactic Grill,Disneyland Park,Seasonal Fruit,Entrées,Breakfast,,5.49,disneyland/galactic-grill
2026-09-26,Galactic Grill,Disneyland Park,Soy Chorizo Country Breakfast Burrito,Plant-based Breakfast,Breakfast,"Soy Chorizo, Spiced Potatoes, Grilled Peppers, Onions, Egg, Cheddar, Pico de Gallo and Chipotle Sauce in a Spinach Flour Tortilla",12.99,disneyland/galactic-grill
2026-09-26,Galactic Grill,Disneyland Park,Bacon,Sides,Breakfast,,4.49,disneyland/galactic-grill
2026-09-26,Galactic Grill,Disneyland Park,Sausage,Sides,Breakfast,,4.49,disneyland/galactic-grill
2026-09-26,Galactic Grill,Disneyland Park,Hash Brown,Sides,Breakfast,,3.19,disneyland/galactic-grill
2026-09-26,Galactic Grill,Disneyland Park,Seasoned Breakfast Potatoes,Sides,Breakfast,Spiced Fried Potatoes with Peppers and Onions,5.29,disneyland/galactic-grill
2026-09-26,Galactic Grill,Disneyland Park,Darth by Chocolate,Desserts,Breakfast; Lunch And Dinner,"Layers of Chocolate Pudding, Red Velvet Sponge, Chocolate Mousse and Crushed Chocolate Crème-filled Cookies",7.79,disneyland/galactic-grill
2026-09-26,Galactic Grill,Disneyland Park,Outshine® Strawberry Fruit Bar,Desserts,Breakfast; Lunch And Dinner,,5.59,disneyland/galactic-grill
2026-09-26,Galactic Grill,Disneyland Park,Mickey's Ice Cream Bar,Desserts,Breakfast; Lunch And Dinner,Vanilla Ice Cream coated in Chocolate,5.99,disneyland/galactic-grill
2026-09-26,Galactic Grill,Disneyland Park,Nestlé®Toll House® Vanilla Chocolate Chip Cookie Sandwich,Desserts,Breakfast; Lunch And Dinner,,5.89,disneyland/galactic-grill
2026-09-26,Galactic Grill,Disneyland Park,Chicken & Veggie Rice Bowl,Kids' Disney Check Meals,Breakfast,"Steamed Rice topped with Apricot-marinated Chicken and Roasted Vegetables served with Applesauce and a Cuties® Mandarin, with choice of Small Lowfat Milk or Small DASANI® Water. Meets Disney Nutrition Guidelines for Complete Meals without substitutions",8.49,disneyland/galactic-grill
2026-09-26,Galactic Grill,Disneyland Park,Mini Meteor Pancake Kids Meal,Kids' Meals,Breakfast,"Eggs, Bacon, Mini Pancakes, Seasonal Fruit and choice of small DASANI® Water or small Lowfat Milk",8.99,disneyland/galactic-grill
2026-09-26,Galactic Grill,Disneyland Park,Cold Brew Coffee,Specialty Beverages,Breakfast; Lunch And Dinner,smooth and rich Cold Brew Coffee served over Ice,6.99,disneyland/galactic-grill
2026-09-26,Galactic Grill,Disneyland Park,Blue Raspberry Slush with Glow Cube,Specialty Beverages,Breakfast; Lunch And Dinner,Blue Raspberry Slush served with a Light-Up Glow Cube,13.49,disneyland/galactic-grill
2026-09-26,Galactic Grill,Disneyland Park,Coca-Cola® Slush,Specialty Beverages,Breakfast; Lunch And Dinner,,7.29,disneyland/galactic-grill
2026-09-26,Galactic Grill,Disneyland Park,Coca-Cola® Slush with Glow Cube,Specialty Beverages,Breakfast; Lunch And Dinner,,13.49,disneyland/galactic-grill
2026-09-26,Galactic Grill,Disneyland Park,Mickey Mouse-shaped Glow Cube,Assorted Beverages,Breakfast; Lunch And Dinner,"Light-up your beverage. Limit ten (10) per person, per transaction.",6.99,disneyland/galactic-grill
2026-09-26,Galactic Grill,Disneyland Park,Assorted Fountain Beverages - Regular,Assorted Beverages,Breakfast; Lunch And Dinner,assorted Coca-Cola® offerings,4.99,disneyland/galactic-grill
2026-09-26,Galactic Grill,Disneyland Park,Assorted Fountain Beverages - Large,Assorted Beverages,Breakfast; Lunch And Dinner,assorted Coca-Cola® offerings,5.69,disneyland/galactic-grill
2026-09-26,Galactic Grill,Disneyland Park,DASANI® Bottled Water,Assorted Beverages,Breakfast; Lunch And Dinner,,4.79,disneyland/galactic-grill
2026-09-26,Galactic Grill,Disneyland Park,Simply Apple®,Assorted Beverages,Breakfast; Lunch And Dinner,,5.59,disneyland/galactic-grill
2026-09-26,Galactic Grill,Disneyland Park,Simply Orange®,Assorted Beverages,Breakfast; Lunch And Dinner,,5.59,disneyland/galactic-grill
2026-09-26,Galactic Grill,Disneyland Park,Minute Maid® Apple Juice,Assorted Beverages,Breakfast; Lunch And Dinner,,3.49,disneyland/galactic-grill
2026-09-26,Galactic Grill,Disneyland Park,Chocolate Milk,Assorted Beverages,Breakfast; Lunch And Dinner,,4.99,disneyland/galactic-grill
2026-09-26,Galactic Grill,Disneyland Park,Lowfat Milk,Assorted Beverages,Breakfast; Lunch And Dinner,,3.49,disneyland/galactic-grill
2026-09-26,Galactic Grill,Disneyland Park,Coffee - Regular,Assorted Beverages,Breakfast; Lunch And Dinner,,5.49,disneyland/galactic-grill
2026-09-26,Galactic Grill,Disneyland Park,Coffee - Decaffeinated,Assorted Beverages,Breakfast; Lunch And Dinner,,5.49,disneyland/galactic-grill
2026-09-26,Galactic Grill,Disneyland Park,Hot Cocoa,Assorted Beverages,Breakfast; Lunch And Dinner,,5.49,disneyland/galactic-grill
2026-09-26,Galactic Grill,Disneyland Park,Hot Tea,Assorted Beverages,Breakfast; Lunch And Dinner,,5.49,disneyland/galactic-grill
2026-09-26,Galactic Grill,Disneyland Park,Stellar Spicy Chicken Sandwich,Entrées,Lunch And Dinner,"Panko-crusted Chicken Breast, Ghost Pepper Salsa Verde, Pepper Jack, Pico de Gallo, Cilantro Lime Slaw and Crispy Onions, served on a Toasted Bun with your choice of a Cuties® Mandarin Orange or Fries",14.99,disneyland/galactic-grill
2026-09-26,Galactic Grill,Disneyland Park,The Tenderverse,Entrées,Lunch And Dinner,Chicken Tenders served with choice of Cuties® Mandarin Orange or Fries,13.99,disneyland/galactic-grill
2026-09-26,Galactic Grill,Disneyland Park,Cheeseburger Constellation,Entrées,Lunch And Dinner,"Beef Patty with American Cheese, Lettuce and House Burger Sauce served with choice of Cuties® Mandarin Orange or Fries",14.79,disneyland/galactic-grill
2026-09-26,Galactic Grill,Disneyland Park,Galaxy Fish & Chips,Entrées,Lunch And Dinner,"Beer-battered Fish, Tavern Fries and House-made Tartar Sauce",15.79,disneyland/galactic-grill
2026-09-26,Galactic Grill,Disneyland Park,Grilled Chicken Salad,Entrées,Lunch And Dinner,"Mixed Lettuce with Grilled Chicken, Cucumber, Tomato, Onion, Red Pepper and Feta Cheese, served with Roasted Pepper Ranch Dressing",14.79,disneyland/galactic-grill
2026-09-26,Galactic Grill,Disneyland Park,Chopped Salad,Plant-Based,Lunch And Dinner,"Mixed Lettuce with Cucumber, Tomato, Onion, Red Pepper, Beans and Parmesan, served with Italian Dressing",11.99,disneyland/galactic-grill
2026-09-26,Galactic Grill,Disneyland Park,Galactic Cargo Fries,Sides,Lunch And Dinner,,4.79,disneyland/galactic-grill
2026-09-26,Galactic Grill,Disneyland Park,Dill Pickle,Sides,Lunch And Dinner,,4.99,disneyland/galactic-grill
2026-09-26,Galactic Grill,Disneyland Park,Kids' Hamburger,Kids' Disney Check Meal,Lunch And Dinner,"served with applesauce, a Cuties® Mandarin served with choice of Small Lowfat Milk or Small DASANI® Water. Meets Disney Nutrition Guidelines for Complete Meals without substitutions",8.99,disneyland/galactic-grill
2026-09-26,Galactic Grill,Disneyland Park,Chicken & Veggie Rice Bowl,Kids' Disney Check Meal,Lunch And Dinner,"Steamed Rice topped with Apricot-marinated Chicken and Roasted Vegetables served with Applesauce and a Cuties® Mandarin, with choice of Small Lowfat Milk or Small DASANI® Water. Meets Disney Nutrition Guidelines for Complete Meals without substitutions",8.49,disneyland/galactic-grill
2026-09-26,Galactic Grill,Disneyland Park,Macaroni and Cheese,Kids' Meals,Lunch And Dinner,"served with applesauce, a Cuties® Mandarin and choice of Small Lowfat Milk or Small DASANI® Water.",8.49,disneyland/galactic-grill
2026-09-26,Oga's Cantina at the Disneyland Resort,Disneyland Park,The Grinning Loth-cat with Souvenir Mug,Concoctions without Alcohol,Lounge,"Guava Juice, Coconut Milk, Lime Juice, Pure Cane Syrup, topped with Basil Crystals, served in a souvenir Loth-cat Carved Mug",37.00,disneyland/ogas-cantina
2026-09-26,Oga's Cantina at the Disneyland Resort,Disneyland Park,The Grinning Loth-cat,Concoctions without Alcohol,Lounge,"Guava Juice, Coconut Milk, Lime Juice, Pure Cane Syrup, topped with Basil Crystals",8.75,disneyland/ogas-cantina
2026-09-26,Oga's Cantina at the Disneyland Resort,Disneyland Park,Hyperdrive (Punch It!),Concoctions without Alcohol,Lounge,"Powerade® Mountain Berry Blast, White Cranberry Juice, Black Cherry Purée, and Sprite®",8.75,disneyland/ogas-cantina
2026-09-26,Oga's Cantina at the Disneyland Resort,Disneyland Park,Blurrgfire,Concoctions without Alcohol,Lounge,"Minute Maid® Lemonade, Pomegranate Juice, and Habanero-Lime",9.25,disneyland/ogas-cantina
2026-09-26,Oga's Cantina at the Disneyland Resort,Disneyland Park,Jabba Juice,Concoctions without Alcohol,Lounge,"Simply Orange® with Pineapple, Kiwi, Cantaloupe, and Blueberry Flavor-filled Boba",7.75,disneyland/ogas-cantina
2026-09-26,Oga's Cantina at the Disneyland Resort,Disneyland Park,Tarine Tea,Concoctions without Alcohol,Lounge,"Gold Peak® Unsweetened Tea, Peach, Huckleberry, and Mint",8.75,disneyland/ogas-cantina
2026-09-26,Oga's Cantina at the Disneyland Resort,Disneyland Park,Blue Bantha,Concoctions without Alcohol,Lounge,Blue Milk served chilled with Bantha-inspired Brown Butter Chocolate Chip and Coconut Cookie,14.00,disneyland/ogas-cantina
2026-09-26,Oga's Cantina at the Disneyland Resort,Disneyland Park,Fountain Beverages,Concoctions without Alcohol,Lounge,"Coca-Cola®, Diet Coke®, Seagram's® Ginger Ale, Sprite®",5.25,disneyland/ogas-cantina
2026-09-26,Oga's Cantina at the Disneyland Resort,Disneyland Park,Happabore Sampler,Snack,Lounge,Cheese and Dried Meats,24.00,disneyland/ogas-cantina
2026-09-26,Oga's Cantina at the Disneyland Resort,Disneyland Park,Cheesy Five Blossom Bread with Spicy Cheese Sauce,Snack,Lounge,Warm Parmesan Pretzel Knot and Chile de Arbol Cheese Sauce,12.00,disneyland/ogas-cantina
2026-09-26,Oga's Cantina at the Disneyland Resort,Disneyland Park,Oga's Obsession,Snack,Lounge,"Minute Maid® Lemonade, Cotton Candy Flavor and Blueberry Popping Spheres, with a bursting Dried Fruit Mixture",9.75,disneyland/ogas-cantina
2026-09-26,Oga's Cantina at the Disneyland Resort,Disneyland Park,Batuu Brine Dewroots,Snack,Lounge,"Cucumbers, Chile Oil, Crispy Shallots, Pita Chips",12.00,disneyland/ogas-cantina
2026-09-26,Oga's Cantina at the Disneyland Resort,Disneyland Park,Bantha-Inspired Brown Butter Chocolate Chip and Coconut Cookie,Snack,Lounge,,6.50,disneyland/ogas-cantina
2026-09-26,Oga's Cantina at the Disneyland Resort,Disneyland Park,Corellian Spike Cold Brew served with souvenir DJ R-3X Mug,Concoctions with Alcohol,Lounge,"Maker's Mark Bourbon, Coffee Liqueur and Cold Brew, topped with a Cinnamon-flavored Cream, served in a souvenir DJ R-3X Mug",48.00,disneyland/ogas-cantina
2026-09-26,Oga's Cantina at the Disneyland Resort,Disneyland Park,Corellian Spike Cold Brew,Concoctions with Alcohol,Lounge,"Maker's Mark Bourbon, Coffee Liqueur and Cold Brew, topped with a Cinnamon-flavored Cream",19.50,disneyland/ogas-cantina
2026-09-26,Oga's Cantina at the Disneyland Resort,Disneyland Park,Takodana Quencher,Concoctions with Alcohol,Lounge,"Bacardi Dragonberry Rum, Bols Blue Curaçao, Simply Orange® with Pineapple, Kiwi flavors",19.50,disneyland/ogas-cantina
2026-09-26,Oga's Cantina at the Disneyland Resort,Disneyland Park,Jet Juice,Concoctions with Alcohol,Lounge,"Maker's Mark Bourbon, Chile Liqueur, Pomegranate Liqueur, White Grape Juice and Lemon Juice",19.50,disneyland/ogas-cantina
2026-09-26,Oga's Cantina at the Disneyland Resort,Disneyland Park,Jedi Mind Trick,Concoctions with Alcohol,Lounge,"Ketel One Botanical Grapefruit and Rose Vodka, BroVo Lucky Falernum Liqueur, Bols Blue Curaçao, White Grape Juice, Lime Juice, and Grapefruit Bitters",19.50,disneyland/ogas-cantina
2026-09-26,Oga's Cantina at the Disneyland Resort,Disneyland Park,The Outer Rim,Concoctions with Alcohol,Lounge,"Patrón Silver Tequila, Pomegranate Liqueur, Lime Juice, and Pure Cane Sugar, topped with Exotic Fruit Purée",21.50,disneyland/ogas-cantina
2026-09-26,Oga's Cantina at the Disneyland Resort,Disneyland Park,Fuzzy Tauntaun,Concoctions with Alcohol,Lounge,"Cîroc Peach Vodka, Bols Peach Schnapps, and Simply Orange® topped with Tangerine, Pure Cane Sugar, ""Buzz Button Tingling"" Foam",20.50,disneyland/ogas-cantina
2026-09-26,Oga's Cantina at the Disneyland Resort,Disneyland Park,Yub Nub,Concoctions with Alcohol,Lounge,"Malibu Pineapple Rum, Sailor Jerry Spiced Rum, Citrus Juices, and Passion Fruit",20.50,disneyland/ogas-cantina
2026-09-26,Oga's Cantina at the Disneyland Resort,Disneyland Park,Jogan Blossom Hazy IPA,Beers on Tap,Lounge,Ube-flavored Hazy IPA with Floral Notes,14.75,disneyland/ogas-cantina
2026-09-26,Oga's Cantina at the Disneyland Resort,Disneyland Park,Black Squadron Lager,Beers on Tap,Lounge,Golden Lager with a touch of Honey (Delahunt Brewing) (ABV 4.8%),18.25,disneyland/ogas-cantina
2026-09-26,Oga's Cantina at the Disneyland Resort,Disneyland Park,Bad Motivator IPA,Beers on Tap,Lounge,(ABV 6.0%) Tropical India Pale Ale with Galaxy and Comet Hops (Sierra Nevada Brewing Co.),18.25,disneyland/ogas-cantina
2026-09-26,Oga's Cantina at the Disneyland Resort,Disneyland Park,White Wampa Ale,Beers on Tap,Lounge,(ABV 4.5%) Classic Hefeweizen with a Banana and Citrus character (Ballast Point Brewing Co.),18.25,disneyland/ogas-cantina
2026-09-26,Oga's Cantina at the Disneyland Resort,Disneyland Park,"Toniray, Goldschmidt Vineyards, Sonoma",Wine on Tap,Lounge,"Formerly produced on Alderaan, Teal-colored, refreshing Crisp style, Aroma characteristics of Green Apple and Meyer Lemon with flavors of juicy White Peach, Apricot and a hint of Vanilla",17.00,disneyland/ogas-cantina
2026-09-26,Oga's Cantina at the Disneyland Resort,Disneyland Park,"Imperial Guard, Goldschmidt Vineyards, Sonoma",Wine on Tap,Lounge,"Fully clad Crimson-colored, nicely Focused Red Cherry and Raspberry Aromas combined robust Red Berry Fruit flavors, a touch of Caramel, Dark Chocolate, and Spice with long, supple Tannins",20.00,disneyland/ogas-cantina
2026-09-26,Ronto Roasters,Disneyland Park,Ronto Morning Wrap,Breakfast,Breakfast,"Scrambled Eggs, Grilled Pork Sausage, Shredded Cheddar, Peppercorn Sauce, wrapped in Pita",13.99,disneyland/ronto-roasters
2026-09-26,Ronto Roasters,Disneyland Park,Ronto-less Garden Wrap,Plant-Based,Breakfast; Lunch And Dinner; Late Night Dining,"Impossible™ Sausage, spicy Kimchi Slaw, sweet Pickled Cucumber, Gochujang Spread, wrapped in Pita",14.49,disneyland/ronto-roasters
2026-09-26,Ronto Roasters,Disneyland Park,Moof Juice,Specialty Beverages,Breakfast; Lunch And Dinner; Late Night Dining,"Simply Fruit Punch®, Simply Orange® with Pineapple, Chipotle-Pineapple",7.99,disneyland/ronto-roasters
2026-09-26,Ronto Roasters,Disneyland Park,Meiloorun Juice,Specialty Beverages,Breakfast; Lunch And Dinner; Late Night Dining,"Pineapple Juice, Minute Maid® Lemonade, with Blueberry, Cranberry Juice, Lemon Juice, and Desert Pear",7.99,disneyland/ronto-roasters
2026-09-26,Ronto Roasters,Disneyland Park,Assorted Fountain Beverages - Regular,Beverages,Breakfast; Lunch And Dinner; Late Night Dining,assorted Coca-Cola® offerings,4.99,disneyland/ronto-roasters
2026-09-26,Ronto Roasters,Disneyland Park,Assorted Fountain Beverages - Large,Beverages,Breakfast; Lunch And Dinner; Late Night Dining,assorted Coca-Cola® offerings,5.69,disneyland/ronto-roasters
2026-09-26,Ronto Roasters,Disneyland Park,DASANI® Bottled Water,Beverages,Breakfast; Lunch And Dinner; Late Night Dining,,4.79,disneyland/ronto-roasters
2026-09-26,Ronto Roasters,Disneyland Park,Black Caf,Beverages,Breakfast; Lunch And Dinner; Late Night Dining,Regular Coffee,5.49,disneyland/ronto-roasters
2026-09-26,Ronto Roasters,Disneyland Park,Fried Falumpaset Cheese Skewer,Entrées,Lunch And Dinner; Late Night Dining,"Crispy Potato, Mustard-Cheese Dipping Sauce",8.49,disneyland/ronto-roasters
2026-09-26,Ronto Roasters,Disneyland Park,Ronto Wrap,Entrées,Lunch And Dinner; Late Night Dining,"Roasted Pork, Grilled Pork Sausage, Peppercorn Sauce, tangy Slaw, wrapped in Pita",14.49,disneyland/ronto-roasters
2026-09-26,Ronto Roasters,Disneyland Park,Cold Brew Black Caf,Evening Specialty Beverage,Late Night Dining,"Cold Brew Coffee topped with Sweet Cream Cheese, Chocolate Puffs",8.49,disneyland/ronto-roasters
2026-09-26,Milk Stand,Disneyland Park,Bantha Sipper,Seasonal Offering,Snack,"includes choice of Milk at time of purchase. Limit two (2) per person, per transaction. No discounts apply.",30.79,disneyland/milk-stand
2026-09-26,Milk Stand,Disneyland Park,Polystarch Puffbread,Seasonal Offering,Snack,"Multi-layered Pastry with a Crunchy, Sweet Streusel Shell",7.99,disneyland/milk-stand
2026-09-26,Milk Stand,Disneyland Park,Pink Milk,Beverages,Snack,Plant-based Rice Milk blend with sweet and fruity characteristics,8.99,disneyland/milk-stand
2026-09-26,Milk Stand,Disneyland Park,Blue Milk,Beverages,Snack,Plant-based blend of Coconut and Rice Milk with alluring fruity characteristics,8.99,disneyland/milk-stand
2026-09-26,Milk Stand,Disneyland Park,DASANI® Bottled Water,Beverages,Snack,,4.79,disneyland/milk-stand
2026-09-26,Kat Saka's Kettle,Disneyland Park,BDX Droid Bucket,Kat Saka's Kettle Seasonal Offerings,Snack,"includes choice of Popped Grains at time of purchase. Limit two (2) per person, per transaction. No discounts apply.",26.99,disneyland/kat-sakas-kettle
2026-09-26,Kat Saka's Kettle,Disneyland Park,Salvaged Protocol Droid Bucket,Kat Saka's Kettle Seasonal Offerings,Snack,"includes choice of Popped Grains at time of purchase. Limit two (2) per person, per transaction. No discounts apply.",27.99,disneyland/kat-sakas-kettle
2026-09-26,Kat Saka's Kettle,Disneyland Park,Jabba the Hutt Sail Barge Bucket,Kat Saka's Kettle Seasonal Offerings,Snack,"includes choice of Popped Grains at time of purchase. Limit two (2) per person, per transaction. No discounts apply.",31.99,disneyland/kat-sakas-kettle
2026-09-26,Kat Saka's Kettle,Disneyland Park,Caramel Apple Popped Grains,Kat Saka's Kettle,Snack,with Caramel Apple Seasoning,8.49,disneyland/kat-sakas-kettle
2026-09-26,Kat Saka's Kettle,Disneyland Park,Black Caf Slushy,Kat Saka's Kettle,Snack,"Cold Brew Slushy, Chocolate Cookie Sweet Cream, Crème-filled Chocolate Cookie Crumbles",8.49,disneyland/kat-sakas-kettle
2026-09-26,Kat Saka's Kettle,Disneyland Park,Black Spire Waffle with Dipping Sauce,Kat Saka's Kettle,Snack,"Waffle with Sugar Clusters and Whipped Cream, Crème-filled Chocolate Cookie Crumble Dip",7.49,disneyland/kat-sakas-kettle
2026-09-26,Kat Saka's Kettle,Disneyland Park,Crait Butter Popped Grains,Kat Saka's Kettle,Snack,with Crait Red Salt,8.49,disneyland/kat-sakas-kettle
2026-09-26,Kat Saka's Kettle,Disneyland Park,Assorted Coca-Cola® Beverages,Kat Saka's Kettle,Snack,,6.49,disneyland/kat-sakas-kettle
2026-09-26,Kat Saka's Kettle,Disneyland Park,DASANI® Bottled Water,Kat Saka's Kettle,Snack,,4.79,disneyland/kat-sakas-kettle
2026-09-26,Café Daisy,Disneyland Park,Chicken Bacon Ranch Flop-Over,For Grown Ups,Lunch And Dinner,"Ranch, Bacon Bits, Diced Chicken, Mozzarella and Provolone",12.49,disneyland/cafe-daisy
2026-09-26,Café Daisy,Disneyland Park,The Daisy Dog,For Grown Ups,Lunch And Dinner,All-Beef Foot-long Hot Dog with Fries,14.29,disneyland/cafe-daisy
2026-09-26,Café Daisy,Disneyland Park,Cheesy Pizza Flop-Over,For Grown Ups,Lunch And Dinner,Mozzarella and Provolone with Tomato Sauce,10.99,disneyland/cafe-daisy
2026-09-26,Café Daisy,Disneyland Park,Pepperoni Pizza Flop-Over,For Grown Ups,Lunch And Dinner,"Pepperoni, Mozzarella, Provolone with Tomato Sauce",11.49,disneyland/cafe-daisy
2026-09-26,Café Daisy,Disneyland Park,Caesar Salad Garden Wrap,Plant-Based,Lunch And Dinner,"Romaine and Kale Salad with Sun-dried Tomato-Bean Spread, Pepitas and Creamy Caesar Dressing, served with Fries",13.49,disneyland/cafe-daisy
2026-09-26,Café Daisy,Disneyland Park,Side Fries,Sides,Lunch And Dinner,,4.79,disneyland/cafe-daisy
2026-09-26,Café Daisy,Disneyland Park,Mac and Cheesy,For Kids,Lunch And Dinner,"Mac and Cheese served with a Cuties® Mandarin Orange, Applesauce and choice of small DASANI® Water or small Lowfat Milk",8.49,disneyland/cafe-daisy
2026-09-26,Café Daisy,Disneyland Park,Chicken Tenders,For Kids,Lunch And Dinner,"Chicken Tenders served with a Cuties® Mandarin Orange, Applesauce and choice of small DASANI® Water or small Lowfat Milk",8.99,disneyland/cafe-daisy
2026-09-26,Café Daisy,Disneyland Park,POWER Pack,For Kids,Lunch And Dinner,"A Cuties® Mandarin Orange, Applesauce, Carrots and Whole Grain ""Fish"" Crackers with choice of small DASANI® Water or small Lowfat Milk",6.99,disneyland/cafe-daisy
2026-09-26,Café Daisy,Disneyland Park,Daisy's Goody-Goody Donuts,For Dessert... or anytime!,Lunch And Dinner,House-made Mini Apple Cider Donuts with Spiced Apple Sugar,7.49,disneyland/cafe-daisy
2026-09-26,Café Daisy,Disneyland Park,Picnic Time Watermelon Lemonade,Specialty Beverages,Lunch And Dinner,Minute Maid® Zero Sugar Lemonade with Watermelon Premium Syrup and Watermelon Gummies,7.99,disneyland/cafe-daisy
2026-09-26,Café Daisy,Disneyland Park,Granny Goof's Garden Sweet Tea,Specialty Beverages,Lunch And Dinner,Gold Peak® Sweet Iced Tea with Honey-Mango Premium Syrup and Mango flavor-filled Spheres,7.99,disneyland/cafe-daisy
2026-09-26,Café Daisy,Disneyland Park,Assorted Fountain Beverages - Large,Beverages,Lunch And Dinner,"Coca-Cola®, Diet Coke®, Sprite®, Barq’s® Root Beer, Fanta® Orange, Coca-Cola® Zero Sugar, Minute Maid® Agua Fresca Mango Lime, Minute Maid® Zero Sugar Lemonade, Gold Peak® Sweetened Iced Tea",5.69,disneyland/cafe-daisy
2026-09-26,Café Daisy,Disneyland Park,Assorted Fountain Beverages - Regular,Beverages,Lunch And Dinner,"Coca-Cola®, Diet Coke®, Sprite®, Barq’s® Root Beer, Fanta® Orange, Coca-Cola® Zero Sugar, Minute Maid® Agua Fresca Mango Lime, Minute Maid® Zero Sugar Lemonade, Gold Peak® Sweetened Iced Tea",4.99,disneyland/cafe-daisy
2026-09-26,Café Daisy,Disneyland Park,Low-fat Milk,Beverages,Lunch And Dinner,,3.49,disneyland/cafe-daisy
2026-09-26,Café Daisy,Disneyland Park,Minute Maid® Apple Juice,Beverages,Lunch And Dinner,,3.49,disneyland/cafe-daisy
2026-09-26,Café Daisy,Disneyland Park,Coffee - Regular,Beverages,Lunch And Dinner,,5.49,disneyland/cafe-daisy
2026-09-26,Café Daisy,Disneyland Park,Coffee - Decaf,Beverages,Lunch And Dinner,,5.49,disneyland/cafe-daisy
2026-09-26,Café Daisy,Disneyland Park,Cold Brew,Beverages,Lunch And Dinner,,6.99,disneyland/cafe-daisy
2026-09-26,Café Daisy,Disneyland Park,Nitro Cold Brew Coffee,Beverages,Lunch And Dinner,,7.49,disneyland/cafe-daisy
2026-09-26,Café Daisy,Disneyland Park,DASANI® Bottled Water,Beverages,Lunch And Dinner,,4.79,disneyland/cafe-daisy
2026-09-26,Café Daisy,Disneyland Park,Hot Cocoa,Beverages,Lunch And Dinner,,5.49,disneyland/cafe-daisy
2026-09-26,Good Boy! Grocers,Disneyland Park,Donald Souvenir Sipper,Novelties,Snack,"with purchase of beverage at time of purchase. Limit two (2) per person, per transaction. No discounts apply.",20.49,disneyland/good-boy-grocers
2026-09-26,Good Boy! Grocers,Disneyland Park,“Fish” Crackers,Snacks,Snack,,3.49,disneyland/good-boy-grocers
2026-09-26,Good Boy! Grocers,Disneyland Park,Peanut Butter and Jelly Sandwich,Snacks,Snack,,2.99,disneyland/good-boy-grocers
2026-09-26,Good Boy! Grocers,Disneyland Park,Gluten Allergy-Friendly Cookies,Snacks,Snack,,4.99,disneyland/good-boy-grocers
2026-09-26,Good Boy! Grocers,Disneyland Park,Assorted Chips,Snacks,Snack,,4.29,disneyland/good-boy-grocers
2026-09-26,Good Boy! Grocers,Disneyland Park,Fruit Sauce and Chile-Lime Seasoning Add-on,Snacks,Snack,,1.49,disneyland/good-boy-grocers
2026-09-26,Good Boy! Grocers,Disneyland Park,Banana,Snacks,Snack,,2.49,disneyland/good-boy-grocers
2026-09-26,Good Boy! Grocers,Disneyland Park,Mini Babybel® Snack Cheese 3-Pack,Snacks,Snack,,3.49,disneyland/good-boy-grocers
2026-09-26,Good Boy! Grocers,Disneyland Park,Cuties® Mandarin Orange 3-Pack,Snacks,Snack,,5.99,disneyland/good-boy-grocers
2026-09-26,Good Boy! Grocers,Disneyland Park,Green Apple,Snacks,Snack,,2.49,disneyland/good-boy-grocers
2026-09-26,Good Boy! Grocers,Disneyland Park,Pickle,Snacks,Snack,,4.99,disneyland/good-boy-grocers
2026-09-26,Good Boy! Grocers,Disneyland Park,Fruit Bar,Snacks,Snack,,3.99,disneyland/good-boy-grocers
2026-09-26,Good Boy! Grocers,Disneyland Park,Monster Energy Ultra Zero,Beverages,Snack,,5.99,disneyland/good-boy-grocers
2026-09-26,Good Boy! Grocers,Disneyland Park,Peace Tea Just Peachy,Beverages,Snack,,5.49,disneyland/good-boy-grocers
2026-09-26,Good Boy! Grocers,Disneyland Park,Strawberry Slushee,Beverages,Snack,Fanta® Strawberry,7.29,disneyland/good-boy-grocers
2026-09-26,Good Boy! Grocers,Disneyland Park,Minnie Mouse Watermelon Mango,Beverages,Snack,with Fruit Sauce and Chile-Lime Seasoning,8.29,disneyland/good-boy-grocers
2026-09-26,Good Boy! Grocers,Disneyland Park,Assorted Frozen Slushees,Beverages,Snack,,7.29,disneyland/good-boy-grocers
2026-09-26,Good Boy! Grocers,Disneyland Park,Assorted Coca-Cola® Bottled Beverages,Beverages,Snack,,5.49,disneyland/good-boy-grocers
2026-09-26,Good Boy! Grocers,Disneyland Park,Topo Chico® Sparkling Mineral Water,Beverages,Snack,,5.29,disneyland/good-boy-grocers
2026-09-26,Good Boy! Grocers,Disneyland Park,DASANI® Bottled Water,Beverages,Snack,,4.79,disneyland/good-boy-grocers
2026-09-26,Good Boy! Grocers,Disneyland Park,smartwater®,Beverages,Snack,,5.79,disneyland/good-boy-grocers
2026-09-26,Lamplight Lounge,Disney California Adventure,Brunch Burger*,Bites and Bigger Bites,Brunch,"Angus Beef, American Cheese, One Egg-up, Roasted Green Chile, Lettuce, Caramelized Onions and Paprika Aïoli on a Toasted Sesame Bun, served with Breakfast Potatoes.",28.00,disney-california-adventure/lamplight-lounge
2026-09-26,Lamplight Lounge,Disney California Adventure,Lamplight Chilaquiles*,Bites and Bigger Bites,Brunch,"House-made Tortilla Chips tossed in a 3-Chile Red Sauce, Cheddar-Jack, Two Eggs-Up, Queso Fresco and Cilantro-Serrano Crema, topped with Pepitas",24.00,disney-california-adventure/lamplight-lounge
2026-09-26,Lamplight Lounge,Disney California Adventure,Lamplight French Toast,Bites and Bigger Bites,Brunch,"Tres Leches Custard, Fresh Strawberries, Strawberry Coulis, Whipped Cream and Toasted Almonds",26.00,disney-california-adventure/lamplight-lounge
2026-09-26,Lamplight Lounge,Disney California Adventure,Smoked Salmon Egg White Omelet,Bites and Bigger Bites,Brunch,"with Dill Cream Cheese, Avocado and Crispy Capers, served with Green Goddess Baby Gem Salad topped with Seasoned Bagel Crisps, and Breakfast Potatoes",29.00,disney-california-adventure/lamplight-lounge
2026-09-26,Lamplight Lounge,Disney California Adventure,Steak and Eggs*,Bites and Bigger Bites,Brunch,"New York Steak, Two Eggs-up, Piquillo Butter Sauce, Arugula Salad and Pickled Onions, with Breakfast Potatoes",34.00,disney-california-adventure/lamplight-lounge
2026-09-26,Lamplight Lounge,Disney California Adventure,Potato Flautas,Plant-based,Brunch,"Plant-based Chorizo, Piquillo Crema, Tomatillo-Avocado-Serrano Salsa, Arugula and Escabeche Salad",19.00,disney-california-adventure/lamplight-lounge
2026-09-26,Lamplight Lounge,Disney California Adventure,Omelet,Disney Check Meal,Brunch,"Egg Whites and Cheddar Jack, with ""Fish"" Crackers and choice of two selections: Vanilla Yogurt, Fresh Fruit, or Potatoes and choice of small DASANI® Water or small Lowfat Milk",10.00,disney-california-adventure/lamplight-lounge
2026-09-26,Lamplight Lounge,Disney California Adventure,Indulgent French Toast,Budding Artists,Brunch,"Cinnamon-Brown Sugar Challah Bread, Whipped Cream and Syrup, with choice of two selections: Vanilla Yogurt, Fresh Fruit or Potatoes, and choice of small DASANI® Bottled Water or small Lowfat Milk",11.00,disney-california-adventure/lamplight-lounge
2026-09-26,Lamplight Lounge,Disney California Adventure,Mini Brunch Burger,Budding Artists,Brunch,"2 oz. Chuck Patty, American Cheese, Bacon and Egg with choice of two selections: Vanilla Yogurt, Fresh Fruit or Potatoes and choice of small DASANI® Water or small Lowfat Milk",12.00,disney-california-adventure/lamplight-lounge
2026-09-26,Lamplight Lounge,Disney California Adventure,Donuts,Dessert,Brunch; Lunch; Dinner,Ask about our Seasonal Offering,11.00,disney-california-adventure/lamplight-lounge
2026-09-26,Lamplight Lounge,Disney California Adventure,Goofball Island,Non-Alcoholic Beverages,Brunch; Lunch; Dinner,"Simply Fruit Punch®, Minute Maid® Lemonade and Raspberry Purée",9.25,disney-california-adventure/lamplight-lounge
2026-09-26,Lamplight Lounge,Disney California Adventure,Mint to Be,Non-Alcoholic Beverages,Brunch; Lunch; Dinner,"Simply Limeade®, Watermelon & Berry Purées and Fresh Mint topped with Soda Water",8.75,disney-california-adventure/lamplight-lounge
2026-09-26,Lamplight Lounge,Disney California Adventure,Falling with Style,Non-Alcoholic Beverages,Brunch; Lunch; Dinner,Minute Maid® Lemonade with Mango Purée,9.25,disney-california-adventure/lamplight-lounge
2026-09-26,Lamplight Lounge,Disney California Adventure,2319,Non-Alcoholic Beverages,Brunch; Lunch; Dinner,"A Frozen Beverage made with Strawberry Purée, Cream of Coconut and Pineapple Juice topped with Coca-Cola®",9.25,disney-california-adventure/lamplight-lounge
2026-09-26,Lamplight Lounge,Disney California Adventure,Freshly Brewed Joffrey's Coffee®,Non-Alcoholic Beverages,Brunch; Lunch; Dinner,,5.50,disney-california-adventure/lamplight-lounge
2026-09-26,Lamplight Lounge,Disney California Adventure,Twinings of London® Hot Teas,Non-Alcoholic Beverages,Brunch; Lunch; Dinner,,5.50,disney-california-adventure/lamplight-lounge
2026-09-26,Lamplight Lounge,Disney California Adventure,Mimosa Flight,Specialty Beverages,Brunch,Seasonal flavors,30.00,disney-california-adventure/lamplight-lounge
2026-09-26,Lamplight Lounge,Disney California Adventure,Beer Mimosa,Specialty Beverages,Brunch,Blood Orange Beer topped with Fresh Orange Juice,17.00,disney-california-adventure/lamplight-lounge
2026-09-26,Lamplight Lounge,Disney California Adventure,Cinnamon Toast Cocktail,Specialty Beverages,Brunch,"Vanilla Vodka, Hazelnut Liqueur, Cinnamon Spice Liqueur and Cinnamon Cereal‑infused Milk",22.00,disney-california-adventure/lamplight-lounge
2026-09-26,Lamplight Lounge,Disney California Adventure,Sar-chasm,Cocktails,Brunch; Lunch; Dinner,"Espresso Vodka, Cold Brew and Agave Nectar",20.00,disney-california-adventure/lamplight-lounge
2026-09-26,Lamplight Lounge,Disney California Adventure,Everlasting Marigold,Cocktails,Brunch; Lunch; Dinner,"Tequila, Cucumber, Tamarind, and Lime Juice",21.75,disney-california-adventure/lamplight-lounge
2026-09-26,Lamplight Lounge,Disney California Adventure,Hero Work,Cocktails,Brunch; Lunch; Dinner,"Huckleberry Vodka, Dragon Fruit Syrup, Lemon Juice and Agave Nectar",19.00,disney-california-adventure/lamplight-lounge
2026-09-26,Lamplight Lounge,Disney California Adventure,Water District Gimlet,Cocktails,Brunch; Lunch; Dinner,"Gin, Lychee Syrup and Lime Juice",21.00,disney-california-adventure/lamplight-lounge
2026-09-26,Lamplight Lounge,Disney California Adventure,Over Budget,Cocktails,Brunch; Lunch; Dinner,"Vodka, Passion Fruit Syrup, Lime Juice, Agave Nectar and Ginger Beer",20.00,disney-california-adventure/lamplight-lounge
2026-09-26,Lamplight Lounge,Disney California Adventure,Scream Canister,Cocktails,Brunch; Lunch; Dinner,"Rum, Cream of Coconut and Pineapple & Orange Juices with a mist of Bitters",21.00,disney-california-adventure/lamplight-lounge
2026-09-26,Lamplight Lounge,Disney California Adventure,Find Your Spark,Cocktails,Brunch; Lunch; Dinner,"Vodka, Raspberry Rum, Lemon Juice, Watermelon Syrup and Sparkling Wine",22.00,disney-california-adventure/lamplight-lounge
2026-09-26,Lamplight Lounge,Disney California Adventure,Sunrise Spectacular,Cocktails,Brunch; Lunch; Dinner,"Bourbon, Pineapple & Orange Juices, Agave Nectar and a dash of Bitters",20.00,disney-california-adventure/lamplight-lounge
2026-09-26,Lamplight Lounge,Disney California Adventure,Seize Your Moment,Cocktails,Brunch; Lunch; Dinner,"Blanco Tequila, Orange Liqueur, Guava, Mango, Lime Juice and Agave Nectar, garnished with a Lime Wheel",20.00,disney-california-adventure/lamplight-lounge
2026-09-26,Lamplight Lounge,Disney California Adventure,Paradise Falls,Cocktails,Brunch; Lunch; Dinner,"Reposado Tequila, Elderflower Liqueur, Pineapple & Lime Juices and Agave Nectar, garnished with a Pineapple Wedge and a Black Salt Rim",20.00,disney-california-adventure/lamplight-lounge
2026-09-26,Lamplight Lounge,Disney California Adventure,Open Ocean with a Splash,Cocktails,Brunch; Lunch; Dinner,"A Frozen Cocktail made with Raspberry Rum, Blue Curaçao, Orgeat, Agave Nectar and Lime Juice",21.00,disney-california-adventure/lamplight-lounge
2026-09-26,Lamplight Lounge,Disney California Adventure,Sea Monster Smash,Cocktails,Brunch; Lunch; Dinner,"Rye Whiskey, Blueberry Syrup, Mint, Lemon Juice, Passion Fruit Syrup and Blueberries",19.00,disney-california-adventure/lamplight-lounge
2026-09-26,Lamplight Lounge,Disney California Adventure,The Lamplight Old Fashioned,Cocktails,Brunch; Lunch; Dinner,"Bourbon, Citrus, Spice and Floral Spanish Liqueur, Maraschino Liqueur, Bitters, Luxardo Juice and a Luxardo Cherry",20.50,disney-california-adventure/lamplight-lounge
2026-09-26,Lamplight Lounge,Disney California Adventure,"Latitude 33 Brewing Blood Orange IPA, Vista, CA","Beer, Hard Cider and Seltzer",Brunch; Lunch; Dinner,"San Diego-style American IPA (ABV 7.2%, IBU 61)",15.75,disney-california-adventure/lamplight-lounge
2026-09-26,Lamplight Lounge,Disney California Adventure,"Rincon Reservation Road Brewery Rez Dog, Valley Center, CA","Beer, Hard Cider and Seltzer",Brunch; Lunch; Dinner,"Hefeweizen, (ABV 5.0%, IBU 10)",18.25,disney-california-adventure/lamplight-lounge
2026-09-26,Lamplight Lounge,Disney California Adventure,"Pure Project Tropical Mist, San Diego, CA","Beer, Hard Cider and Seltzer",Brunch; Lunch; Dinner,Citrus Blonde Ale (ABV 5.1%),15.75,disney-california-adventure/lamplight-lounge
2026-09-26,Lamplight Lounge,Disney California Adventure,"Homage Brewing, City Pop, Los Angeles, CA","Beer, Hard Cider and Seltzer",Brunch; Lunch; Dinner,"Jasmine Rice Lager, (ABV 4.8%)",15.75,disney-california-adventure/lamplight-lounge
2026-09-26,Lamplight Lounge,Disney California Adventure,"Unsung Brewing Co. Blueberry Amber Lager, Anaheim, CA","Beer, Hard Cider and Seltzer",Brunch; Lunch; Dinner,"Amber Lager (ABV 7.0%, IBU 21)",15.75,disney-california-adventure/lamplight-lounge
2026-09-26,Lamplight Lounge,Disney California Adventure,"Bottle Logic Brewing Fuzzy Logic, Anaheim, CA","Beer, Hard Cider and Seltzer",Brunch; Lunch; Dinner,Hazy Peach IPA (ABV 7.1%),14.25,disney-california-adventure/lamplight-lounge
2026-09-26,Lamplight Lounge,Disney California Adventure,"Crowns & Hops, The Dopest, Inglewood, CA","Beer, Hard Cider and Seltzer",Brunch; Lunch; Dinner,"IPA (ABV 6.8%, IBU 35)",15.75,disney-california-adventure/lamplight-lounge
2026-09-26,Lamplight Lounge,Disney California Adventure,"Karl Strauss® Cherry Cola Hard Seltzer, San Diego, CA","Beer, Hard Cider and Seltzer",Brunch; Lunch; Dinner,Hard Seltzer (ABV 5.0%),14.25,disney-california-adventure/lamplight-lounge
2026-09-26,Lamplight Lounge,Disney California Adventure,"Brown Soul Quiero Maiz, Soiuth Gate, CA","Beer, Hard Cider and Seltzer",Brunch; Lunch; Dinner,Mexican Lager (ABV 4.7%),15.75,disney-california-adventure/lamplight-lounge
2026-09-26,Lamplight Lounge,Disney California Adventure,"Maui Brewing Co. OMG IPA, Kihei, HI","Beer, Hard Cider and Seltzer",Brunch; Lunch; Dinner,"Hazy IPA (ABV 7%, IBU 35)",15.75,disney-california-adventure/lamplight-lounge
2026-09-26,Lamplight Lounge,Disney California Adventure,"Fieldwork Encore Non-Alcoholic, Berkeley, CA","Beer, Hard Cider and Seltzer",Brunch; Lunch; Dinner,Non-Alcoholic Hazy IPA (ABV &lt;0.5%),15.75,disney-california-adventure/lamplight-lounge
2026-09-26,Lamplight Lounge,Disney California Adventure,"North Coast Brother Thelonious, Fort Bragg, CA","Beer, Hard Cider and Seltzer",Brunch; Lunch; Dinner,"Belgian-style Abbey Ale (ABV 9.4%,. IBU 27)",14.25,disney-california-adventure/lamplight-lounge
2026-09-26,Lamplight Lounge,Disney California Adventure,"NÜTRL Hard Seltzer, WI","Beer, Hard Cider and Seltzer",Brunch; Lunch; Dinner,Featured Selection (ABV 4.5%),14.25,disney-california-adventure/lamplight-lounge
2026-09-26,Lamplight Lounge,Disney California Adventure,"Carl Graff Riesling, Germany",Wines,Brunch; Lunch; Dinner,,56.00,disney-california-adventure/lamplight-lounge
2026-09-26,Lamplight Lounge,Disney California Adventure,"Sokol Blosser Pinot Gris, Willamette Valley, Oregon",Wines,Brunch; Lunch; Dinner,,61.00,disney-california-adventure/lamplight-lounge
2026-09-26,Lamplight Lounge,Disney California Adventure,"Grassini Family Vineyards Sauvignon Blanc, Santa Barbara, California",Wines,Brunch; Lunch; Dinner,,63.00,disney-california-adventure/lamplight-lounge
2026-09-26,Lamplight Lounge,Disney California Adventure,"Hartford Court Russian River Valley Chardonnay, California",Wines,Brunch; Lunch; Dinner,,67.00,disney-california-adventure/lamplight-lounge
2026-09-26,Lamplight Lounge,Disney California Adventure,"Les Jamelles Chardonnay, France",Wines,Brunch; Lunch; Dinner,,50.00,disney-california-adventure/lamplight-lounge
2026-09-26,Lamplight Lounge,Disney California Adventure,"Guido Marsella Falanghina, Campania, Italy",Wines,Brunch; Lunch; Dinner,,78.00,disney-california-adventure/lamplight-lounge
2026-09-26,Lamplight Lounge,Disney California Adventure,"Bella Grace Vineyards Bella Rosé, Amador County, California",Wines,Brunch; Lunch; Dinner,,61.00,disney-california-adventure/lamplight-lounge
2026-09-26,Lamplight Lounge,Disney California Adventure,"Eberle Steinbeck Vineyard Syrah, Paso Robles, California",Wines,Brunch; Lunch; Dinner,,63.00,disney-california-adventure/lamplight-lounge
2026-09-26,Lamplight Lounge,Disney California Adventure,"Ghost Block Zinfandel, Napa Valley, California",Wines,Brunch; Lunch; Dinner,,83.00,disney-california-adventure/lamplight-lounge
2026-09-26,Lamplight Lounge,Disney California Adventure,"Wild Horse Cabernet Sauvignon 2021, Paso Robles, California",Wines,Brunch; Lunch; Dinner,,86.00,disney-california-adventure/lamplight-lounge
2026-09-26,Lamplight Lounge,Disney California Adventure,"Honey Bubbles Sparkling Moscato, Italy",Wines,Brunch; Lunch; Dinner,,68.00,disney-california-adventure/lamplight-lounge
2026-09-26,Lamplight Lounge,Disney California Adventure,"Santa Marina Prosecco, Italy",Wines,Brunch; Lunch; Dinner,,54.00,disney-california-adventure/lamplight-lounge
2026-09-26,Lamplight Lounge,Disney California Adventure,2 Towns Spiced Cosmic Crisp,Seasonal Offerings,Lunch; Dinner,"Hard Cider, Corvalis, OR (9% ABV)",14.75,disney-california-adventure/lamplight-lounge
2026-09-26,Lamplight Lounge,Disney California Adventure,Halloween Cocktail,Seasonal Offerings,Lunch; Dinner,"Bourbon, Cinnamon Whiskey, Lemon Juice, Amaretto, Apple Juice",19.00,disney-california-adventure/lamplight-lounge
2026-09-26,Lamplight Lounge,Disney California Adventure,Ommegang Seasonal Selection,Seasonal Offerings,Lunch; Dinner,"Ommegang All Hallows Treat, Imperial Chocolate Peanut Butter Stout Cooperstown NY (7.6% ABV)",15.75,disney-california-adventure/lamplight-lounge
2026-09-26,Lamplight Lounge,Disney California Adventure,Arroz Con Leche Donut,Seasonal Offerings,Lunch; Dinner,"Cinnamon Sugar Donut with Arroz con Leche, Candied Pecans and Spiced Chocolate Powder",11.00,disney-california-adventure/lamplight-lounge
2026-09-26,Lamplight Lounge,Disney California Adventure,Peruvian Ceviche*,Bites,Lunch; Dinner,"Ahi Tuna, Roasted Corn, Avocado, Sweet Potatoes, Pearl Onions, Cilantro, Leche de Tigre and Cilanto Oil, served with Tostadas",24.00,disney-california-adventure/lamplight-lounge
2026-09-26,Lamplight Lounge,Disney California Adventure,Potato Skins,Bites,Lunch; Dinner,"with Paprika Aïoli, House Ranch, Cheddar, Bacon, Cheese Sauce and Chives",18.00,disney-california-adventure/lamplight-lounge
2026-09-26,Lamplight Lounge,Disney California Adventure,Pork Belly Bao Bun,Bites,Lunch; Dinner,"Pickled Onions & Serranos, Crispy Chicharron, Calamansi Citrus Aïoli and Micro Cilantro",20.00,disney-california-adventure/lamplight-lounge
2026-09-26,Lamplight Lounge,Disney California Adventure,Little Gem Salmon Salad,Bigger Bites,Lunch; Dinner,"Pickled Red Onions, Cherry Tomatoes, House Ranch, Sourdough Crouton Dust and Manchego Cheese",26.00,disney-california-adventure/lamplight-lounge
2026-09-26,Lamplight Lounge,Disney California Adventure,Lemon Rosemary Chicken,Bigger Bites,Lunch; Dinner,"with Whipped Potatoes, Snap Peas, Carrots and Chicken Jus",32.00,disney-california-adventure/lamplight-lounge
2026-09-26,Lamplight Lounge,Disney California Adventure,Charbroiled Cheddar Burger*,Bigger Bites,Lunch; Dinner,"Lamplight Spread, Lettuce, House Pickles, Tomato and Grilled Onions on a Toasted Bun, served with Seasoned Fries",28.00,disney-california-adventure/lamplight-lounge
2026-09-26,Lamplight Lounge,Disney California Adventure,Brussels Caesar,Plant-based,Lunch; Dinner,"House-made Dressing, Toasted Pine Nuts and Garlic Croutons with Roasted Red Pepper-Tomato Sauce and Parmesan Cheese",15.00,disney-california-adventure/lamplight-lounge
2026-09-26,Lamplight Lounge,Disney California Adventure,Impossible™ Burger,Plant-based,Lunch; Dinner,"Impossible™ Beef, American Cheese, House Spread, Grilled Onions, Lettuce and Tomato on a Potato Bun, served with Seasoned Fries",27.00,disney-california-adventure/lamplight-lounge
2026-09-26,Lamplight Lounge,Disney California Adventure,Brownie,Plant-based,Lunch; Dinner,"with Vanilla Bean Ice Cream, Berry Sauce and Fresh Berries",11.00,disney-california-adventure/lamplight-lounge
2026-09-26,Lamplight Lounge,Disney California Adventure,Burger Slider,Disney Check Meal,Lunch; Dinner,"Mini Burger with Cheese and Pickles served with choice of two selections: Vanilla Yogurt, Fresh Fruit, Carrots, or Fries and choice of small DASANI® Water or small Lowfat Milk. Meets Disney Nutrition Guidelines for Complete Meals without substitutions.",12.00,disney-california-adventure/lamplight-lounge
2026-09-26,Lamplight Lounge,Disney California Adventure,Chicken,Disney Check Meal,Lunch; Dinner,"Grilled Chicken Breast with Teriyaki Sauce, with choice of two selections: Vanilla Yogurt, Fresh Fruit, Carrots or Fries and choice of small DASANI® Water or small Lowfat Milk. Meets Disney Nutrition Guidelines for Complete Meals without substitutions",12.00,disney-california-adventure/lamplight-lounge
2026-09-26,Lamplight Lounge,Disney California Adventure,Pasta,Budding Artists,Lunch; Dinner,"Corkscrew Pasta with Creamy Cheese Sauce and Cheddar ""Fish"" served with choice of two selections: Vanilla Yogurt, Carrots, Fresh Fruit or Fries. All meals include choice of small DASANI® Water or small Lowfat Milk",12.00,disney-california-adventure/lamplight-lounge
2026-09-26,Lamplight Lounge - Boardwalk Dining,Disney California Adventure,2 Towns Spiced Cosmic Crisp,Lamplight Lounge Seasonal Offerings,Lunch; Dinner,"Hard Cider, Corvalis, OR (9% ABV)",14.75,disney-california-adventure/lamplight-lounge-boardwalk-dining
2026-09-26,Lamplight Lounge - Boardwalk Dining,Disney California Adventure,Cinnamon Whiskey Cocktail,Lamplight Lounge Seasonal Offerings,Lunch; Dinner,"Bourbon, Cinnamon Whiskey, Lemon Juice, Amaretto, Apple Juice",19.00,disney-california-adventure/lamplight-lounge-boardwalk-dining
2026-09-26,Lamplight Lounge - Boardwalk Dining,Disney California Adventure,Shrimp Tacos,"""Shorts"" to Share",Lunch; Dinner,"with Corn Tortillas, Avocado Crema, Chipotle Aïoli, Cabbage, Pico De Gallo, Micro Cilantro and Lime Wedge",24.00,disney-california-adventure/lamplight-lounge-boardwalk-dining
2026-09-26,Lamplight Lounge - Boardwalk Dining,Disney California Adventure,Lobster Nachos,"""Shorts"" to Share",Lunch; Dinner,"Warm Lobster with Black Beans, Lobster Cheese Sauce, Shredded Cheese Blend, Pico de Gallo, Sliced Serrano Chiles and Chipotle Aïoli",27.00,disney-california-adventure/lamplight-lounge-boardwalk-dining
2026-09-26,Lamplight Lounge - Boardwalk Dining,Disney California Adventure,Barbacoa Nachos,"""Shorts"" to Share",Lunch; Dinner,"Beef Barbacoa and House-made Tortilla Chips with Refried Pinto Beans, Chipotle Cheese Sauce, Queso Fresco, Pico de Gallo and Pickled Jalapeño",25.00,disney-california-adventure/lamplight-lounge-boardwalk-dining
2026-09-26,Lamplight Lounge - Boardwalk Dining,Disney California Adventure,Bao Banh Mi,"""Shorts"" to Share",Lunch; Dinner,"Lemongrass-glazed Pork Belly, Togarashi Aïoli, Jalapeños, Radishes, Pickled Carrots and Cilantro, topped with Chicharrónes",28.00,disney-california-adventure/lamplight-lounge-boardwalk-dining
2026-09-26,Lamplight Lounge - Boardwalk Dining,Disney California Adventure,Crispy Chicken Wings,"""Shorts"" to Share",Lunch; Dinner,Kimchi Buffalo Sauce topped with Green Onions and served with Spicy Cucumbers,24.00,disney-california-adventure/lamplight-lounge-boardwalk-dining
2026-09-26,Lamplight Lounge - Boardwalk Dining,Disney California Adventure,Dan Dan Noodles,Plant-Based,Lunch; Dinner,"tossed with Creamy Sesame Sauce, topped with Szechuan Marinated Minced Beef, Cucumbers, Peanuts, Green Onions, Crispy Shallots, Chile Oil and Micro Cilantro",32.00,disney-california-adventure/lamplight-lounge-boardwalk-dining
2026-09-26,Lamplight Lounge - Boardwalk Dining,Disney California Adventure,Burger Slider,Disney Check Meal,Lunch; Dinner,"Mini Burger with Cheese and Pickles on a Toasted Bun Served with Carrots, Yogurt and Berries. All meals include choice of small DASANI® Water or small Lowfat Milk. Meets Disney Nutrition Guidelines for Complete Meals without substitutions",12.00,disney-california-adventure/lamplight-lounge-boardwalk-dining
2026-09-26,Lamplight Lounge - Boardwalk Dining,Disney California Adventure,Pasta,Budding Artists,Lunch; Dinner,"Corkscrew Pasta with Creamy Cheese Sauce and Cheddar ""Fish."" Served with Carrots, Yogurt and Fruit. All meals include choice of small DASANI® Water or small Lowfat Milk",12.00,disney-california-adventure/lamplight-lounge-boardwalk-dining
2026-09-26,Lamplight Lounge - Boardwalk Dining,Disney California Adventure,Goofball Island,Non-Alcoholic Beverages,Lunch; Dinner,"Simply Fruit Punch®, Minute Maid® Lemonade and Raspberry Purée",9.25,disney-california-adventure/lamplight-lounge-boardwalk-dining
2026-09-26,Lamplight Lounge - Boardwalk Dining,Disney California Adventure,Mint to Be,Non-Alcoholic Beverages,Lunch; Dinner,"Simply Limeade®, Watermelon & Berry Purées and Fresh Mint topped with Soda Water",8.75,disney-california-adventure/lamplight-lounge-boardwalk-dining
2026-09-26,Lamplight Lounge - Boardwalk Dining,Disney California Adventure,Falling with Style,Non-Alcoholic Beverages,Lunch; Dinner,Minute Maid® Lemonade with Mango Purée,9.25,disney-california-adventure/lamplight-lounge-boardwalk-dining
2026-09-26,Lamplight Lounge - Boardwalk Dining,Disney California Adventure,2319,Non-Alcoholic Beverages,Lunch; Dinner,"A Frozen Beverage made with Strawberry Purée, Cream of Coconut and Pineapple Juice topped with Coca-Cola®",9.25,disney-california-adventure/lamplight-lounge-boardwalk-dining
2026-09-26,Lamplight Lounge - Boardwalk Dining,Disney California Adventure,Freshly Brewed Joffrey's Coffee®,Non-Alcoholic Beverages,Lunch; Dinner,,5.50,disney-california-adventure/lamplight-lounge-boardwalk-dining
2026-09-26,Lamplight Lounge - Boardwalk Dining,Disney California Adventure,Twinings of London® Hot Teas,Non-Alcoholic Beverages,Lunch; Dinner,,5.50,disney-california-adventure/lamplight-lounge-boardwalk-dining
2026-09-26,Lamplight Lounge - Boardwalk Dining,Disney California Adventure,Sar-chasm,Cocktails,Lunch; Dinner,"Espresso Vodka, Cold Brew and Agave Nectar",20.00,disney-california-adventure/lamplight-lounge-boardwalk-dining
2026-09-26,Lamplight Lounge - Boardwalk Dining,Disney California Adventure,Everlasting Marigold,Cocktails,Lunch; Dinner,"Tequila, Cucumber, Tamarind, and Lime Juice",21.75,disney-california-adventure/lamplight-lounge-boardwalk-dining
2026-09-26,Lamplight Lounge - Boardwalk Dining,Disney California Adventure,Hero Work,Cocktails,Lunch; Dinner,"Huckleberry Vodka, Dragon Fruit Syrup, Lemon Juice and Agave Nectar",19.00,disney-california-adventure/lamplight-lounge-boardwalk-dining
2026-09-26,Lamplight Lounge - Boardwalk Dining,Disney California Adventure,Water District Gimlet,Cocktails,Lunch; Dinner,"Gin, Lychee Syrup and Lime Juice",21.00,disney-california-adventure/lamplight-lounge-boardwalk-dining
2026-09-26,Lamplight Lounge - Boardwalk Dining,Disney California Adventure,Over Budget,Cocktails,Lunch; Dinner,"Vodka, Passion Fruit Syrup, Lime Juice, Agave Nectar and Ginger Beer",20.00,disney-california-adventure/lamplight-lounge-boardwalk-dining
2026-09-26,Lamplight Lounge - Boardwalk Dining,Disney California Adventure,Scream Canister,Cocktails,Lunch; Dinner,"Rum, Cream of Coconut and Pineapple & Orange Juices with a mist of Bitters",21.00,disney-california-adventure/lamplight-lounge-boardwalk-dining
2026-09-26,Lamplight Lounge - Boardwalk Dining,Disney California Adventure,Find Your Spark,Cocktails,Lunch; Dinner,"Vodka, Raspberry Rum, Lemon Juice, Watermelon Syrup and Sparkling Wine",22.00,disney-california-adventure/lamplight-lounge-boardwalk-dining
2026-09-26,Lamplight Lounge - Boardwalk Dining,Disney California Adventure,Sunrise Spectacular,Cocktails,Lunch; Dinner,"Bourbon, Pineapple & Orange Juices, Agave Nectar and a dash of Bitters",20.00,disney-california-adventure/lamplight-lounge-boardwalk-dining
2026-09-26,Lamplight Lounge - Boardwalk Dining,Disney California Adventure,Seize Your Moment,Cocktails,Lunch; Dinner,"Blanco Tequila, Orange Liqueur, Guava, Mango, Lime Juice and Agave Nectar, garnished with a Lime Wheel",20.00,disney-california-adventure/lamplight-lounge-boardwalk-dining
2026-09-26,Lamplight Lounge - Boardwalk Dining,Disney California Adventure,Paradise Falls,Cocktails,Lunch; Dinner,"Reposado Tequila, Elderflower Liqueur, Pineapple & Lime Juices and Agave Nectar, garnished with a Pineapple Wedge and a Black Salt Rim",20.00,disney-california-adventure/lamplight-lounge-boardwalk-dining
2026-09-26,Lamplight Lounge - Boardwalk Dining,Disney California Adventure,Open Ocean with a Splash,Cocktails,Lunch; Dinner,"A Frozen Cocktail made with Raspberry Rum, Blue Curaçao, Orgeat, Agave Nectar and Lime Juice",21.00,disney-california-adventure/lamplight-lounge-boardwalk-dining
2026-09-26,Lamplight Lounge - Boardwalk Dining,Disney California Adventure,Sea Monster Smash,Cocktails,Lunch; Dinner,"Rye Whiskey, Blueberry Syrup, Mint, Lemon Juice, Passion Fruit Syrup and Blueberries",19.00,disney-california-adventure/lamplight-lounge-boardwalk-dining
2026-09-26,Lamplight Lounge - Boardwalk Dining,Disney California Adventure,The Lamplight Old Fashioned,Cocktails,Lunch; Dinner,"Bourbon, Citrus, Spice and Floral Spanish Liqueur, Maraschino Liqueur, Bitters, Luxardo Juice and a Luxardo Cherry",20.50,disney-california-adventure/lamplight-lounge-boardwalk-dining
2026-09-26,Lamplight Lounge - Boardwalk Dining,Disney California Adventure,"Unsung Brewing Co. Blueberry Amber Lager, Anaheim, CA","Beer, Hard Cider and Seltzer",Lunch; Dinner,"Amber Lager (ABV 7.0%, IBU 21)",15.75,disney-california-adventure/lamplight-lounge-boardwalk-dining
2026-09-26,Lamplight Lounge - Boardwalk Dining,Disney California Adventure,"Bottle Logic Brewing Fuzzy Logic, Anaheim, CA","Beer, Hard Cider and Seltzer",Lunch; Dinner,Hazy Peach IPA (ABV 7.1%),14.25,disney-california-adventure/lamplight-lounge-boardwalk-dining
2026-09-26,Lamplight Lounge - Boardwalk Dining,Disney California Adventure,"Crowns & Hops, The Dopest, Inglewood, CA","Beer, Hard Cider and Seltzer",Lunch; Dinner,"IPA (ABV 6.8%, IBU 35)",15.75,disney-california-adventure/lamplight-lounge-boardwalk-dining
2026-09-26,Lamplight Lounge - Boardwalk Dining,Disney California Adventure,"Rincon Reservation Road Brewery Rez Dog, Valley Center, CA","Beer, Hard Cider and Seltzer",Lunch; Dinner,"Hefeweizen, (ABV 5.0%, IBU 10)",18.25,disney-california-adventure/lamplight-lounge-boardwalk-dining
2026-09-26,Lamplight Lounge - Boardwalk Dining,Disney California Adventure,"Brown Soul Quiero Maiz, Soiuth Gate, CA","Beer, Hard Cider and Seltzer",Lunch; Dinner,Mexican Lager (ABV 4.7%),15.75,disney-california-adventure/lamplight-lounge-boardwalk-dining
2026-09-26,Lamplight Lounge - Boardwalk Dining,Disney California Adventure,"Fieldwork Encore Non-Alcoholic, Berkeley, CA","Beer, Hard Cider and Seltzer",Lunch; Dinner,Non-Alcoholic Hazy IPA (ABV &lt;0.5%),15.75,disney-california-adventure/lamplight-lounge-boardwalk-dining
2026-09-26,Lamplight Lounge - Boardwalk Dining,Disney California Adventure,"North Coast Brother Thelonious, Fort Bragg, CA","Beer, Hard Cider and Seltzer",Lunch; Dinner,"Belgian-style Abbey Ale (ABV 9.4%,. IBU 27)",14.25,disney-california-adventure/lamplight-lounge-boardwalk-dining
2026-09-26,Lamplight Lounge - Boardwalk Dining,Disney California Adventure,"NÜTRL Hard Seltzer, WI","Beer, Hard Cider and Seltzer",Lunch; Dinner,Featured Selection (ABV 4.5%),14.25,disney-california-adventure/lamplight-lounge-boardwalk-dining
2026-09-26,Lamplight Lounge - Boardwalk Dining,Disney California Adventure,"Carl Graff Riesling, Germany",Wines,Lunch; Dinner,,56.00,disney-california-adventure/lamplight-lounge-boardwalk-dining
2026-09-26,Lamplight Lounge - Boardwalk Dining,Disney California Adventure,"Sokol Blosser Pinot Gris, Willamette Valley, Oregon",Wines,Lunch; Dinner,,61.00,disney-california-adventure/lamplight-lounge-boardwalk-dining
2026-09-26,Lamplight Lounge - Boardwalk Dining,Disney California Adventure,"Grassini Family Vineyards Sauvignon Blanc, Santa Barbara, California",Wines,Lunch; Dinner,,63.00,disney-california-adventure/lamplight-lounge-boardwalk-dining
2026-09-26,Lamplight Lounge - Boardwalk Dining,Disney California Adventure,"Hartford Court Russian River Valley Chardonnay, California",Wines,Lunch; Dinner,,67.00,disney-california-adventure/lamplight-lounge-boardwalk-dining
2026-09-26,Lamplight Lounge - Boardwalk Dining,Disney California Adventure,"Les Jamelles Chardonnay, France",Wines,Lunch; Dinner,,50.00,disney-california-adventure/lamplight-lounge-boardwalk-dining
2026-09-26,Lamplight Lounge - Boardwalk Dining,Disney California Adventure,"Guido Marsella Falanghina, Campania, Italy",Wines,Lunch; Dinner,,78.00,disney-california-adventure/lamplight-lounge-boardwalk-dining
2026-09-26,Lamplight Lounge - Boardwalk Dining,Disney California Adventure,"Bella Grace Vineyards Bella Rosé, Amador County, California",Wines,Lunch; Dinner,,61.00,disney-california-adventure/lamplight-lounge-boardwalk-dining
2026-09-26,Lamplight Lounge - Boardwalk Dining,Disney California Adventure,"Eberle Steinbeck Vineyard Syrah, Paso Robles, California",Wines,Lunch; Dinner,,63.00,disney-california-adventure/lamplight-lounge-boardwalk-dining
2026-09-26,Lamplight Lounge - Boardwalk Dining,Disney California Adventure,"Ghost Block Zinfandel, Napa Valley, California",Wines,Lunch; Dinner,,83.00,disney-california-adventure/lamplight-lounge-boardwalk-dining
2026-09-26,Lamplight Lounge - Boardwalk Dining,Disney California Adventure,"Wild Horse Cabernet Sauvignon 2021, Paso Robles, California",Wines,Lunch; Dinner,,86.00,disney-california-adventure/lamplight-lounge-boardwalk-dining
2026-09-26,Lamplight Lounge - Boardwalk Dining,Disney California Adventure,"Honey Bubbles Sparkling Moscato, Italy",Wines,Lunch; Dinner,,68.00,disney-california-adventure/lamplight-lounge-boardwalk-dining
2026-09-26,Lamplight Lounge - Boardwalk Dining,Disney California Adventure,"Santa Marina Prosecco, Italy",Wines,Lunch; Dinner,,54.00,disney-california-adventure/lamplight-lounge-boardwalk-dining
2026-09-26,Carthay Circle Restaurant,Disney California Adventure,Blue Fin Tuna Crudo*,Starters,Dinner,"Chili Crunch, Fresh Coriander, Tomatillo-Avocado Velvet",30.00,disney-california-adventure/carthay-circle-restaurant
2026-09-26,Carthay Circle Restaurant,Disney California Adventure,Crispy Pork Belly Glazed with Gochujang Butter,Starters,Dinner,"Siracha AÏoli, Japanese Pancake",24.00,disney-california-adventure/carthay-circle-restaurant
2026-09-26,Carthay Circle Restaurant,Disney California Adventure,Spanish Potato Croquettes,Starters,Dinner,"Manchego Cheese, Soria Chorizo, Roasted Garlic Aïoli",18.00,disney-california-adventure/carthay-circle-restaurant
2026-09-26,Carthay Circle Restaurant,Disney California Adventure,Summer Watermelon Habanero Aguachile,Starters,Dinner,"Jicama, Pepitas, Cotija Cheese",18.00,disney-california-adventure/carthay-circle-restaurant
2026-09-26,Carthay Circle Restaurant,Disney California Adventure,Tempura Fried Shrimps,Starters,Dinner,"Mango-Miso Glaze, Cashews, Hot Honey, Fresh Mint",20.00,disney-california-adventure/carthay-circle-restaurant
2026-09-26,Carthay Circle Restaurant,Disney California Adventure,Seasonal Stone Fruit & Tomato Salad,Starters,Dinner,"Burrata Cheese, Basil, Pine Nuts, Tomato Vinaigrette",26.00,disney-california-adventure/carthay-circle-restaurant
2026-09-26,Carthay Circle Restaurant,Disney California Adventure,Grilled American Wagyu Picanha,Entrées,Dinner,"Grilled Corn, Peach-Chimichurri",62.00,disney-california-adventure/carthay-circle-restaurant
2026-09-26,Carthay Circle Restaurant,Disney California Adventure,“Tamarind-Adobo” Half Chicken,Entrées,Dinner,"Chilled Rice Noodle Salad, Roasted Sesame Vinaigrette",46.00,disney-california-adventure/carthay-circle-restaurant
2026-09-26,Carthay Circle Restaurant,Disney California Adventure,Sustainable Fish of the Day*,Entrées,Dinner,"Spicy Crab Fried Rice, Thai Basil-Coconut Nage",52.00,disney-california-adventure/carthay-circle-restaurant
2026-09-26,Carthay Circle Restaurant,Disney California Adventure,Lamb Shawarma Cutlets,Entrées,Dinner,"Aubergine Hummus, Tomato Mint Chutney, Warm Naan",60.00,disney-california-adventure/carthay-circle-restaurant
2026-09-26,Carthay Circle Restaurant,Disney California Adventure,Signature Thick Cut Pork Chop*,Entrées,Dinner,"Spinach, Crème Fraîche, Marinated Blackberries",54.00,disney-california-adventure/carthay-circle-restaurant
2026-09-26,Carthay Circle Restaurant,Disney California Adventure,Tagliolini Pasta Tossed with a Poblano Pesto,Entrées,Dinner,"Shrimp, Bay Scallops, Mussels, Clams",48.00,disney-california-adventure/carthay-circle-restaurant
2026-09-26,Carthay Circle Restaurant,Disney California Adventure,White Cheddar Parker House Rolls,For the Table,Dinner,Olive Oil Butter & Sun-Dried Tomato Pesto,16.00,disney-california-adventure/carthay-circle-restaurant
2026-09-26,Carthay Circle Restaurant,Disney California Adventure,Yukon Gold Mashed Potatoes,For the Table,Dinner,"Heavy Cream, Butter",15.00,disney-california-adventure/carthay-circle-restaurant
2026-09-26,Carthay Circle Restaurant,Disney California Adventure,Roasted Broccolini,For the Table,Dinner,"Creamy Tahini Vinaigrette, Crispy Shallots",15.00,disney-california-adventure/carthay-circle-restaurant
2026-09-26,Carthay Circle Restaurant,Disney California Adventure,Warm Brown Butter Hummingbird Cake,Desserts,Dinner,"Pecan Brittle, Pineapple Sherbet",16.00,disney-california-adventure/carthay-circle-restaurant
2026-09-26,Carthay Circle Restaurant,Disney California Adventure,Chocolate Pumpkin Feather Cake,Desserts,Dinner,"Candied Cranberries, Dark Chocolate Sauce",16.00,disney-california-adventure/carthay-circle-restaurant
2026-09-26,Carthay Circle Restaurant,Disney California Adventure,Rose Petal Soda,Non-Alcoholic Beverages,Dinner,locally sourced Purified Sparkling Water flavored with delicate Rose Essence and garnished with an edible Sugar-glazed Organic Rose Petal,8.00,disney-california-adventure/carthay-circle-restaurant
2026-09-26,Carthay Circle Restaurant,Disney California Adventure,Wildberry Lemonade,Non-Alcoholic Beverages,Dinner,"All Natural Lemonade with flavors of Blackberry, Strawberry, Raspberry, and Blueberry with a Spritz of Purified Sparkling Water",9.00,disney-california-adventure/carthay-circle-restaurant
2026-09-26,Carthay Circle Restaurant,Disney California Adventure,Twin Bill,Non-Alcoholic Beverages,Dinner,A Classic Combination of natural Lemonade and Iced Tea lightly sweetened with Organic Agave Nectar,9.00,disney-california-adventure/carthay-circle-restaurant
2026-09-26,Carthay Circle Restaurant,Disney California Adventure,Shirley Temple,Non-Alcoholic Beverages,Dinner,Sprite® with Grenadine and Maraschino Cherries,7.00,disney-california-adventure/carthay-circle-restaurant
2026-09-26,Carthay Circle Restaurant,Disney California Adventure,Roy Rogers,Non-Alcoholic Beverages,Dinner,Coca-Cola® with Grenadine and Maraschino Cherries,7.00,disney-california-adventure/carthay-circle-restaurant
2026-09-26,Carthay Circle Restaurant,Disney California Adventure,Acqua Panna,Non-Alcoholic Beverages,Dinner,Still (1L),7.50,disney-california-adventure/carthay-circle-restaurant
2026-09-26,Carthay Circle Restaurant,Disney California Adventure,San Pellegrino,Non-Alcoholic Beverages,Dinner,Sparkling (1L),10.00,disney-california-adventure/carthay-circle-restaurant
2026-09-26,Carthay Circle Restaurant,Disney California Adventure,Assorted Fountain Beverages,Non-Alcoholic Beverages,Dinner,"Coca-Cola®, Diet Coke®, Coca-Cola® Zero Sugar, Sprite®, Fanta® Orange, Barq's® Root Beer, POWERADE® Mountain Berry Blast, or Minute Maid® Zero Sugar Lemonade",5.25,disney-california-adventure/carthay-circle-restaurant
2026-09-26,Carthay Circle Restaurant,Disney California Adventure,Coffee,Non-Alcoholic Beverages,Dinner,Regular or Decaf,5.50,disney-california-adventure/carthay-circle-restaurant
2026-09-26,Carthay Circle Restaurant,Disney California Adventure,Iced Tea,Non-Alcoholic Beverages,Dinner,,5.25,disney-california-adventure/carthay-circle-restaurant
2026-09-26,Carthay Circle Restaurant,Disney California Adventure,Hot Cocoa,Non-Alcoholic Beverages,Dinner,,5.50,disney-california-adventure/carthay-circle-restaurant
2026-09-26,Carthay Circle Restaurant,Disney California Adventure,"Banfi Rosa Regale Brachetto d'Acqui, Piedmont",Curtain Call,Dinner,,17.00,disney-california-adventure/carthay-circle-restaurant
2026-09-26,Carthay Circle Restaurant,Disney California Adventure,"Fonseca Bin No. 27, Reserve Porto, Portugal",Curtain Call,Dinner,,8.00,disney-california-adventure/carthay-circle-restaurant
2026-09-26,Carthay Circle Restaurant,Disney California Adventure,"Graham's, 20 year Tawny Porto, Portugal",Curtain Call,Dinner,,18.00,disney-california-adventure/carthay-circle-restaurant
2026-09-26,Carthay Circle Restaurant,Disney California Adventure,"Dow's, 10 year Tawny Porto, Portugal",Curtain Call,Dinner,,10.00,disney-california-adventure/carthay-circle-restaurant
2026-09-26,Carthay Circle Restaurant,Disney California Adventure,"Fess Parker Chardonnay, Santa Barbara County",Disney Family of Wines,Dinner,,50.00,disney-california-adventure/carthay-circle-restaurant
2026-09-26,Carthay Circle Restaurant,Disney California Adventure,"Kurt Russell Gogi ""Goldie"" Chardonnay, Santa Rita Hills",Disney Family of Wines,Dinner,,94.00,disney-california-adventure/carthay-circle-restaurant
2026-09-26,Carthay Circle Restaurant,Disney California Adventure,"Pinot Noir, GoGi, “La Mer”, Santa Rita Hills 2018",Disney Family of Wines,Dinner,,180.00,disney-california-adventure/carthay-circle-restaurant
2026-09-26,Carthay Circle Restaurant,Disney California Adventure,"Cabernet Sauvignon, Silverado Vineyards, Napa Valley 2018",Disney Family of Wines,Dinner,,94.00,disney-california-adventure/carthay-circle-restaurant
2026-09-26,Carthay Circle Restaurant,Disney California Adventure,Classic Martini,Classic Cocktails,Dinner,"Classically prepared with Hendrick’s Gin or Double Cross Vodka, Lillet Blanc Dry Vermouth, and Gourmet Blue Cheese-Truffle Olives served with an Ice Sphere made from locally sourced Purified Water",23.25,disney-california-adventure/carthay-circle-restaurant
2026-09-26,Carthay Circle Restaurant,Disney California Adventure,Carthay Mai Tai,Classic Cocktails,Dinner,"Surfrider Rum, Luxardo Maraschino and Orgeat (Almond) Syrups, Pineapple and fresh Citrus Juices, tapped with Myer's Original Dark Rum, garnished with an Orange Wedge and Luxardo Cherry",23.00,disney-california-adventure/carthay-circle-restaurant
2026-09-26,Carthay Circle Restaurant,Disney California Adventure,Negroni,Classic Cocktails,Dinner,"Beefeater Gin, Campari, and Carpano Antica Sweet Vermouth served over Hard Cubed Ice",22.75,disney-california-adventure/carthay-circle-restaurant
2026-09-26,Carthay Circle Restaurant,Disney California Adventure,Ernest's Daiquiri,Classic Cocktails,Dinner,"Bacardi Superior Rum, Luxardo Maraschino Liqueur, fresh Lime and Grapefruit Juice, and Organic Agave Nectar, served up",22.00,disney-california-adventure/carthay-circle-restaurant
2026-09-26,Carthay Circle Restaurant,Disney California Adventure,Aviation Cocktail,Classic Cocktails,Dinner,"Plymouth Gin, Crème de Violette Liqueur, Luxardo Maraschino Liqueur, and fresh Lemon Juice, served up",24.00,disney-california-adventure/carthay-circle-restaurant
2026-09-26,Carthay Circle Restaurant,Disney California Adventure,Side Car,Classic Cocktails,Dinner,"Hennessy V.S. Cognac, Cointreau, fresh Lemon Juice, and Agave Nectar with a Lemon Peel and a Sugar Rim",22.00,disney-california-adventure/carthay-circle-restaurant
2026-09-26,Carthay Circle Restaurant,Disney California Adventure,Citrus Berry Punch,Classic Cocktails,Dinner,"Pimm’s No. 1 Liqueur, Plymouth Gin, Strawberry, and Lemonade served over Crushed Ice",22.00,disney-california-adventure/carthay-circle-restaurant
2026-09-26,Carthay Circle Restaurant,Disney California Adventure,Ginger Rogers,Classic Cocktails,Dinner,"Plymouth Gin, Luxardo Apricot Liqueur, Noilly Prat Dry Vermouth, and a hint of fresh Lemon Juice, served up",22.00,disney-california-adventure/carthay-circle-restaurant
2026-09-26,Carthay Circle Restaurant,Disney California Adventure,Tequila Daisy,Classic Cocktails,Dinner,"Don Julio Reposado Tequila, Cointreau, Crème de Violette Liqueur, fresh Lime Juice, Organic Agave Nectar, and Egg Whites, served up",24.00,disney-california-adventure/carthay-circle-restaurant
2026-09-26,Carthay Circle Restaurant,Disney California Adventure,The Derby,Classic Cocktails,Dinner,"Bulleit Bourbon, fresh Grapefruit Juice, and Honey, served up",20.25,disney-california-adventure/carthay-circle-restaurant
2026-09-26,Carthay Circle Restaurant,Disney California Adventure,Scotch Mist,Classic Cocktails,Dinner,Known to be Walt’s Drink of Choice – Johnnie Walker Black Label Scotch with a Lemon Peel served over Crushed Ice,21.25,disney-california-adventure/carthay-circle-restaurant
2026-09-26,Carthay Circle Restaurant,Disney California Adventure,Pisco Sour,Classic Cocktails,Dinner,"El Gobernador Pisco, fresh Lime Juice, Organic Agave Nectar, Angostura Bitters, and Egg Whites",21.25,disney-california-adventure/carthay-circle-restaurant
2026-09-26,Carthay Circle Restaurant,Disney California Adventure,Classic Manhattan,Classic Cocktails,Dinner,"Bulleit Rye Small Batch American Whiskey, Carpano Antica Sweet Vermouth, Angostura Bitters, and Luxardo Gourmet Maraschino Cherries served with an Ice Sphere made from locally sourced Purified Water",24.00,disney-california-adventure/carthay-circle-restaurant
2026-09-26,Carthay Circle Restaurant,Disney California Adventure,Old Fashioned,Classic Cocktails,Dinner,"Woodford Reserve Bourbon with Angostura and Orange Bitters, a Luxardo Gourmet Maraschino Cherry, and served with an Ice Sphere made from locally sourced Purified Water",23.00,disney-california-adventure/carthay-circle-restaurant
2026-09-26,Carthay Circle Restaurant,Disney California Adventure,Classic Gin & Tonic,Classic Cocktails,Dinner,Hendrick’s Gin and Premium Tonic,21.00,disney-california-adventure/carthay-circle-restaurant
2026-09-26,Carthay Circle Restaurant,Disney California Adventure,Dill Gin & Tonic,Classic Cocktails,Dinner,"Plymouth Gin, Premium Tonic, Zesty Deli Dill Pickle Brine, locally grown Organic Dill, and Lemon Peel",20.00,disney-california-adventure/carthay-circle-restaurant
2026-09-26,Carthay Circle Restaurant,Disney California Adventure,Botanical Gin & Tonic,Classic Cocktails,Dinner,"Hendrick's Gin, Premium Tonic, Star Anise, Cardamom, and Mint",21.00,disney-california-adventure/carthay-circle-restaurant
2026-09-26,Carthay Circle Restaurant,Disney California Adventure,Sparkling Mare,Classic Cocktails,Dinner,"Saint-Hilaire Sparkling Wine, St-Germain Elderflower Liqueur, and Aperol Orange Aperitif",21.00,disney-california-adventure/carthay-circle-restaurant
2026-09-26,Carthay Circle Restaurant,Disney California Adventure,Double Pear Martini,Classic Cocktails,Dinner,"Double Cross and Absolut Pears Vodkas, Pear Nectar, and fresh Lime Juice complemented with a marinated Baby Pear, served up",24.00,disney-california-adventure/carthay-circle-restaurant
2026-09-26,Carthay Circle Restaurant,Disney California Adventure,Bourbon Crusta,Classic Cocktails,Dinner,"Bulleit Bourbon, Cointreau, Luxardo Maraschino Liqueur, and fresh Lemon Juice with a Lemon Peel and a Sugar Rim",25.00,disney-california-adventure/carthay-circle-restaurant
2026-09-26,Carthay Circle Restaurant,Disney California Adventure,Club Mojito,Classic Cocktails,Dinner,"Bacardi Superior Rum, Organic Mint from nearby farms, fresh Lime Juice, and Organic Agave Nectar topped with locally sourced Purified Sparkling Water served over Crushed Ice",22.00,disney-california-adventure/carthay-circle-restaurant
2026-09-26,Carthay Circle Restaurant,Disney California Adventure,Bloody Mary,Classic Cocktails,Dinner,"Hanson of Sonoma Habanero Organic Vodka, Bloody Mary Mix, Barbecue Bitters, and Dill Pickle Brine garnished with a locally grown Organic Dill Sprig and a dehydrated Horseradish-crusted Tomato Slice",23.00,disney-california-adventure/carthay-circle-restaurant
2026-09-26,Flo's V8 Cafe,Disney California Adventure,Mango-Habanero Chicken Strips,Seasonal Offerings,Lunch And Dinner; Special,with Fries and topped with Green Onions and Ranch Dressing,14.99,disney-california-adventure/flos-v8-cafe
2026-09-26,Flo's V8 Cafe,Disney California Adventure,Lightning McQueen Bucket,Seasonal Offerings,Lunch And Dinner; Special,"includes side of French Fries at time of purchase. Limit two (2) per person, per transaction. No discounts apply.",36.99,disney-california-adventure/flos-v8-cafe
2026-09-26,Flo's V8 Cafe,Disney California Adventure,"""Big Dipper"" Cheeseburger",Entrées,Lunch And Dinner; Special,"Beef Patty, American Cheese, B & B Pickles and Caramelized Onions on a Toasted Bun, with Pepperoncini Cheese Sauce, choice of Cuties® Mandarin Oranges or Fries",15.99,disney-california-adventure/flos-v8-cafe
2026-09-26,Flo's V8 Cafe,Disney California Adventure,Ka-Cheeseburger,Entrées,Lunch And Dinner; Special,"Beef Patty, American Cheese, Lettuce, Tomato and B & B Pickles on a Toasted Bun, with choice of Cuties® Mandarin Oranges or Fries",14.79,disney-california-adventure/flos-v8-cafe
2026-09-26,Flo's V8 Cafe,Disney California Adventure,Chicken Fenders,Entrées,Lunch And Dinner; Special,Crispy Chicken Strips with choice of Cuties® Mandarin Oranges or Fries,13.99,disney-california-adventure/flos-v8-cafe
2026-09-26,Flo's V8 Cafe,Disney California Adventure,Tuned-up Chicken Fenders,Entrées,Lunch And Dinner; Special,Crispy Chicken Strips tossed in choice of Sauce with choice of Cuties® Mandarin Oranges or Fries,14.99,disney-california-adventure/flos-v8-cafe
2026-09-26,Flo's V8 Cafe,Disney California Adventure,Winner's Circle Chicken and Waffle,Entrées,Lunch And Dinner; Special,"Crispy, Golden-Fried Chicken and Buttermilk Waffle with Whipped Butter and Maple Syrup",17.49,disney-california-adventure/flos-v8-cafe
2026-09-26,Flo's V8 Cafe,Disney California Adventure,Fillmore Groovy Greens with Chicken Fenders,Entrées,Lunch And Dinner; Special,"Crispy Chicken Strips, Romaine, Kale, Bean & Corn Salad, Cucumbers, Tomatoes, Crispy Quinoa, Toasted Sunflower Seeds and Zesty Dressing",14.79,disney-california-adventure/flos-v8-cafe
2026-09-26,Flo's V8 Cafe,Disney California Adventure,Fast Track Loaded Fries,Entrées,Lunch And Dinner; Special,"Fries topped with Hearty Chili, Pepperoncini Cheese Sauce, Sliced Pepperoncini and Diced Onions",12.49,disney-california-adventure/flos-v8-cafe
2026-09-26,Flo's V8 Cafe,Disney California Adventure,Cup of Chili,Entrées,Lunch And Dinner; Special,"Hearty Chili, Cheddar Cheese, Diced Onions and Cone-shaped Cornbread",7.99,disney-california-adventure/flos-v8-cafe
2026-09-26,Flo's V8 Cafe,Disney California Adventure,Fillmore Groovy Greens,Plant-Based,Lunch And Dinner; Special,"Romaine, Kale, Bean & Corn Salad, Cucumbers, Tomatoes, Crispy Quinoa, Toasted Sunflower Seeds and Zesty Dressing",11.99,disney-california-adventure/flos-v8-cafe
2026-09-26,Flo's V8 Cafe,Disney California Adventure,Micro Burger,Kids' Disney Check Meals,Lunch And Dinner; Special,with a Cuties® Mandarin Orange and Carrots. Meets Disney Nutrition Guidelines for Complete Meals without substitutions,8.99,disney-california-adventure/flos-v8-cafe
2026-09-26,Flo's V8 Cafe,Disney California Adventure,Mini Buckwheat Waffles,Kids' Disney Check Meals,Lunch And Dinner; Special,"with a Cuties® Mandarin, Carrots and choice of Small Lowfat Milk or Small DASANI® Water. Meets Disney Nutrition Guidelines for Complete Meals without substitutions",8.49,disney-california-adventure/flos-v8-cafe
2026-09-26,Flo's V8 Cafe,Disney California Adventure,Mack's Mac & Cheese,Kids' Meal,Lunch And Dinner; Special,with a Cuties® Mandarin Orange and Carrots,8.49,disney-california-adventure/flos-v8-cafe
2026-09-26,Flo's V8 Cafe,Disney California Adventure,Flo's Classic Shake,Desserts,Lunch And Dinner; Special,"Vanilla, Chocolate, or Strawberry Shake topped with ""Road Gravel""",8.49,disney-california-adventure/flos-v8-cafe
2026-09-26,Flo's V8 Cafe,Disney California Adventure,Flo's Classic Shake in Souvenir Glass,Desserts,Lunch And Dinner; Special,"Cars Land souvenir Shake glass served with Vanilla, Chocolate, or Strawberry Shake topped with ""Road Gravel""",17.49,disney-california-adventure/flos-v8-cafe
2026-09-26,Flo's V8 Cafe,Disney California Adventure,Side Fries,Sides,Lunch And Dinner; Special,,4.79,disney-california-adventure/flos-v8-cafe
2026-09-26,Flo's V8 Cafe,Disney California Adventure,Desert Pear Agave Wine Margarita,Alcoholic Beverages,Lunch And Dinner; Special,Agave Wine with Desert Pear Lemonade,17.00,disney-california-adventure/flos-v8-cafe
2026-09-26,Flo's V8 Cafe,Disney California Adventure,"Brewery X, Fender Bender IPA",Alcoholic Beverages,Lunch And Dinner; Special,"Anaheim, CA (ABV 6.7%)",15.75,disney-california-adventure/flos-v8-cafe
2026-09-26,Flo's V8 Cafe,Disney California Adventure,Pacifico Cerveza Clara,Alcoholic Beverages,Lunch And Dinner; Special,Mexican Pilsner - style Lager (ABV% 4.4%),14.25,disney-california-adventure/flos-v8-cafe
2026-09-26,Flo's V8 Cafe,Disney California Adventure,Seaborn Passion Guava Margarita,Alcoholic Beverages,Lunch And Dinner; Special,"Encinitas, CA (ABV 7%) served over ice",17.00,disney-california-adventure/flos-v8-cafe
2026-09-26,Flo's V8 Cafe,Disney California Adventure,Stop Sign Cream Soda Pop,Non-Alcoholic Specialty Beverages,Lunch And Dinner; Special,"Sprite® with House-made Strawberry and Coconut Cream, topped with a House-made Strawberry Cream and Strawberry-flavored Flakes",7.99,disney-california-adventure/flos-v8-cafe
2026-09-26,Flo's V8 Cafe,Disney California Adventure,Start Your Engine Cold Brew,Non-Alcoholic Specialty Beverages,Lunch And Dinner; Special,"Joffrey’s Shakin’ Jamaican™ Cold Brew with Caramel Premium Syrup, topped with House-made Caramel-flavored Cream and Caramel Sauce Drizzle",7.99,disney-california-adventure/flos-v8-cafe
2026-09-26,Flo's V8 Cafe,Disney California Adventure,Reusable Cutlery Set,Beverages,Lunch And Dinner; Special,,9.99,disney-california-adventure/flos-v8-cafe
2026-09-26,Flo's V8 Cafe,Disney California Adventure,Assorted Fountain Beverages - Regular,Beverages,Lunch And Dinner; Special,assorted Coca-Cola® offerings,4.99,disney-california-adventure/flos-v8-cafe
2026-09-26,Flo's V8 Cafe,Disney California Adventure,Assorted Fountain Beverages - Large,Beverages,Lunch And Dinner; Special,assorted Coca-Cola® offerings,5.69,disney-california-adventure/flos-v8-cafe
2026-09-26,Flo's V8 Cafe,Disney California Adventure,DASANI® Bottled Water,Beverages,Lunch And Dinner; Special,,4.79,disney-california-adventure/flos-v8-cafe
2026-09-26,Flo's V8 Cafe,Disney California Adventure,Minute Maid® Apple Juice,Beverages,Lunch And Dinner; Special,,3.49,disney-california-adventure/flos-v8-cafe
2026-09-26,Flo's V8 Cafe,Disney California Adventure,Chocolate Milk,Beverages,Lunch And Dinner; Special,,4.99,disney-california-adventure/flos-v8-cafe
2026-09-26,Flo's V8 Cafe,Disney California Adventure,Cold Brew,Beverages,Lunch And Dinner; Special,Joffrey’s Shakin’ Jamaican™ Cold Brew,6.99,disney-california-adventure/flos-v8-cafe
2026-09-26,Flo's V8 Cafe,Disney California Adventure,Hot Cocoa,Beverages,Lunch And Dinner; Special,,5.49,disney-california-adventure/flos-v8-cafe
2026-09-26,Pym Test Kitchen,Disney California Adventure,Strawberry Matcha Latte,Seasonal Offerings,Breakfast; Lunch And Dinner; Special,"Matcha with Strawberry Cold Foam, topped with Strawberry Sugar Wafers and Strawberry Condensed Milk Drizzle",7.99,disney-california-adventure/pym-test-kitchen
2026-09-26,Pym Test Kitchen,Disney California Adventure,Experiment 7290: Cookies & Cream Cold Brew,Seasonal Offerings,Breakfast; Lunch And Dinner; Special,Chocolate Cookie Cold Brew with Sweet Cold Foam,8.49,disney-california-adventure/pym-test-kitchen
2026-09-26,Pym Test Kitchen,Disney California Adventure,Mister Fantastic Straw Clip,Seasonal Offerings,Breakfast; Lunch And Dinner; Special,"includes choice of Fountain Beverage at time of purchase. Limit two (2) per person, per transaction. No discounts apply.",13.59,disney-california-adventure/pym-test-kitchen
2026-09-26,Pym Test Kitchen,Disney California Adventure,The Fantastic Four: Clobberin’ Sipper,Seasonal Offerings,Breakfast; Lunch And Dinner; Special,"includes Coca-Cola Freestyle® Beverage at time of purchase. Limit two (2) per person, per transaction. No discounts apply.",29.79,disney-california-adventure/pym-test-kitchen
2026-09-26,Pym Test Kitchen,Disney California Adventure,Spider-Man Straw Clip,Seasonal Offerings,Breakfast; Lunch And Dinner; Special,"includes choice of Fountain Beverage at time of purchase. Limit two (2) per person, per transaction. No discounts apply.",14.29,disney-california-adventure/pym-test-kitchen
2026-09-26,Pym Test Kitchen,Disney California Adventure,Captain America Shield Sipper,Seasonal Offerings,Breakfast; Lunch And Dinner; Special,"includes choice of Fountain Beverage at time of purchase. Limit two (2) per person, per transaction. No discounts apply.",30.49,disney-california-adventure/pym-test-kitchen
2026-09-26,Pym Test Kitchen,Disney California Adventure,Quantum Pretzel,Sized to Share,Breakfast; Lunch And Dinner; Special,"453.8 grams, Bavarian-style, with Sharp Cheddar Cheese-Beer Sauce",14.49,disney-california-adventure/pym-test-kitchen
2026-09-26,Pym Test Kitchen,Disney California Adventure,Formulated French Toast,Entrées,Breakfast,"Bacon, Blueberry-flavored Popping Spheres, Jamaica Syrup, Whipped Cream and Sprinkles",11.99,disney-california-adventure/pym-test-kitchen
2026-09-26,Pym Test Kitchen,Disney California Adventure,Verde Variant Chilaquiles,Entrées,Breakfast,"Tortilla Chips tossed in Tomatillo Salsa with Scrambled Eggs, Bacon, Pico de Gallo, Cotija, Pickled Onions and Crema",13.49,disney-california-adventure/pym-test-kitchen
2026-09-26,Pym Test Kitchen,Disney California Adventure,Recalculated Breakfast,Entrées,Breakfast,"Scrambled Egg served with Bacon, Crispy Potato Bites and Toasted Particle Bread",10.99,disney-california-adventure/pym-test-kitchen
2026-09-26,Pym Test Kitchen,Disney California Adventure,Impossible™ Quantum Garden Breakfast,Plant-Based,Breakfast,"Plant-based Folded Omelet with Impossible™ Breakfast Sausage, crispy Potato Bites and Focaccia Toast",12.49,disney-california-adventure/pym-test-kitchen
2026-09-26,Pym Test Kitchen,Disney California Adventure,Side Turkey Bacon,Breakfast Sides,Breakfast,,4.49,disney-california-adventure/pym-test-kitchen
2026-09-26,Pym Test Kitchen,Disney California Adventure,Side Potato Bites,Sides,Breakfast; Lunch And Dinner; Special,,4.79,disney-california-adventure/pym-test-kitchen
2026-09-26,Pym Test Kitchen,Disney California Adventure,Side Smoked Bacon,Sides,Breakfast; Lunch And Dinner; Special,,4.49,disney-california-adventure/pym-test-kitchen
2026-09-26,Pym Test Kitchen,Disney California Adventure,Side Cheese-Beer Sauce,Sides,Breakfast; Lunch And Dinner; Special,,1.39,disney-california-adventure/pym-test-kitchen
2026-09-26,Pym Test Kitchen,Disney California Adventure,Side Cuties® Mandarin,Sides,Breakfast; Lunch And Dinner; Special,,2.49,disney-california-adventure/pym-test-kitchen
2026-09-26,Pym Test Kitchen,Disney California Adventure,Nano Eggs-periment 101,Kids' Disney Check Meal,Breakfast,"softly arranged Eggs and Turkey Bacon with Toast, served with a Cuties® Mandarin and choice of Small Lowfat Milk or Small DASANI® Water. Meets Disney Nutrition Guidelines for Complete Meals without substitutions",8.99,disney-california-adventure/pym-test-kitchen
2026-09-26,Pym Test Kitchen,Disney California Adventure,Semi-Formulated French Toast,Kids' Meals,Breakfast,"with Turkey Bacon, Blueberry-flavored Popping Spheres, Berry Jamaica Syrup, Whipped Cream and Sprinkles, served with a Cuties® Mandarin Orange and choice of small DASANI® Bottled Water or small Lowfat Milk",8.99,disney-california-adventure/pym-test-kitchen
2026-09-26,Pym Test Kitchen,Disney California Adventure,Choco Smash Bar,Dessert,Breakfast; Lunch And Dinner; Special,"With Dark Chocolate, Peanuts, Caramel, Nougat, and Chocolate Brownie",9.49,disney-california-adventure/pym-test-kitchen
2026-09-26,Pym Test Kitchen,Disney California Adventure,Proton Punch,Beverages,Breakfast; Lunch And Dinner; Special,"Lemonade, Berry Purée, Cherry Flavor-filled Boba and Grenadine-filled Pipette",8.49,disney-california-adventure/pym-test-kitchen
2026-09-26,Pym Test Kitchen,Disney California Adventure,Lowfat Milk,Beverages,Breakfast; Lunch And Dinner; Special,,3.49,disney-california-adventure/pym-test-kitchen
2026-09-26,Pym Test Kitchen,Disney California Adventure,Coffee,Beverages,Breakfast; Lunch And Dinner; Special,,5.49,disney-california-adventure/pym-test-kitchen
2026-09-26,Pym Test Kitchen,Disney California Adventure,Hot Cocoa,Beverages,Breakfast; Lunch And Dinner; Special,,5.49,disney-california-adventure/pym-test-kitchen
2026-09-26,Pym Test Kitchen,Disney California Adventure,Simply® Orange,Beverages,Breakfast; Lunch And Dinner; Special,,5.59,disney-california-adventure/pym-test-kitchen
2026-09-26,Pym Test Kitchen,Disney California Adventure,Coca-Cola® Freestyle - Regular,Beverages,Breakfast; Lunch And Dinner; Special,assorted Coca-Cola® offerings featuring Pingo Doce,4.99,disney-california-adventure/pym-test-kitchen
2026-09-26,Pym Test Kitchen,Disney California Adventure,Coca-Cola® Freestyle - Large,Beverages,Breakfast; Lunch And Dinner; Special,assorted Coca-Cola® offerings featuring Pingo Doce,5.69,disney-california-adventure/pym-test-kitchen
2026-09-26,Pym Test Kitchen,Disney California Adventure,DASANI® Bottled Water,Beverages,Breakfast; Lunch And Dinner; Special,,4.79,disney-california-adventure/pym-test-kitchen
2026-09-26,Pym Test Kitchen,Disney California Adventure,Glowing Pym Particle Capsule,Novelties,Breakfast; Lunch And Dinner; Special,Light up your Beverage with a Red or Blue Glowing Pym Particle Capsule,6.99,disney-california-adventure/pym-test-kitchen
2026-09-26,Pym Test Kitchen,Disney California Adventure,Strawberry Matcha Rum Cocktail,Alcoholic Beverages,Breakfast; Lunch And Dinner; Special,"White Rum and Matcha with Strawberry Cold Foam, topped with Strawberry Sugar Wafers and Strawberry Condensed Milk Drizzle, served in a Particle Beaker",19.50,disney-california-adventure/pym-test-kitchen
2026-09-26,Pym Test Kitchen,Disney California Adventure,Proton Potation,Alcoholic Beverages,Breakfast; Lunch And Dinner; Special,"Vodka, Lemonade and Grenadine with Cherry-flavored Popping Spheres",19.50,disney-california-adventure/pym-test-kitchen
2026-09-26,Pym Test Kitchen,Disney California Adventure,"Topa Topa Brewing Co., Chief Peak IPA",Alcoholic Beverages,Breakfast; Lunch And Dinner; Special,(ABV 7.0%),15.75,disney-california-adventure/pym-test-kitchen
2026-09-26,Pym Test Kitchen,Disney California Adventure,"Kona Brewing Co., Big Wave",Alcoholic Beverages,Breakfast; Lunch And Dinner; Special,Golden Ale (ABV 4.4%),15.75,disney-california-adventure/pym-test-kitchen
2026-09-26,Pym Test Kitchen,Disney California Adventure,Beer Mimosa,Alcoholic Beverages,Breakfast; Lunch And Dinner; Special,Wheat Ale with Minute Maid® Orange Juice,16.75,disney-california-adventure/pym-test-kitchen
2026-09-26,Pym Test Kitchen,Disney California Adventure,"Sierra Nevada, Sunny Little Thing",Alcoholic Beverages,Breakfast; Lunch And Dinner; Special,A Wheat Ale made with Citrus for radiant flavor (ABV 5.0%),13.75,disney-california-adventure/pym-test-kitchen
2026-09-26,Pym Test Kitchen,Disney California Adventure,BBQ Pork Muenster Grilled Cheese,Blue Particle Specials ,Lunch And Dinner; Special,"BBQ Pork Belly and Muenster on Sourdough with Crispy Onions & Jalapeño Slaw, served with Potato Bites (Experiment No. 1966)",16.79,disney-california-adventure/pym-test-kitchen
2026-09-26,Pym Test Kitchen,Disney California Adventure,Not so Little Chicken Sandwich,Blue Particle Specials ,Lunch And Dinner; Special,"Fried Chicken Breast, Teriyaki and Red Chili Sauces, and Pickled Cabbage Slaw on Brioche, served with crispy Potato Bites",16.99,disney-california-adventure/pym-test-kitchen
2026-09-26,Pym Test Kitchen,Disney California Adventure,Pepper Particle Pasta,Blue Particle Specials ,Lunch And Dinner; Special,"Campanelli Pasta topped with Grilled Chicken, Spicy Tomato Cream Sauce, Chimichurri and Parmesan",16.99,disney-california-adventure/pym-test-kitchen
2026-09-26,Pym Test Kitchen,Disney California Adventure,Humongous Taco Salad,Blue Particle Specials ,Lunch And Dinner; Special,"Taco Shell loaded with Romaine tossed in Chipotle Ranch, topped with Chicken, Corn, Bell Pepper, Cotija and Avocado",15.79,disney-california-adventure/pym-test-kitchen
2026-09-26,Pym Test Kitchen,Disney California Adventure,Neutron Nachos,Plant-Based,Lunch And Dinner; Special,"Blue and Red Corn Tortilla Chips, Impossible™ Taco Meat, Seasoned Black Beans, Cheese Sauce, Pico De Gallo, Sour Cream and Pickled Jalapeños",14.99,disney-california-adventure/pym-test-kitchen
2026-09-26,Pym Test Kitchen,Disney California Adventure,Side Slaw,Lunch and Dinner Sides,Lunch And Dinner; Special,,2.79,disney-california-adventure/pym-test-kitchen
2026-09-26,Pym Test Kitchen,Disney California Adventure,PB&J Flavor Lab,Kids' Disney Check Meals,Lunch And Dinner; Special,"assemble your own experiment - smooth Peanut Butter, Strawberry Jelly and Pym Particle Bread, served with a Cuties® Mandarin, Yogurt and choice of Small Lowfat Milk or Small DASANI® Water. Meets Disney Nutrition Guidelines for Complete Meals without substitutions",8.99,disney-california-adventure/pym-test-kitchen
2026-09-26,Pym Test Kitchen,Disney California Adventure,Kid's Buttered Noodles,Red Particle Mini-Meals,Lunch And Dinner; Special,"Campanelli Pasta tossed in Melted Butter, served with a Cuties® Mandarin Orange and choice of Small DASANI® Bottled Water or Small Lowfat Milk",9.99,disney-california-adventure/pym-test-kitchen
2026-09-26,Pym Test Kitchen,Disney California Adventure,Subatomic Chicken Sandwich,Red Particle Mini-Meals,Lunch And Dinner; Special,"crispy Breaded Chicken Breast on a Soft Roll, served with a Cuties® Mandarin, Yogurt and choice of Small Lowfat Milk or Small DASANI® Water",10.99,disney-california-adventure/pym-test-kitchen
2026-09-26,Pym Test Kitchen,Disney California Adventure,Bite-sized Grilled Cheese,Red Particle Mini-Meals,Lunch And Dinner; Special,"Melted Cheddar on Toasted Sourdough, served with a Cuties® Mandarin, Yogurt and choice of small DASANI Water or small Lowfat Milk",8.99,disney-california-adventure/pym-test-kitchen
2026-09-26,Pym Tasting Lab,Disney California Adventure,Mini Pretzels,Snacks,Lounge; Special,with Spicy Nacho Cheese,7.50,disney-california-adventure/pym-tasting-lab
2026-09-26,Pym Tasting Lab,Disney California Adventure,Seaborn Pomegranate Margarita,Cocktails,Lounge; Special,"San Diego, CA (10% ABV), served over ice",18.00,disney-california-adventure/pym-tasting-lab
2026-09-26,Pym Tasting Lab,Disney California Adventure,Liberty Punch,Cocktails,Lounge; Special,Litmus Lemonade layered with Blue Hawaiian and topped with Citrus Meringue Foam,20.50,disney-california-adventure/pym-tasting-lab
2026-09-26,Pym Tasting Lab,Disney California Adventure,Litmus Lemonade,Cocktails,Lounge; Special,"Svedka Vodka, Lemonade and Wild Strawberry Syrup",19.50,disney-california-adventure/pym-tasting-lab
2026-09-26,Pym Tasting Lab,Disney California Adventure,Molecular Mule,Cocktails,Lounge; Special,Seaborn Cucumber Ginger Mule served over ice (ABV 10.0%),21.50,disney-california-adventure/pym-tasting-lab
2026-09-26,Pym Tasting Lab,Disney California Adventure,Titration Tea,Cocktails,Lounge; Special,Vodka and Hard Iced Tea with Lemonade and Wild Strawberry Syrup.,20.50,disney-california-adventure/pym-tasting-lab
2026-09-26,Pym Tasting Lab,Disney California Adventure,Particle Fizz,Cocktails,Lounge; Special,4 Sons Blue Raz Lemonade Hard Seltzer with Blue Raspberry Gummy-Ring Garnish,19.50,disney-california-adventure/pym-tasting-lab
2026-09-26,Pym Tasting Lab,Disney California Adventure,Blue Hawaiian,Cocktails,Lounge; Special,"Triple Sec, Pineapple Juice and Toasted Coconut",20.50,disney-california-adventure/pym-tasting-lab
2026-09-26,Pym Tasting Lab,Disney California Adventure,X-Periment,Cocktails,Lounge; Special,Tequila with Mango and Habanero Syrups and Mango-flavored Popping Spheres,23.50,disney-california-adventure/pym-tasting-lab
2026-09-26,Pym Tasting Lab,Disney California Adventure,R&D Espresso Martini,Cocktails,Lounge; Special,"Espresso Martini with Cereal-infused Milk, Dark Chocolate Espresso Beans & Cereal Crumbles",22.50,disney-california-adventure/pym-tasting-lab
2026-09-26,Pym Tasting Lab,Disney California Adventure,Tropical Hurricane Cocktail,Cocktails,Lounge; Special,"Vodka, Pineapple Hurricane Mix topped with Fruit Flavor-filled Boba",21.50,disney-california-adventure/pym-tasting-lab
2026-09-26,Pym Tasting Lab,Disney California Adventure,"Brewery Ommegang, Neon Rainbows IPA",Beers,Lounge; Special,(ABV 6.7%),15.75,disney-california-adventure/pym-tasting-lab
2026-09-26,Pym Tasting Lab,Disney California Adventure,"Karl Strauss® Brewing Company, Karlitos Mexican Lager",Beers,Lounge; Special,"Karl Strauss® Brewing Company, Karlitos Mexican Lager (ABV 4.4%)",14.25,disney-california-adventure/pym-tasting-lab
2026-09-26,Pym Tasting Lab,Disney California Adventure,"Twisted Tea, Hard Iced Tea Original",Beers,Lounge; Special,Hard Tea (ABV 5.0%),17.00,disney-california-adventure/pym-tasting-lab
2026-09-26,Pym Tasting Lab,Disney California Adventure,"Firestone Walker Brewing Company, Cali Squeeze Blood Orange Hefe",Beers,Lounge; Special,"Blood Orange Hefeweizen, San Luis Obispo, CA (ABV 5.4%)",15.00,disney-california-adventure/pym-tasting-lab
2026-09-26,Pym Tasting Lab,Disney California Adventure,Popping Particle Punch,Beverages,Lounge; Special,Non-alcoholic Carbonated Pineapple Hurricane with Grenadine and Flavor Bursts,8.49,disney-california-adventure/pym-tasting-lab
2026-09-26,Pym Tasting Lab,Disney California Adventure,DASANI® Bottled Water,Beverages,Lounge; Special,,5.00,disney-california-adventure/pym-tasting-lab
2026-09-26,Pym Tasting Lab,Disney California Adventure,Glowing Pym Particle Capsule,Novelties,Lounge; Special,Light up your Beverage with a Red or Blue Glowing Pym Particle Capsule,7.50,disney-california-adventure/pym-tasting-lab
2026-09-26,Smokejumpers Grill,Disney California Adventure,Coco Lantern Sipper,Seasonal Offering,Breakfast; Lunch And Dinner; Special,"includes choice of Fountain Beverage at time of purchase. Limit two (2) per person, per transaction. No discounts apply.",30.99,disney-california-adventure/smokejumpers-grill
2026-09-26,Smokejumpers Grill,Disney California Adventure,Villainous Wings,Seasonal Offering,Breakfast; Lunch And Dinner; Special,"tossed in Sweet & Tangy Gochujang Sauce, drizzled with Ghost Pepper Ranch and topped with Chives",8.29,disney-california-adventure/smokejumpers-grill
2026-09-26,Smokejumpers Grill,Disney California Adventure,Magic Key Ursula Straw Clip,Seasonal Offering,Breakfast; Lunch And Dinner; Special,"with purchase of beverage at time of purchase. Limit one (1) per person, per Magic Key Pass, per transaction. No discounts apply.",9.49,disney-california-adventure/smokejumpers-grill
2026-09-26,Smokejumpers Grill,Disney California Adventure,Vampire Mickey Mouse Bucket,Seasonal Offering,Breakfast; Lunch And Dinner; Special,"includes side of French Fries at time of purchase. Limit two (2) per person, per transaction. No discounts apply.",32.99,disney-california-adventure/smokejumpers-grill
2026-09-26,Smokejumpers Grill,Disney California Adventure,Oogie Boogie Moon Glow Cube,Seasonal Offering,Breakfast; Lunch And Dinner; Special,"Includes choice of Fountain Beverage at time of purchase. Limit Two (2) per person, per transaction. No discounts apply.",11.69,disney-california-adventure/smokejumpers-grill
2026-09-26,Smokejumpers Grill,Disney California Adventure,The Headless Horseman Bucket,Seasonal Offering,Breakfast; Lunch And Dinner; Special,"Includes Fries at time of purchase. Limit two (2) per person, per transaction. No discounts apply.",29.99,disney-california-adventure/smokejumpers-grill
2026-09-26,Smokejumpers Grill,Disney California Adventure,French Toast Sticks,Entrées ,Breakfast,"with Powdered Sugar, Berries and Maple Syrup",9.99,disney-california-adventure/smokejumpers-grill
2026-09-26,Smokejumpers Grill,Disney California Adventure,Breakfast Sandwich,Entrées ,Breakfast,"Sausage, Egg, Cheddar, Hash Browns, SJG Sauce and Green Chile on a Toasted Bun, served with Cuties® Mandarin Oranges or Breakfast Seasoned Fries",13.99,disney-california-adventure/smokejumpers-grill
2026-09-26,Smokejumpers Grill,Disney California Adventure,Classic Breakfast Burrito,Entrées ,Breakfast,"Sausage, Bacon, Egg, Cheddar and Hash Browns with Molcajete Salsa, served with Cuties® Mandarin Oranges or Breakfast Seasoned Fries",15.99,disney-california-adventure/smokejumpers-grill
2026-09-26,Smokejumpers Grill,Disney California Adventure,Chorizo Burrito,Breakfast Plant-Based,Breakfast,"Sausage, Chorizo, Egg, Cheese, Hash Browns and Avocado Sauce with Molcajete Salsa, served with Cuties® Mandarin Oranges or Breakfast Seasoned Fries",15.49,disney-california-adventure/smokejumpers-grill
2026-09-26,Smokejumpers Grill,Disney California Adventure,Breakfast Seasoned Fries,Sides ,Breakfast,,4.79,disney-california-adventure/smokejumpers-grill
2026-09-26,Smokejumpers Grill,Disney California Adventure,Bacon,Sides ,Breakfast,,4.49,disney-california-adventure/smokejumpers-grill
2026-09-26,Smokejumpers Grill,Disney California Adventure,Sausage Patty,Sides ,Breakfast,,4.49,disney-california-adventure/smokejumpers-grill
2026-09-26,Smokejumpers Grill,Disney California Adventure,Fried Egg,Sides ,Breakfast,,3.79,disney-california-adventure/smokejumpers-grill
2026-09-26,Smokejumpers Grill,Disney California Adventure,Hash Browns,Sides ,Breakfast,,3.19,disney-california-adventure/smokejumpers-grill
2026-09-26,Smokejumpers Grill,Disney California Adventure,Molcajete Salsa,Sides ,Breakfast,,1.39,disney-california-adventure/smokejumpers-grill
2026-09-26,Smokejumpers Grill,Disney California Adventure,French Toast Sticks,Breakfast Kids' Meal ,Breakfast,with Powdered Sugar and Maple Syrup,8.99,disney-california-adventure/smokejumpers-grill
2026-09-26,Smokejumpers Grill,Disney California Adventure,Kids' Breakfast Sandwich,Breakfast Kids' Disney Check Meal ,Breakfast,"Turkey Bacon, Egg and Cheddar, served with Cuties® Mandarin Orange and choice of small DASANI® Water or small Lowfat Milk. Meets Disney Nutrition Guidelines for Complete Meals without substitutions.",8.49,disney-california-adventure/smokejumpers-grill
2026-09-26,Smokejumpers Grill,Disney California Adventure,"Bottle Logic Brewing, Aurora Borealis Hard Seltzer",Alcoholic Beverages,Breakfast; Lunch And Dinner; Special,"Honeydew Lime Seltzer served over ice, Anaheim, CA (ABV 8%)",15.75,disney-california-adventure/smokejumpers-grill
2026-09-26,Smokejumpers Grill,Disney California Adventure,Green Apple Lemonade Margarita,Alcoholic Beverages,Breakfast; Lunch And Dinner; Special,"Tequila with Minute Maid® Lemonade, Green Apple Premium Syrup, Cherry-flavored Popping Spheres and Raspberry Sauce",19.50,disney-california-adventure/smokejumpers-grill
2026-09-26,Smokejumpers Grill,Disney California Adventure,"Karl Strauss® Brewing Company, Karlito's Mexican Lager",Alcoholic Beverages,Breakfast; Lunch And Dinner; Special,(ABV 4.4%),14.25,disney-california-adventure/smokejumpers-grill
2026-09-26,Smokejumpers Grill,Disney California Adventure,Caramel-Pecan Irish Cream Cold Brew Cocktail,Alcoholic Beverages,Breakfast; Lunch And Dinner; Special,"Irish Cream Liqueur, Pecan Cold Brew, Salted Maple Cold Foam, Caramel Drizzle and Waffle Pieces",19.50,disney-california-adventure/smokejumpers-grill
2026-09-26,Smokejumpers Grill,Disney California Adventure,"Karl Strauss®, Aurora Hoppyalis, San Diego, CA",Alcoholic Beverages,Breakfast; Lunch And Dinner; Special,ABV 7.0%,15.75,disney-california-adventure/smokejumpers-grill
2026-09-26,Smokejumpers Grill,Disney California Adventure,Frozen Coca-Cola® with Jack Daniel's Tennessee Whiskey,Alcoholic Beverages,Breakfast; Lunch And Dinner; Special,,20.00,disney-california-adventure/smokejumpers-grill
2026-09-26,Smokejumpers Grill,Disney California Adventure,Frozen Coca-Cola® with Captain Morgan Rum,Alcoholic Beverages,Breakfast; Lunch And Dinner; Special,,20.00,disney-california-adventure/smokejumpers-grill
2026-09-26,Smokejumpers Grill,Disney California Adventure,Simply Orange®,Breakfast Beverages ,Breakfast,,5.59,disney-california-adventure/smokejumpers-grill
2026-09-26,Smokejumpers Grill,Disney California Adventure,Oogie Boogie Lemonade,Refreshments,Breakfast; Lunch And Dinner; Special,"Minute Maid® Lemonade with Green Apple Premium Syrup, Cherry-flavored Popping Spheres and Raspberry Sauce",7.99,disney-california-adventure/smokejumpers-grill
2026-09-26,Smokejumpers Grill,Disney California Adventure,BearPaw Basin Cold Brew,Refreshments,Breakfast; Lunch And Dinner; Special,"Pecan Cold Brew, Salted Maple Cold Foam, Caramel Drizzle and Waffle Pieces",8.49,disney-california-adventure/smokejumpers-grill
2026-09-26,Smokejumpers Grill,Disney California Adventure,Assorted Fountain Beverages - Regular,Refreshments,Breakfast; Lunch And Dinner; Special,assorted Coca-Cola® offerings,4.99,disney-california-adventure/smokejumpers-grill
2026-09-26,Smokejumpers Grill,Disney California Adventure,Assorted Fountain Beverages - Large,Refreshments,Breakfast; Lunch And Dinner; Special,assorted Coca-Cola® offerings,5.69,disney-california-adventure/smokejumpers-grill
2026-09-26,Smokejumpers Grill,Disney California Adventure,DASANI® Bottled Water,Refreshments,Breakfast; Lunch And Dinner; Special,,4.79,disney-california-adventure/smokejumpers-grill
2026-09-26,Smokejumpers Grill,Disney California Adventure,Minute Maid® Apple Juice,Refreshments,Breakfast; Lunch And Dinner; Special,,3.49,disney-california-adventure/smokejumpers-grill
2026-09-26,Smokejumpers Grill,Disney California Adventure,Lowfat Milk,Refreshments,Breakfast; Lunch And Dinner; Special,,3.49,disney-california-adventure/smokejumpers-grill
2026-09-26,Smokejumpers Grill,Disney California Adventure,Chocolate Milk,Refreshments,Breakfast; Lunch And Dinner; Special,,3.49,disney-california-adventure/smokejumpers-grill
2026-09-26,Smokejumpers Grill,Disney California Adventure,Strawberry Summer Salad,Featured Tastes,Lunch And Dinner; Special,"Grilled Chicken, Baby Arugula, Baby Spinach, Strawberry-Tahini Vinaigrette, Caramelized Onions, Feta Cheese and Candied Walnuts",11.99,disney-california-adventure/smokejumpers-grill
2026-09-26,Smokejumpers Grill,Disney California Adventure,Fried Pickles,Featured Tastes,Lunch And Dinner; Special,With Buffalo Ranch,5.79,disney-california-adventure/smokejumpers-grill
2026-09-26,Smokejumpers Grill,Disney California Adventure,Chipotle BBQ Bacon Double Cheeseburger,Pilot Classics,Lunch And Dinner; Special,"two Angus Beef Patties, Provolone, Bacon, Lettuce, Pickles, Onion Rings and Chipotle BBQ Sauce served with Fries",17.29,disney-california-adventure/smokejumpers-grill
2026-09-26,Smokejumpers Grill,Disney California Adventure,Double Cheeseburger,Pilot Classics,Lunch And Dinner; Special,"two Angus Beef Patties, Cheddar, Lettuce, Tomato, Pickles, Grilled Onion and SJG Burger Sauce served with Fries",16.29,disney-california-adventure/smokejumpers-grill
2026-09-26,Smokejumpers Grill,Disney California Adventure,Spicy Chicken Sandwich,Pilot Classics,Lunch And Dinner; Special,"Hand-breaded Chicken, spicy Chipotle Sauce, Lettuce and Pickles served with Fries",14.99,disney-california-adventure/smokejumpers-grill
2026-09-26,Smokejumpers Grill,Disney California Adventure,Grilled Chicken Sandwich,Pilot Classics,Lunch And Dinner; Special,"Chicken Breast, Smoked Provolone, Green Chile, Roasted Garlic Citrus Aïoli, Lettuce and Tomato served with Fries",14.49,disney-california-adventure/smokejumpers-grill
2026-09-26,Smokejumpers Grill,Disney California Adventure,Chicken Tenders,Pilot Classics,Lunch And Dinner; Special,served with Fries,13.99,disney-california-adventure/smokejumpers-grill
2026-09-26,Smokejumpers Grill,Disney California Adventure,Double Impossible™ Cheeseburger,Plant-Based Offerings,Lunch And Dinner; Special,"two Plant-based Patties, Dairy-free Cheddar, Lettuce, Tomato, Pickles, Grilled Onion and Plant-based Sauce served with Fries or Cuties® Mandarin Oranges",16.29,disney-california-adventure/smokejumpers-grill
2026-09-26,Smokejumpers Grill,Disney California Adventure,Fries,Extra Supplies,Lunch And Dinner; Special,,4.79,disney-california-adventure/smokejumpers-grill
2026-09-26,Smokejumpers Grill,Disney California Adventure,Onion Rings,Extra Supplies,Lunch And Dinner; Special,,5.79,disney-california-adventure/smokejumpers-grill
2026-09-26,Smokejumpers Grill,Disney California Adventure,Double Basecamp Burger,Kids' Disney Check Meal,Lunch And Dinner; Special,"Double Beef Patty Slider served with Cuties® Mandarin Orange, Applesauce and choice of small Lowfat Milk or small DASANI® Water. Meets Disney Nutrition Guidelines for Complete Meals without substitutions",8.99,disney-california-adventure/smokejumpers-grill
2026-09-26,Smokejumpers Grill,Disney California Adventure,Chicken Tenders,Kids' Meals,Lunch And Dinner; Special,"served with Cuties® Mandarin Orange, Applesauce and choice of small Lowfat Milk or small DASANI® Water",8.99,disney-california-adventure/smokejumpers-grill
2026-09-26,Smokejumpers Grill,Disney California Adventure,Chocolate Shake,Desserts,Lunch And Dinner; Special,,8.49,disney-california-adventure/smokejumpers-grill
2026-09-26,Smokejumpers Grill,Disney California Adventure,Vanilla Shake,Desserts,Lunch And Dinner; Special,,8.49,disney-california-adventure/smokejumpers-grill
2026-09-26,Smokejumpers Grill,Disney California Adventure,The Headless Horseman Bucket,Oogie Boogie Bash Offering [Available during Event Only],Special,"Includes Fries at time of purchase. Limit two (2) per person, per transaction. No discounts apply.",29.99,disney-california-adventure/smokejumpers-grill
2026-09-26,Paradise Garden Grill,Disney California Adventure,Hades Glow Cube,Seasonal Offerings,Lunch And Dinner,"Includes choice of Fountain Beverage at time of purchase. Limit Two (2) per person, per transaction. No discounts apply.",11.69,disney-california-adventure/paradise-garden-grill
2026-09-26,Paradise Garden Grill,Disney California Adventure,Coco Lantern Sipper,Seasonal Offerings,Lunch And Dinner,"includes choice of Fountain Beverage at time of purchase. Limit two (2) per person, per transaction. No discounts apply.",30.99,disney-california-adventure/paradise-garden-grill
2026-09-26,Paradise Garden Grill,Disney California Adventure,Halloween Travel Tumbler,Seasonal Offerings,Lunch And Dinner,"includes choice of Fountain Beverage at time of purchase. Limit ten (10) per person, per transaction. No discounts apply.",14.99,disney-california-adventure/paradise-garden-grill
2026-09-26,Paradise Garden Grill,Disney California Adventure,Magic Key Ursula Straw Clip,Seasonal Offerings,Lunch And Dinner,"with purchase of beverage at time of purchase. Limit one (1) per person, per Magic Key Pass, per transaction. No discounts apply.",9.49,disney-california-adventure/paradise-garden-grill
2026-09-26,Paradise Garden Grill,Disney California Adventure,Little Green Men Jetpack Sipper,Seasonal Offerings,Lunch And Dinner,"includes choice of Fountain Beverage at time of purchase. Limit two (2) per person, per transaction. No discounts apply.",29.79,disney-california-adventure/paradise-garden-grill
2026-09-26,Paradise Garden Grill,Disney California Adventure,Chilaquiles Carnitas Torta,Entrées,Lunch And Dinner,"Red Chilaquiles, Refried Beans, Avocado Spread, Queso Fresco, Pickled Red Onions and a Fried Egg, served with Chips",14.99,disney-california-adventure/paradise-garden-grill
2026-09-26,Paradise Garden Grill,Disney California Adventure,Loaded Chicken Quesadilla,Entrées,Lunch And Dinner,"with Achiote Chicken mixed with Roasted Peppers & Onions, topped with Chipotle Crema, Guacamole and Pico de Gallo",15.49,disney-california-adventure/paradise-garden-grill
2026-09-26,Paradise Garden Grill,Disney California Adventure,Al Pastor Tacos,Entrées,Lunch And Dinner,"Pineapple-Achiote-marinated Pork with Avocado Spread and Tomatillo Salsa, served with Spanish Rice, Refried Beans and Queso Fresco",14.99,disney-california-adventure/paradise-garden-grill
2026-09-26,Paradise Garden Grill,Disney California Adventure,Tacos Dorados de Camarón,Entrées,Lunch And Dinner,"Shrimp Tacos fried to a Golden Brown, topped with Zesty Slaw, Salsa Roja, Salsa Macha, and Cheese, served with Spanish Rice and Refried Beans",15.49,disney-california-adventure/paradise-garden-grill
2026-09-26,Paradise Garden Grill,Disney California Adventure,Esquites Loaded Chips,Entrées,Lunch And Dinner,"Chile-Lime Chips topped with Corn Kernels, Cotija Cheese, Chile-Lime Seasoning and Chile-Lime Crema",10.99,disney-california-adventure/paradise-garden-grill
2026-09-26,Paradise Garden Grill,Disney California Adventure,Carne Asada Wet Burrito,Plant-Based,Lunch And Dinner,"Marinated Steak Tips, Spanish Rice, Refried Beans and Avocado Crema, topped with Salsa Verde and Crema",14.99,disney-california-adventure/paradise-garden-grill
2026-09-26,Paradise Garden Grill,Disney California Adventure,Cheese Quesadilla,Kids' Disney Check Meal,Lunch And Dinner,"Whole Wheat Tortilla filled with Jack and Cheddar, served with a Cuties® Mandarin Orange and Applesauce, with choice of small DASANI® Water or small Lowfat Milk. Meets Disney Nutrition Guidelines for Complete Meals without substitutions",8.99,disney-california-adventure/paradise-garden-grill
2026-09-26,Paradise Garden Grill,Disney California Adventure,Street-style Taco,Kids' Meal,Lunch And Dinner,"Al Pastor Taco in a Corn Tortilla, served with Spanish Rice and Refried Beans and choice of small DASANI® Water or small Lowfat Milk",8.99,disney-california-adventure/paradise-garden-grill
2026-09-26,Paradise Garden Grill,Disney California Adventure,Nuez Gelatina Cake,Desserts,Lunch And Dinner,"Cinnamon Sponge Cake, Pecan Gelatina and Whipped Topping",8.49,disney-california-adventure/paradise-garden-grill
2026-09-26,Paradise Garden Grill,Disney California Adventure,Marigold Margarita,Alcoholic Beverages,Lunch And Dinner,Wine-based Lime Margarita garnished with a Marigold and an Orange Sugar Rim,19.00,disney-california-adventure/paradise-garden-grill
2026-09-26,Paradise Garden Grill,Disney California Adventure,Buenaveza Salt & Lime Lager,Alcoholic Beverages,Lunch And Dinner,"Buenaveza Salt & Lime Lager, Stone Brewing, Escondido CA, (ABV 4.7%)",15.75,disney-california-adventure/paradise-garden-grill
2026-09-26,Paradise Garden Grill,Disney California Adventure,Play in the Park Tumbler,Beverages,Lunch And Dinner,"includes choice of Fountain Beverage at time of purchase. Limit ten (10) per person, per transaction.",16.99,disney-california-adventure/paradise-garden-grill
2026-09-26,Paradise Garden Grill,Disney California Adventure,Assorted Fountain Beverages - Regular,Beverages,Lunch And Dinner,assorted Coca-Cola® offerings,4.99,disney-california-adventure/paradise-garden-grill
2026-09-26,Paradise Garden Grill,Disney California Adventure,Assorted Fountain Beverages - Large,Beverages,Lunch And Dinner,assorted Coca-Cola® offerings,5.69,disney-california-adventure/paradise-garden-grill
2026-09-26,Paradise Garden Grill,Disney California Adventure,DASANI® Bottled Water,Beverages,Lunch And Dinner,,4.79,disney-california-adventure/paradise-garden-grill
2026-09-26,Paradise Garden Grill,Disney California Adventure,Minute Maid® Apple Juice,Beverages,Lunch And Dinner,,3.49,disney-california-adventure/paradise-garden-grill
2026-09-26,Paradise Garden Grill,Disney California Adventure,Lowfat Milk,Beverages,Lunch And Dinner,,3.49,disney-california-adventure/paradise-garden-grill
2026-09-26,Paradise Garden Grill,Disney California Adventure,Coffee - Regular,Beverages,Lunch And Dinner,,5.49,disney-california-adventure/paradise-garden-grill
2026-09-26,Paradise Garden Grill,Disney California Adventure,Coffee - Decaffeinated,Beverages,Lunch And Dinner,,5.49,disney-california-adventure/paradise-garden-grill
2026-09-26,Paradise Garden Grill,Disney California Adventure,Hot Tea,Beverages,Lunch And Dinner,,5.49,disney-california-adventure/paradise-garden-grill
2026-09-26,Paradise Garden Grill,Disney California Adventure,Hot Cocoa,Beverages,Lunch And Dinner,,5.49,disney-california-adventure/paradise-garden-grill
2026-09-26,Magic Key Terrace - Magic Key Holder Dining,Disney California Adventure,Tomato Basil Soup,Soups & Salads ,Lunch; Dinner,"with Fried Mozzarella, Basil Cream Foam and Micro Basil",13.00,disney-california-adventure/magic-key-terrace
2026-09-26,Magic Key Terrace - Magic Key Holder Dining,Disney California Adventure,Arancini,Shareables,Lunch; Dinner,"Butternut Squash Risotto, Butternut Squash Purée, Mornay Sauce, Grated Romano, Basil & Chile Oils and Micro Basil",17.00,disney-california-adventure/magic-key-terrace
2026-09-26,Magic Key Terrace - Magic Key Holder Dining,Disney California Adventure,Focaccia Pizza,Shareables,Lunch; Dinner,"Roasted Garlic Purée, Pecorino, Mozzarella, Prosciutto, Arugula, Red Wine Reduction, Pesto and Burrata",23.00,disney-california-adventure/magic-key-terrace
2026-09-26,Magic Key Terrace - Magic Key Holder Dining,Disney California Adventure,Meats & Cheeses,Shareables,Lunch; Dinner,Assortment of Cheeses and Cured Meats,22.00,disney-california-adventure/magic-key-terrace
2026-09-26,Magic Key Terrace - Magic Key Holder Dining,Disney California Adventure,Bistecca Romesco*,Entrées,Lunch; Dinner,"New York Steak, Romesco, Seasoned Potatoes, Salsa Verde, Arugula Salad with Toasted Almonds and Sourdough Croutons",38.00,disney-california-adventure/magic-key-terrace
2026-09-26,Magic Key Terrace - Magic Key Holder Dining,Disney California Adventure,Chicken Milanese Caesar Salad,Entrées,Lunch; Dinner,"Breaded and Fried Chicken Breast, Charred Broccolini, Romaine and Pepitas with Caesar Dressing",27.00,disney-california-adventure/magic-key-terrace
2026-09-26,Magic Key Terrace - Magic Key Holder Dining,Disney California Adventure,Chef's Special (Scallop Risotto),Entrées,Lunch; Dinner,"Butternut Squash Risotto, Pan-seared Scallops, Crispy Bacon, Fried Sage and Beurre Blanc Foam",36.00,disney-california-adventure/magic-key-terrace
2026-09-26,Magic Key Terrace - Magic Key Holder Dining,Disney California Adventure,House Salad,Plant-Based Offerings,Lunch; Dinner,"Romaine Lettuce, Green Olives, Sourdough Croutons, Olives, Pepita Seeds and House-made Caesar Dressing",17.00,disney-california-adventure/magic-key-terrace
2026-09-26,Magic Key Terrace - Magic Key Holder Dining,Disney California Adventure,Fall Pasta,Plant-Based Offerings,Lunch; Dinner,"Rigatoni with Sausage Crumble, Roasted Butternut Squash, Roasted Maitake Mushrooms, Cherry Tomatoes, Roasted Kale, Pumpkin Cream Sauce and Pepitas",26.00,disney-california-adventure/magic-key-terrace
2026-09-26,Magic Key Terrace - Magic Key Holder Dining,Disney California Adventure,Chocolate Torte,Dessert,Lunch; Dinner,"Chocolate Sauce, Powdered Sugar, Crème Fraîche, Pistachio Crumble and Finishing Salt",10.00,disney-california-adventure/magic-key-terrace
2026-09-26,Magic Key Terrace - Magic Key Holder Dining,Disney California Adventure,Slider,Disney Check Meal,Lunch; Dinner,"Angus Beef Slider on a Toasted Bun. Meals include Seasonal Fruit, Vanilla Yogurt and choice of small DASANI® Water or small Lowfat Milk. Meets Disney Nutrition Guidelines for Complete Meals without substitutions.",12.00,disney-california-adventure/magic-key-terrace
2026-09-26,Magic Key Terrace - Magic Key Holder Dining,Disney California Adventure,Pasta,Disney Check Meal,Lunch; Dinner,"with Marinara & Meatballs. Meals include Seasonal Fruit, Vanilla Yogurt and choice of small DASANI® Water or small Lowfat Milk. Meets Disney Nutrition Guidelines for Complete Meals without substitutions.",12.00,disney-california-adventure/magic-key-terrace
2026-09-26,Magic Key Terrace - Magic Key Holder Dining,Disney California Adventure,St. Agrestis Phony Negroni,Signature Cocktails,Lunch; Dinner,Zero Proof Cocktail,14.25,disney-california-adventure/magic-key-terrace
2026-09-26,Magic Key Terrace - Magic Key Holder Dining,Disney California Adventure,Avalon Cooler,Signature Cocktails,Lunch; Dinner,"J. Vineyards Cuvée, Tito’s Handmade Vodka, St-Germain Elderflower Liqueur, Strawberry Purée and Lemon Juice",22.00,disney-california-adventure/magic-key-terrace
2026-09-26,Magic Key Terrace - Magic Key Holder Dining,Disney California Adventure,Mint Julep Cocktail,Signature Cocktails,Lunch; Dinner,"Old Forester Bourbon, Apricot Liquor, Agave, Lemon Juice and Soda Water with a Sprig of Mint",20.00,disney-california-adventure/magic-key-terrace
2026-09-26,Magic Key Terrace - Magic Key Holder Dining,Disney California Adventure,Millionaire’s Manhattan,Signature Cocktails,Lunch; Dinner,"Old Forester Bourbon, MacMurray Estate Pinot Noir, Simple Syrup and Charred Cinnamon Stick",24.00,disney-california-adventure/magic-key-terrace
2026-09-26,Magic Key Terrace - Magic Key Holder Dining,Disney California Adventure,Shipwreck,Signature Cocktails,Lunch; Dinner,"Bacardi Rum, Giffard's Passion Fruit Liqueur, Orgeat, Coconut Milk and Lime Juice topped with Myers's Dark Rum and Aromatic Bitters",20.00,disney-california-adventure/magic-key-terrace
2026-09-26,Magic Key Terrace - Magic Key Holder Dining,Disney California Adventure,5... 4... 3... 2... 1,Signature Cocktails,Lunch; Dinner,"Captain Morgan Original Spiced Rum, Bols Blue Curaçao, Coconut-Pineapple Cream and fresh Lime Juice",21.00,disney-california-adventure/magic-key-terrace
2026-09-26,Magic Key Terrace - Magic Key Holder Dining,Disney California Adventure,Strawberry-Peach Cocktail,Signature Cocktails,Lunch; Dinner,"Coconut Rum, Peach Schnapps, Blue Curaçao, Strawberry Purée and Lemon Juice",20.00,disney-california-adventure/magic-key-terrace
2026-09-26,Magic Key Terrace - Magic Key Holder Dining,Disney California Adventure,Mulholland Mule,Signature Cocktails,Lunch; Dinner,Jameson Irish Whiskey and Lime Juice topped with Ginger Beer,19.00,disney-california-adventure/magic-key-terrace
2026-09-26,Magic Key Terrace - Magic Key Holder Dining,Disney California Adventure,Boulevardier,Signature Cocktails,Lunch; Dinner,"Campari, Dolin Sweet Vermouth and Old Forester Bourbon",20.00,disney-california-adventure/magic-key-terrace
2026-09-26,Magic Key Terrace - Magic Key Holder Dining,Disney California Adventure,Amalfi Sunset Paloma,Signature Cocktails,Lunch; Dinner,"Tequila, Watermelon Juice, Agave and Lemon Juice",20.00,disney-california-adventure/magic-key-terrace
2026-09-26,Magic Key Terrace - Magic Key Holder Dining,Disney California Adventure,Spritz Flight,Signature Cocktails,Lunch; Dinner,"Aperol Spritz, Limoncello Spritz, Elderflower Spritz",23.00,disney-california-adventure/magic-key-terrace
2026-09-26,Magic Key Terrace - Magic Key Holder Dining,Disney California Adventure,Lemon Basil Spritz,Signature Cocktails,Lunch; Dinner,"Limoncello, Absolut Citron, Prosecco, Lemon Juice and Fresh Basil",21.00,disney-california-adventure/magic-key-terrace
2026-09-26,Magic Key Terrace - Magic Key Holder Dining,Disney California Adventure,Aperol Spritz,Signature Cocktails,Lunch; Dinner,Aperol and La Marca Prosecco topped with Soda Water,21.00,disney-california-adventure/magic-key-terrace
2026-09-26,Magic Key Terrace - Magic Key Holder Dining,Disney California Adventure,"Luca Paretti, Prosecco DOC",Wine,Lunch; Dinner,"Treviso, Italy",50.00,disney-california-adventure/magic-key-terrace
2026-09-26,Magic Key Terrace - Magic Key Holder Dining,Disney California Adventure,"Fess Parker, Riesling",Wine,Lunch; Dinner,Santa Barbara County,50.00,disney-california-adventure/magic-key-terrace
2026-09-26,Magic Key Terrace - Magic Key Holder Dining,Disney California Adventure,"Twomey, Sauvignon Blanc",Wine,Lunch; Dinner,Napa County and Sonoma County,72.00,disney-california-adventure/magic-key-terrace
2026-09-26,Magic Key Terrace - Magic Key Holder Dining,Disney California Adventure,Skywalker Vineyards Chardonnay,Wine,Lunch; Dinner,Marin County Estate,63.00,disney-california-adventure/magic-key-terrace
2026-09-26,Magic Key Terrace - Magic Key Holder Dining,Disney California Adventure,MacMurray Estate Vineyards Pinot Noir,Wine,Lunch; Dinner,Russian River Valley,72.00,disney-california-adventure/magic-key-terrace
2026-09-26,Magic Key Terrace - Magic Key Holder Dining,Disney California Adventure,"The Prisoner, Red Blend",Wine,Lunch; Dinner,Napa Valley,83.00,disney-california-adventure/magic-key-terrace
2026-09-26,Magic Key Terrace - Magic Key Holder Dining,Disney California Adventure,Justin Cabernet Sauvignon,Wine,Lunch; Dinner,Paso Robles,83.00,disney-california-adventure/magic-key-terrace
2026-09-26,Magic Key Terrace - Magic Key Holder Dining,Disney California Adventure,Stone Brewery  Delicious IPA,Beer and Hard Seltzer,Lunch; Dinner,"Escondido, CA (ABV 7.7%)",14.25,disney-california-adventure/magic-key-terrace
2026-09-26,Magic Key Terrace - Magic Key Holder Dining,Disney California Adventure,Harland Brewing Hazy IPA,Beer and Hard Seltzer,Lunch; Dinner,"San Diego, CA (6.5% ABV)",15.75,disney-california-adventure/magic-key-terrace
2026-09-26,Magic Key Terrace - Magic Key Holder Dining,Disney California Adventure,Green Cheek Beer Co Lavender Lemonade Hard Seltzer,Beer and Hard Seltzer,Lunch; Dinner,"Orange, CA (5.0% ABV)",17.50,disney-california-adventure/magic-key-terrace
2026-09-26,Magic Key Terrace - Magic Key Holder Dining,Disney California Adventure,Athletic Brewing CO. Run Wild Non-Alcoholic IPA,Beer and Hard Seltzer,Lunch; Dinner,"San Diego, CA (ABV &lt;0.5%)",12.75,disney-california-adventure/magic-key-terrace
2026-09-26,Magic Key Terrace - Magic Key Holder Dining,Disney California Adventure,"Unsung Brewing Co, Red Vespa Italian Red Lager",Beer and Hard Seltzer,Lunch; Dinner,"Anaheim, CA (ABV 5.8%)",17.25,disney-california-adventure/magic-key-terrace
2026-09-26,Magic Key Terrace - Magic Key Holder Dining,Disney California Adventure,Heimlich Chew Chew Juice,Non-Alcoholic Beverages,Lunch; Dinner,Minute Maid® Lemonade with Granny Smith Apple Syrup and fresh Watermelon,8.25,disney-california-adventure/magic-key-terrace
2026-09-26,Magic Key Terrace - Magic Key Holder Dining,Disney California Adventure,Affogato,Non-Alcoholic Beverages,Lunch; Dinner,"Espresso with Vanilla Ice Cream, topped with Chocolate and Pistachio",9.00,disney-california-adventure/magic-key-terrace
2026-09-26,Magic Key Terrace - Magic Key Holder Dining,Disney California Adventure,Premium Sparkling Mineral Water 1L,Non-Alcoholic Beverages,Lunch; Dinner,,10.00,disney-california-adventure/magic-key-terrace
2026-09-26,Magic Key Terrace - Magic Key Holder Dining,Disney California Adventure,Mint Julep,Non-Alcoholic Beverages,Lunch; Dinner,,8.25,disney-california-adventure/magic-key-terrace
2026-09-26,Magic Key Terrace - Magic Key Holder Dining,Disney California Adventure,Fountain Beverages,Non-Alcoholic Beverages,Lunch; Dinner,"Coca-Cola®, Diet Coke®, Pibb Xtra® or Sprite®",5.25,disney-california-adventure/magic-key-terrace
2026-09-26,Magic Key Terrace - Magic Key Holder Dining,Disney California Adventure,Iced Tea,Non-Alcoholic Beverages,Lunch; Dinner,,5.25,disney-california-adventure/magic-key-terrace
2026-09-26,Magic Key Terrace - Magic Key Holder Dining,Disney California Adventure,Minute Maid® Lemonade,Non-Alcoholic Beverages,Lunch; Dinner,,5.25,disney-california-adventure/magic-key-terrace
2026-09-26,Magic Key Terrace - Magic Key Holder Dining,Disney California Adventure,Assorted Twinings of London® Teas,Non-Alcoholic Beverages,Lunch; Dinner,,5.50,disney-california-adventure/magic-key-terrace
2026-09-26,Magic Key Terrace - Magic Key Holder Dining,Disney California Adventure,Freshly Brewed Joffrey's Coffee®,Non-Alcoholic Beverages,Lunch; Dinner,,5.50,disney-california-adventure/magic-key-terrace
2026-09-26,"Fiddler, Fifer & Practical Cafe",Disney California Adventure,Blended Mango Dragonfruit Lemonade Energy Refresher - Grande,"Fiddler, Fifer & Practical Bakery Cafe Seasonal Offerings",Special; Breakfast; Lunch And Dinner,,8.29,disney-california-adventure/fiddler-fifer-and-practical-cafe
2026-09-26,"Fiddler, Fifer & Practical Cafe",Disney California Adventure,Blended Pink Energy Drink - Grande,"Fiddler, Fifer & Practical Bakery Cafe Seasonal Offerings",Special; Breakfast; Lunch And Dinner,,8.29,disney-california-adventure/fiddler-fifer-and-practical-cafe
2026-09-26,"Fiddler, Fifer & Practical Cafe",Disney California Adventure,Unicorn Cake Pop,"Fiddler, Fifer & Practical Bakery Cafe Seasonal Offerings",Special; Breakfast; Lunch And Dinner,,4.49,disney-california-adventure/fiddler-fifer-and-practical-cafe
2026-09-26,"Fiddler, Fifer & Practical Cafe",Disney California Adventure,Cinnamon Pull-Apart,"Fiddler, Fifer & Practical Bakery Cafe Seasonal Offerings",Special; Breakfast; Lunch And Dinner,,5.99,disney-california-adventure/fiddler-fifer-and-practical-cafe
2026-09-26,"Fiddler, Fifer & Practical Cafe",Disney California Adventure,Pumpkin Spice Latte,"Fiddler, Fifer & Practical Bakery Cafe Seasonal Offerings",Special; Breakfast; Lunch And Dinner,,7.99,disney-california-adventure/fiddler-fifer-and-practical-cafe
2026-09-26,"Fiddler, Fifer & Practical Cafe",Disney California Adventure,Iced Pumpkin Cream Chai Latte - Grande,"Fiddler, Fifer & Practical Bakery Cafe Seasonal Offerings",Special; Breakfast; Lunch And Dinner,,7.99,disney-california-adventure/fiddler-fifer-and-practical-cafe
2026-09-26,"Fiddler, Fifer & Practical Cafe",Disney California Adventure,Pumpkin Cream Cold Brew - Grande,"Fiddler, Fifer & Practical Bakery Cafe Seasonal Offerings",Special; Breakfast; Lunch And Dinner,,8.49,disney-california-adventure/fiddler-fifer-and-practical-cafe
2026-09-26,"Fiddler, Fifer & Practical Cafe",Disney California Adventure,Pecan Crunch Latte - Grande,"Fiddler, Fifer & Practical Bakery Cafe Seasonal Offerings",Special; Breakfast; Lunch And Dinner,,7.99,disney-california-adventure/fiddler-fifer-and-practical-cafe
2026-09-26,"Fiddler, Fifer & Practical Cafe",Disney California Adventure,Pumpkin Cream Cheese Muffin,"Fiddler, Fifer & Practical Bakery Cafe Seasonal Offerings",Special; Breakfast; Lunch And Dinner,,5.99,disney-california-adventure/fiddler-fifer-and-practical-cafe
2026-09-26,"Fiddler, Fifer & Practical Cafe",Disney California Adventure,Hedgehog Cake Pop,"Fiddler, Fifer & Practical Bakery Cafe Seasonal Offerings",Special; Breakfast; Lunch And Dinner,,4.49,disney-california-adventure/fiddler-fifer-and-practical-cafe
2026-09-26,"Fiddler, Fifer & Practical Cafe",Disney California Adventure,Crispy Grilled Cheese on Sourdough,Sandwiches ,Special; Lunch And Dinner,"A blend of White Cheddar and Mozzarella on Sourdough Bread, topped with a Parmesan Butter Spread",7.99,disney-california-adventure/fiddler-fifer-and-practical-cafe
2026-09-26,"Fiddler, Fifer & Practical Cafe",Disney California Adventure,Madeleines,Snack,Special; Breakfast; Lunch And Dinner,,2.99,disney-california-adventure/fiddler-fifer-and-practical-cafe
2026-09-26,"Fiddler, Fifer & Practical Cafe",Disney California Adventure,Berry Chia Pudding Parfait,Snack,Special; Breakfast; Lunch And Dinner,"Berry Yogurt, Almond Milk Chia Pudding, Granola, Honey, Peanut Butter and Fresh Berries",7.29,disney-california-adventure/fiddler-fifer-and-practical-cafe
2026-09-26,"Fiddler, Fifer & Practical Cafe",Disney California Adventure,Banana Walnut & Pecan Loaf,Assorted Pastries,Special; Breakfast; Lunch And Dinner,,5.99,disney-california-adventure/fiddler-fifer-and-practical-cafe
2026-09-26,"Fiddler, Fifer & Practical Cafe",Disney California Adventure,Blueberry Muffin,Assorted Pastries,Special; Breakfast; Lunch And Dinner,,5.99,disney-california-adventure/fiddler-fifer-and-practical-cafe
2026-09-26,"Fiddler, Fifer & Practical Cafe",Disney California Adventure,Butter Croissant,Assorted Pastries,Special; Breakfast; Lunch And Dinner,,5.49,disney-california-adventure/fiddler-fifer-and-practical-cafe
2026-09-26,"Fiddler, Fifer & Practical Cafe",Disney California Adventure,Chocolate Croissant,Assorted Pastries,Special; Breakfast; Lunch And Dinner,,5.99,disney-california-adventure/fiddler-fifer-and-practical-cafe
2026-09-26,"Fiddler, Fifer & Practical Cafe",Disney California Adventure,Cinnamon Coffee Cake,Assorted Pastries,Special; Breakfast; Lunch And Dinner,,5.99,disney-california-adventure/fiddler-fifer-and-practical-cafe
2026-09-26,"Fiddler, Fifer & Practical Cafe",Disney California Adventure,Signature Cinnamon Roll,Assorted Pastries,Special; Breakfast; Lunch And Dinner,with Cream Cheese Icing,7.49,disney-california-adventure/fiddler-fifer-and-practical-cafe
2026-09-26,"Fiddler, Fifer & Practical Cafe",Disney California Adventure,Cheese Danish,Assorted Pastries,Special; Breakfast; Lunch And Dinner,,5.49,disney-california-adventure/fiddler-fifer-and-practical-cafe
2026-09-26,"Fiddler, Fifer & Practical Cafe",Disney California Adventure,Chocolate Chip Cookie,Assorted Pastries,Special; Breakfast; Lunch And Dinner,,5.99,disney-california-adventure/fiddler-fifer-and-practical-cafe
2026-09-26,"Fiddler, Fifer & Practical Cafe",Disney California Adventure,Pumpkin and Pepita Loaf,Assorted Pastries,Special; Breakfast; Lunch And Dinner,,5.99,disney-california-adventure/fiddler-fifer-and-practical-cafe
2026-09-26,"Fiddler, Fifer & Practical Cafe",Disney California Adventure,Iced Lemon Pound Cake,Assorted Desserts,Special; Breakfast; Lunch And Dinner,,5.99,disney-california-adventure/fiddler-fifer-and-practical-cafe
2026-09-26,"Fiddler, Fifer & Practical Cafe",Disney California Adventure,Cake Pop Trio,Assorted Desserts,Special; Breakfast; Lunch And Dinner,,9.49,disney-california-adventure/fiddler-fifer-and-practical-cafe
2026-09-26,"Fiddler, Fifer & Practical Cafe",Disney California Adventure,Caramel Frappuccino® Blended Beverage - Grande,Frappuccino® Blended Beverages,Special; Breakfast; Lunch And Dinner,,7.69,disney-california-adventure/fiddler-fifer-and-practical-cafe
2026-09-26,"Fiddler, Fifer & Practical Cafe",Disney California Adventure,Mocha Frappuccino® Blended Beverage - Grande,Frappuccino® Blended Beverages,Special; Breakfast; Lunch And Dinner,,7.69,disney-california-adventure/fiddler-fifer-and-practical-cafe
2026-09-26,"Fiddler, Fifer & Practical Cafe",Disney California Adventure,Java Chip Frappuccino® Blended Beverage - Grande,Frappuccino® Blended Beverages,Special; Breakfast; Lunch And Dinner,,7.69,disney-california-adventure/fiddler-fifer-and-practical-cafe
2026-09-26,"Fiddler, Fifer & Practical Cafe",Disney California Adventure,Coffee Frappuccino® Blended Beverage - Grande,Frappuccino® Blended Beverages,Special; Breakfast; Lunch And Dinner,,7.19,disney-california-adventure/fiddler-fifer-and-practical-cafe
2026-09-26,"Fiddler, Fifer & Practical Cafe",Disney California Adventure,Vanilla Bean Crème Frappuccino® Blended Beverage - Grande,Frappuccino® Blended Beverages,Special; Breakfast; Lunch And Dinner,,7.69,disney-california-adventure/fiddler-fifer-and-practical-cafe
2026-09-26,"Fiddler, Fifer & Practical Cafe",Disney California Adventure,Double Chocolaty Chip Crème Frappuccino® Blended Beverage - Grande,Frappuccino® Blended Beverages,Special; Breakfast; Lunch And Dinner,,7.69,disney-california-adventure/fiddler-fifer-and-practical-cafe
2026-09-26,"Fiddler, Fifer & Practical Cafe",Disney California Adventure,Matcha Crème Frappuccino® Blended Beverage - Grande,Frappuccino® Blended Beverages,Special; Breakfast; Lunch And Dinner,,7.19,disney-california-adventure/fiddler-fifer-and-practical-cafe
2026-09-26,"Fiddler, Fifer & Practical Cafe",Disney California Adventure,Strawberry Crème Frappuccino® Blended Beverage - Grande,Frappuccino® Blended Beverages,Special; Breakfast; Lunch And Dinner,,7.69,disney-california-adventure/fiddler-fifer-and-practical-cafe
2026-09-26,"Fiddler, Fifer & Practical Cafe",Disney California Adventure,Caramel Ribbon Crunch Frappuccino® - Grande,Frappuccino® Blended Beverages,Special; Breakfast; Lunch And Dinner,,7.69,disney-california-adventure/fiddler-fifer-and-practical-cafe
2026-09-26,"Fiddler, Fifer & Practical Cafe",Disney California Adventure,Mocha Cookie Crumble Frappuccino® Blended Beverage - Grande,Frappuccino® Blended Beverages,Special; Breakfast; Lunch And Dinner,,7.69,disney-california-adventure/fiddler-fifer-and-practical-cafe
2026-09-26,"Fiddler, Fifer & Practical Cafe",Disney California Adventure,Blue Coconut Lemonade Energy Refresher,Starbucks Refreshers®,Special; Breakfast; Lunch And Dinner,,7.79,disney-california-adventure/fiddler-fifer-and-practical-cafe
2026-09-26,"Fiddler, Fifer & Practical Cafe",Disney California Adventure,Tropical Butterfly Lemonade Energy Refresher,Starbucks Refreshers®,Special; Breakfast; Lunch And Dinner,,8.29,disney-california-adventure/fiddler-fifer-and-practical-cafe
2026-09-26,"Fiddler, Fifer & Practical Cafe",Disney California Adventure,Strawberry Açaí Refresher - Grande,Starbucks Refreshers®,Special; Breakfast; Lunch And Dinner,,6.79,disney-california-adventure/fiddler-fifer-and-practical-cafe
2026-09-26,"Fiddler, Fifer & Practical Cafe",Disney California Adventure,Strawberry Açaí Lemonade Refresher - Grande,Starbucks Refreshers®,Special; Breakfast; Lunch And Dinner,,7.29,disney-california-adventure/fiddler-fifer-and-practical-cafe
2026-09-26,"Fiddler, Fifer & Practical Cafe",Disney California Adventure,Mango Dragonfruit Refresher - Grande,Starbucks Refreshers®,Special; Breakfast; Lunch And Dinner,,6.79,disney-california-adventure/fiddler-fifer-and-practical-cafe
2026-09-26,"Fiddler, Fifer & Practical Cafe",Disney California Adventure,Mango Dragonfruit Lemonade Refresher - Grande,Starbucks Refreshers®,Special; Breakfast; Lunch And Dinner,,7.29,disney-california-adventure/fiddler-fifer-and-practical-cafe
2026-09-26,"Fiddler, Fifer & Practical Cafe",Disney California Adventure,Pink Drink Refresher - Grande,Starbucks Refreshers®,Special; Breakfast; Lunch And Dinner,,7.29,disney-california-adventure/fiddler-fifer-and-practical-cafe
2026-09-26,"Fiddler, Fifer & Practical Cafe",Disney California Adventure,Dragon Drink® Refresher - Grande,Starbucks Refreshers®,Special; Breakfast; Lunch And Dinner,,7.29,disney-california-adventure/fiddler-fifer-and-practical-cafe
2026-09-26,"Fiddler, Fifer & Practical Cafe",Disney California Adventure,Iced Horchata Shaken Espresso,Espresso and Coffee,Special; Breakfast; Lunch And Dinner,,7.69,disney-california-adventure/fiddler-fifer-and-practical-cafe
2026-09-26,"Fiddler, Fifer & Practical Cafe",Disney California Adventure,Caramel Protein Matcha Latte,Espresso and Coffee,Special; Breakfast; Lunch And Dinner,,8.99,disney-california-adventure/fiddler-fifer-and-practical-cafe
2026-09-26,"Fiddler, Fifer & Practical Cafe",Disney California Adventure,Peppermint Mocha - Grande,Espresso and Coffee,Special; Breakfast; Lunch And Dinner,,8.49,disney-california-adventure/fiddler-fifer-and-practical-cafe
2026-09-26,"Fiddler, Fifer & Practical Cafe",Disney California Adventure,Iced Brown Sugar Oatmilk Shaken Espresso - Grande,Espresso and Coffee,Special; Breakfast; Lunch And Dinner,,7.69,disney-california-adventure/fiddler-fifer-and-practical-cafe
2026-09-26,"Fiddler, Fifer & Practical Cafe",Disney California Adventure,Cortado - Short,Espresso and Coffee,Special; Breakfast; Lunch And Dinner,,6.29,disney-california-adventure/fiddler-fifer-and-practical-cafe
2026-09-26,"Fiddler, Fifer & Practical Cafe",Disney California Adventure,Espresso - Single,Espresso and Coffee,Special; Breakfast; Lunch And Dinner,,4.49,disney-california-adventure/fiddler-fifer-and-practical-cafe
2026-09-26,"Fiddler, Fifer & Practical Cafe",Disney California Adventure,Espresso - Double,Espresso and Coffee,Special; Breakfast; Lunch And Dinner,,5.49,disney-california-adventure/fiddler-fifer-and-practical-cafe
2026-09-26,"Fiddler, Fifer & Practical Cafe",Disney California Adventure,Espresso - Triple,Espresso and Coffee,Special; Breakfast; Lunch And Dinner,,5.99,disney-california-adventure/fiddler-fifer-and-practical-cafe
2026-09-26,"Fiddler, Fifer & Practical Cafe",Disney California Adventure,Espresso - Quad,Espresso and Coffee,Special; Breakfast; Lunch And Dinner,,6.49,disney-california-adventure/fiddler-fifer-and-practical-cafe
2026-09-26,"Fiddler, Fifer & Practical Cafe",Disney California Adventure,Caffè Misto - Grande,Espresso and Coffee,Special; Breakfast; Lunch And Dinner,,5.49,disney-california-adventure/fiddler-fifer-and-practical-cafe
2026-09-26,"Fiddler, Fifer & Practical Cafe",Disney California Adventure,Espresso Macchiato - Grande,Espresso and Coffee,Special; Breakfast; Lunch And Dinner,,6.99,disney-california-adventure/fiddler-fifer-and-practical-cafe
2026-09-26,"Fiddler, Fifer & Practical Cafe",Disney California Adventure,Caramel Macchiato - Grande,Espresso and Coffee,Special; Breakfast; Lunch And Dinner,,7.19,disney-california-adventure/fiddler-fifer-and-practical-cafe
2026-09-26,"Fiddler, Fifer & Practical Cafe",Disney California Adventure,White Chocolate Mocha - Grande,Espresso and Coffee,Special; Breakfast; Lunch And Dinner,,7.49,disney-california-adventure/fiddler-fifer-and-practical-cafe
2026-09-26,"Fiddler, Fifer & Practical Cafe",Disney California Adventure,Flat White - Grande,Espresso and Coffee,Special; Breakfast; Lunch And Dinner,,7.19,disney-california-adventure/fiddler-fifer-and-practical-cafe
2026-09-26,"Fiddler, Fifer & Practical Cafe",Disney California Adventure,Cappuccino - Grande,Espresso and Coffee,Special; Breakfast; Lunch And Dinner,,6.49,disney-california-adventure/fiddler-fifer-and-practical-cafe
2026-09-26,"Fiddler, Fifer & Practical Cafe",Disney California Adventure,Caffè Latte - Grande,Espresso and Coffee,Special; Breakfast; Lunch And Dinner,,6.49,disney-california-adventure/fiddler-fifer-and-practical-cafe
2026-09-26,"Fiddler, Fifer & Practical Cafe",Disney California Adventure,Caffè Mocha - Grande,Espresso and Coffee,Special; Breakfast; Lunch And Dinner,,6.99,disney-california-adventure/fiddler-fifer-and-practical-cafe
2026-09-26,"Fiddler, Fifer & Practical Cafe",Disney California Adventure,Caffè Americano - Grande,Espresso and Coffee,Special; Breakfast; Lunch And Dinner,,5.69,disney-california-adventure/fiddler-fifer-and-practical-cafe
2026-09-26,"Fiddler, Fifer & Practical Cafe",Disney California Adventure,Freshly Brewed Coffee - Grande,Espresso and Coffee,Special; Breakfast; Lunch And Dinner,"Blonde, Medium, Dark or Decaffeinated",5.49,disney-california-adventure/fiddler-fifer-and-practical-cafe
2026-09-26,"Fiddler, Fifer & Practical Cafe",Disney California Adventure,Pistachio Crème Cold Brew,Cold Brew and More,Special; Breakfast; Lunch And Dinner,,9.49,disney-california-adventure/fiddler-fifer-and-practical-cafe
2026-09-26,"Fiddler, Fifer & Practical Cafe",Disney California Adventure,Iced Coffee - Grande,Cold Brew and More,Special; Breakfast; Lunch And Dinner,,5.49,disney-california-adventure/fiddler-fifer-and-practical-cafe
2026-09-26,"Fiddler, Fifer & Practical Cafe",Disney California Adventure,Starbucks® Cold Brew Coffee - Grande,Cold Brew and More,Special; Breakfast; Lunch And Dinner,,6.99,disney-california-adventure/fiddler-fifer-and-practical-cafe
2026-09-26,"Fiddler, Fifer & Practical Cafe",Disney California Adventure,Vanilla Sweet Cream Cold Brew - Grande,Cold Brew and More,Special; Breakfast; Lunch And Dinner,,7.49,disney-california-adventure/fiddler-fifer-and-practical-cafe
2026-09-26,"Fiddler, Fifer & Practical Cafe",Disney California Adventure,Salted Caramel Cream Cold Brew - Grande,Cold Brew and More,Special; Breakfast; Lunch And Dinner,,8.49,disney-california-adventure/fiddler-fifer-and-practical-cafe
2026-09-26,"Fiddler, Fifer & Practical Cafe",Disney California Adventure,Chocolate Cream Cold Brew - Grande,Cold Brew and More,Special; Breakfast; Lunch And Dinner,,8.49,disney-california-adventure/fiddler-fifer-and-practical-cafe
2026-09-26,"Fiddler, Fifer & Practical Cafe",Disney California Adventure,Iced Banana Bread Matcha Tea Latte,Teavana® Tea Hot or Iced,Special; Breakfast; Lunch And Dinner,,8.49,disney-california-adventure/fiddler-fifer-and-practical-cafe
2026-09-26,"Fiddler, Fifer & Practical Cafe",Disney California Adventure,Iced Banana Bread Matcha,Teavana® Tea Hot or Iced,Special; Breakfast; Lunch And Dinner,,7.99,disney-california-adventure/fiddler-fifer-and-practical-cafe
2026-09-26,"Fiddler, Fifer & Practical Cafe",Disney California Adventure,Iced Double Berry Matcha,Teavana® Tea Hot or Iced,Special; Breakfast; Lunch And Dinner,,8.99,disney-california-adventure/fiddler-fifer-and-practical-cafe
2026-09-26,"Fiddler, Fifer & Practical Cafe",Disney California Adventure,Iced Dubai Chocolate Matcha,Teavana® Tea Hot or Iced,Special; Breakfast; Lunch And Dinner,,7.49,disney-california-adventure/fiddler-fifer-and-practical-cafe
2026-09-26,"Fiddler, Fifer & Practical Cafe",Disney California Adventure,Iced Gingerbread Chai Latte - Grande,Teavana® Tea Hot or Iced,Special; Breakfast; Lunch And Dinner,,7.99,disney-california-adventure/fiddler-fifer-and-practical-cafe
2026-09-26,"Fiddler, Fifer & Practical Cafe",Disney California Adventure,Teavana® Shaken Iced Tea - Grande,Teavana® Tea Hot or Iced,Special; Breakfast; Lunch And Dinner,Black or Green,5.79,disney-california-adventure/fiddler-fifer-and-practical-cafe
2026-09-26,"Fiddler, Fifer & Practical Cafe",Disney California Adventure,Teavana® Shaken Iced Tea Lemonade - Grande,Teavana® Tea Hot or Iced,Special; Breakfast; Lunch And Dinner,Black or Green,6.29,disney-california-adventure/fiddler-fifer-and-practical-cafe
2026-09-26,"Fiddler, Fifer & Practical Cafe",Disney California Adventure,Chai Latte - Grande,Teavana® Tea Hot or Iced,Special; Breakfast; Lunch And Dinner,,6.49,disney-california-adventure/fiddler-fifer-and-practical-cafe
2026-09-26,"Fiddler, Fifer & Practical Cafe",Disney California Adventure,Hot Tea - Grande,Teavana® Tea Hot or Iced,Special; Breakfast; Lunch And Dinner,"Black, Green or Herbal",5.49,disney-california-adventure/fiddler-fifer-and-practical-cafe
2026-09-26,"Fiddler, Fifer & Practical Cafe",Disney California Adventure,Assorted Coca-Cola® Beverages,Beverages,Special; Breakfast; Lunch And Dinner,,5.19,disney-california-adventure/fiddler-fifer-and-practical-cafe
2026-09-26,"Fiddler, Fifer & Practical Cafe",Disney California Adventure,DASANI® Bottle Water - Small,Beverages,Special; Breakfast; Lunch And Dinner,,3.29,disney-california-adventure/fiddler-fifer-and-practical-cafe
2026-09-26,"Fiddler, Fifer & Practical Cafe",Disney California Adventure,DASANI® Bottle Water - Large,Beverages,Special; Breakfast; Lunch And Dinner,,4.79,disney-california-adventure/fiddler-fifer-and-practical-cafe
2026-09-26,"Fiddler, Fifer & Practical Cafe",Disney California Adventure,Simply Orange® Juice,Beverages,Special; Breakfast; Lunch And Dinner,,5.59,disney-california-adventure/fiddler-fifer-and-practical-cafe
2026-09-26,"Fiddler, Fifer & Practical Cafe",Disney California Adventure,Simply Lemonade® Juice,Beverages,Special; Breakfast; Lunch And Dinner,,5.59,disney-california-adventure/fiddler-fifer-and-practical-cafe
2026-09-26,"Fiddler, Fifer & Practical Cafe",Disney California Adventure,Lowfat Milk,Beverages,Special; Breakfast; Lunch And Dinner,,4.49,disney-california-adventure/fiddler-fifer-and-practical-cafe
2026-09-26,"Fiddler, Fifer & Practical Cafe",Disney California Adventure,Impossible™ Breakfast Sandwich,Breakfast Sandwiches and Wraps,Breakfast,,6.29,disney-california-adventure/fiddler-fifer-and-practical-cafe
2026-09-26,"Fiddler, Fifer & Practical Cafe",Disney California Adventure,"Bacon, Gouda and Egg Breakfast Sandwich",Breakfast Sandwiches and Wraps,Breakfast,,5.99,disney-california-adventure/fiddler-fifer-and-practical-cafe
2026-09-26,"Fiddler, Fifer & Practical Cafe",Disney California Adventure,"Sausage, Cheddar and Egg Breakfast Sandwich",Breakfast Sandwiches and Wraps,Breakfast,,5.29,disney-california-adventure/fiddler-fifer-and-practical-cafe
2026-09-26,"Fiddler, Fifer & Practical Cafe",Disney California Adventure,"Double Smoked Bacon, Cheddar and Egg Sandwich",Breakfast Sandwiches and Wraps,Breakfast,,6.49,disney-california-adventure/fiddler-fifer-and-practical-cafe
2026-09-26,"Fiddler, Fifer & Practical Cafe",Disney California Adventure,Bacon and Gruyère Sous Vide Egg Bites,Breakfast Sandwiches and Wraps,Breakfast,,5.49,disney-california-adventure/fiddler-fifer-and-practical-cafe
2026-09-26,"Fiddler, Fifer & Practical Cafe",Disney California Adventure,Ham & Swiss Croissant,Breakfast Sandwiches and Wraps,Breakfast,,5.29,disney-california-adventure/fiddler-fifer-and-practical-cafe
2026-09-26,"Fiddler, Fifer & Practical Cafe",Disney California Adventure,"Potato, Cheddar & Chive Bake",Breakfast Sandwiches and Wraps,Breakfast,,5.49,disney-california-adventure/fiddler-fifer-and-practical-cafe
2026-09-26,"Fiddler, Fifer & Practical Cafe",Disney California Adventure,"Spinach, Feta & Egg White Wrap",Breakfast Sandwiches and Wraps,Breakfast,,5.99,disney-california-adventure/fiddler-fifer-and-practical-cafe
2026-09-26,"Fiddler, Fifer & Practical Cafe",Disney California Adventure,"Egg, Pesto & Mozzarella Sandwich",Breakfast Sandwiches and Wraps,Breakfast,,6.49,disney-california-adventure/fiddler-fifer-and-practical-cafe
2026-09-26,Clarabelle's Hand-Scooped Ice Cream,Disney California Adventure,Hades Glow Cube,Seasonal Offerings,Snack; Special,"Includes choice of Fountain Beverage at time of purchase. Limit Two (2) per person, per transaction. No discounts apply.",11.69,disney-california-adventure/clarabelles-hand-scooped-ice-cream
2026-09-26,Clarabelle's Hand-Scooped Ice Cream,Disney California Adventure,Coco Lantern Sipper,Seasonal Offerings,Snack; Special,"includes choice of Fountain Beverage at time of purchase. Limit two (2) per person, per transaction. No discounts apply.",30.99,disney-california-adventure/clarabelles-hand-scooped-ice-cream
2026-09-26,Clarabelle's Hand-Scooped Ice Cream,Disney California Adventure,Halloween Mickey Ice Cream Bar,Seasonal Offerings,Snack; Special,dipped in White Chocolate and topped with Halloween Sprinkles,7.99,disney-california-adventure/clarabelles-hand-scooped-ice-cream
2026-09-26,Clarabelle's Hand-Scooped Ice Cream,Disney California Adventure,Pain and Panic Straw Clip,Seasonal Offerings,Snack; Special,"with purchase of beverage at time of purchase. Limit two (2) per person, per transaction. No discounts apply.",8.49,disney-california-adventure/clarabelles-hand-scooped-ice-cream
2026-09-26,Clarabelle's Hand-Scooped Ice Cream,Disney California Adventure,Frozen Banoffee Banana,Seasonal Offerings,Snack; Special,"Milk Chocolate-dipped Frozen Banana with Toffee Pieces, Caramel Sauce and White Chocolate Drizzle",7.99,disney-california-adventure/clarabelles-hand-scooped-ice-cream
2026-09-26,Clarabelle's Hand-Scooped Ice Cream,Disney California Adventure,Mickey's Ice Cream Truck,Specialties,Snack; Special,"served with Oswald Sundae. Limit ten (10) per person, per transaction. No discounts apply.",31.99,disney-california-adventure/clarabelles-hand-scooped-ice-cream
2026-09-26,Clarabelle's Hand-Scooped Ice Cream,Disney California Adventure,Mango Hard Float,Alcoholic Beverages,Snack; Special,"Golden Road Brewery, Mango Cart, Mango Sorbet, Chamoy, Chile-Lime Seasoning",18.50,disney-california-adventure/clarabelles-hand-scooped-ice-cream
2026-09-26,Clarabelle's Hand-Scooped Ice Cream,Disney California Adventure,"Golden Road Brewing, Mango Cart, Los Angeles, CA",Alcoholic Beverages,Snack; Special,(ABV 4.0%),14.25,disney-california-adventure/clarabelles-hand-scooped-ice-cream
2026-09-26,Clarabelle's Hand-Scooped Ice Cream,Disney California Adventure,Dipped Waffle Cone or Cup - Single Scoop,By The Scoop - Ice Cream,Snack; Special,single scoop in a dipped Waffle Cone or Cup,8.49,disney-california-adventure/clarabelles-hand-scooped-ice-cream
2026-09-26,Clarabelle's Hand-Scooped Ice Cream,Disney California Adventure,Dipped Waffle Cone or Cup - Double Scoop,By The Scoop - Ice Cream,Snack; Special,double scoop in a dipped Waffle Cone or Cup,9.49,disney-california-adventure/clarabelles-hand-scooped-ice-cream
2026-09-26,Clarabelle's Hand-Scooped Ice Cream,Disney California Adventure,Dipped Waffle Cone or Cup - Triple Scoop,By The Scoop - Ice Cream,Snack; Special,Triple Scoop in a Dipped Waffle Cone or Waffle Cup,10.49,disney-california-adventure/clarabelles-hand-scooped-ice-cream
2026-09-26,Clarabelle's Hand-Scooped Ice Cream,Disney California Adventure,Waffle Cone or Cup - Single Scoop,By The Scoop - Ice Cream,Snack; Special,single scoop in a Waffle Cone or Waffle Cup,7.99,disney-california-adventure/clarabelles-hand-scooped-ice-cream
2026-09-26,Clarabelle's Hand-Scooped Ice Cream,Disney California Adventure,Waffle Cone or Cup - Double Scoop,By The Scoop - Ice Cream,Snack; Special,double scoop in a Waffle Cone or Waffle Cup,8.99,disney-california-adventure/clarabelles-hand-scooped-ice-cream
2026-09-26,Clarabelle's Hand-Scooped Ice Cream,Disney California Adventure,Waffle Cone or Cup - Triple Scoop,By The Scoop - Ice Cream,Snack; Special,Triple Scoop in a Waffle Cone or Waffle Cup,9.99,disney-california-adventure/clarabelles-hand-scooped-ice-cream
2026-09-26,Clarabelle's Hand-Scooped Ice Cream,Disney California Adventure,Regular Cone or Regular Cup - Single Scoop,By The Scoop - Ice Cream,Snack; Special,single scoop in a regular Sugar Cone or regular cup,7.49,disney-california-adventure/clarabelles-hand-scooped-ice-cream
2026-09-26,Clarabelle's Hand-Scooped Ice Cream,Disney California Adventure,Regular Cone or Regular Cup - Double Scoop,By The Scoop - Ice Cream,Snack; Special,double scoop in a regular Sugar Cone or regular cup,8.49,disney-california-adventure/clarabelles-hand-scooped-ice-cream
2026-09-26,Clarabelle's Hand-Scooped Ice Cream,Disney California Adventure,Regular Cone or Regular Cup - Triple Scoop,By The Scoop - Ice Cream,Snack; Special,Triple scoop in a Cup or Cone,9.49,disney-california-adventure/clarabelles-hand-scooped-ice-cream
2026-09-26,Clarabelle's Hand-Scooped Ice Cream,Disney California Adventure,Hand-dipped Ice Cream Bars,Desserts,Snack; Special,Vanilla Bean Ice Cream Bar with choice of Chocolate Coating and Topping,7.99,disney-california-adventure/clarabelles-hand-scooped-ice-cream
2026-09-26,Clarabelle's Hand-Scooped Ice Cream,Disney California Adventure,Ice Cream Float,Desserts,Snack; Special,Two Scoops of Vanilla Ice Cream with choice of Beverage,8.69,disney-california-adventure/clarabelles-hand-scooped-ice-cream
2026-09-26,Clarabelle's Hand-Scooped Ice Cream,Disney California Adventure,The Oswald Sundae,Sundaes,Snack; Special,"scoops of Vanilla and Chocolate Ice Cream served in a Waffle Cup topped with Whipped Cream, Hot Fudge, Chocolate Morsels, Cherries, and Chocolate-dipped Frozen Bananas",10.79,disney-california-adventure/clarabelles-hand-scooped-ice-cream
2026-09-26,Clarabelle's Hand-Scooped Ice Cream,Disney California Adventure,Caramel,Ice Cream Toppings,Snack; Special,,1.49,disney-california-adventure/clarabelles-hand-scooped-ice-cream
2026-09-26,Clarabelle's Hand-Scooped Ice Cream,Disney California Adventure,Chocolate Chips,Ice Cream Toppings,Snack; Special,,1.49,disney-california-adventure/clarabelles-hand-scooped-ice-cream
2026-09-26,Clarabelle's Hand-Scooped Ice Cream,Disney California Adventure,Chocolate Chip Cookie,Ice Cream Toppings,Snack; Special,,1.49,disney-california-adventure/clarabelles-hand-scooped-ice-cream
2026-09-26,Clarabelle's Hand-Scooped Ice Cream,Disney California Adventure,Hot Fudge,Ice Cream Toppings,Snack; Special,,1.49,disney-california-adventure/clarabelles-hand-scooped-ice-cream
2026-09-26,Clarabelle's Hand-Scooped Ice Cream,Disney California Adventure,Mickey's Confetti,Ice Cream Toppings,Snack; Special,,1.49,disney-california-adventure/clarabelles-hand-scooped-ice-cream
2026-09-26,Clarabelle's Hand-Scooped Ice Cream,Disney California Adventure,Sprinkles,Ice Cream Toppings,Snack; Special,,1.49,disney-california-adventure/clarabelles-hand-scooped-ice-cream
2026-09-26,Clarabelle's Hand-Scooped Ice Cream,Disney California Adventure,Strawberry Topping,Ice Cream Toppings,Snack; Special,,1.49,disney-california-adventure/clarabelles-hand-scooped-ice-cream
2026-09-26,Clarabelle's Hand-Scooped Ice Cream,Disney California Adventure,Crushed Peanuts,Ice Cream Toppings,Snack; Special,,1.49,disney-california-adventure/clarabelles-hand-scooped-ice-cream
2026-09-26,Clarabelle's Hand-Scooped Ice Cream,Disney California Adventure,Assorted Fountain Beverages - Regular,Beverages,Snack; Special,assorted Coca-Cola® offerings,4.99,disney-california-adventure/clarabelles-hand-scooped-ice-cream
2026-09-26,Clarabelle's Hand-Scooped Ice Cream,Disney California Adventure,Assorted Fountain Beverages - Large,Beverages,Snack; Special,assorted Coca-Cola® offerings,5.69,disney-california-adventure/clarabelles-hand-scooped-ice-cream
2026-09-26,Clarabelle's Hand-Scooped Ice Cream,Disney California Adventure,DASANI® Bottled Water,Beverages,Snack; Special,,4.79,disney-california-adventure/clarabelles-hand-scooped-ice-cream
2026-09-26,Mortimers Market,Disney California Adventure,Pickles,Snacks,Special; Snack,,4.99,disney-california-adventure/mortimers-market
2026-09-26,Mortimers Market,Disney California Adventure,Assorted Chips,Snacks,Special; Snack,,4.29,disney-california-adventure/mortimers-market
2026-09-26,Mortimers Market,Disney California Adventure,Mini Babybel® snack cheese - 3-pack,Snacks,Special; Snack,,3.49,disney-california-adventure/mortimers-market
2026-09-26,Mortimers Market,Disney California Adventure,Cuties® Mandarin 3-pack,Snacks,Special; Snack,,5.99,disney-california-adventure/mortimers-market
2026-09-26,Mortimers Market,Disney California Adventure,Sprite® Zero Sugar,Beverages,Special; Snack,,5.19,disney-california-adventure/mortimers-market
2026-09-26,Mortimers Market,Disney California Adventure,smartwater®,Beverages,Special; Snack,,5.79,disney-california-adventure/mortimers-market
2026-09-26,Mortimers Market,Disney California Adventure,Topo Chico®,Beverages,Special; Snack,,5.29,disney-california-adventure/mortimers-market
2026-09-26,Award Wieners,Disney California Adventure,Coco Lantern Sipper,Seasonal Offerings,Lunch And Dinner; Special,"includes choice of Fountain Beverage at time of purchase. Limit two (2) per person, per transaction. No discounts apply.",30.99,disney-california-adventure/award-wieners
2026-09-26,Award Wieners,Disney California Adventure,Oktoberfest Dog,Seasonal Offerings,Lunch And Dinner; Special,"Pork Cheddar Sausage, Sauerkraut, Caraway Seeds, and Cheesy Beer Mustard Sauce on a Soft Pretzel Bun with Cuties® Mandarin Oranges or Fries",11.99,disney-california-adventure/award-wieners
2026-09-26,Award Wieners,Disney California Adventure,Halloween Travel Tumbler,Seasonal Offerings,Lunch And Dinner; Special,"includes choice of Fountain Beverage at time of purchase. Limit ten (10) per person, per transaction. No discounts apply.",14.99,disney-california-adventure/award-wieners
2026-09-26,Award Wieners,Disney California Adventure,Bacon Street Dog,Stars of the Show,Lunch And Dinner; Special,"All-Beef Hot Dog dipped in a House-made Roasted Red Pepper Ketchup topped with Grilled Onions, Bell Peppers and crispy Bacon Crumbles served on a Toasted Bun with Cuties® Mandarin Oranges or Fries",11.79,disney-california-adventure/award-wieners
2026-09-26,Award Wieners,Disney California Adventure,Uptown Chili Dog,Stars of the Show,Lunch And Dinner; Special,"All-Beef Hot Dog topped with Home-style Chili, Pepper Jack Cheese and Corn Chips served on a Toasted Bun with Cuties® Mandarin Oranges or Fries",11.79,disney-california-adventure/award-wieners
2026-09-26,Award Wieners,Disney California Adventure,All-Beef Hot Dog,Stars of the Show,Lunch And Dinner; Special,served on a Toasted Bun with Cuties® Mandarin Oranges or Fries,10.79,disney-california-adventure/award-wieners
2026-09-26,Award Wieners,Disney California Adventure,Plant-based Philly Dog,Plant-Based,Lunch And Dinner; Special,"Topped with Mushrooms, Grilled Onions & Peppers and Crema, served on a Toasted Bun with Cuties® Mandarin Oranges or Fries",11.99,disney-california-adventure/award-wieners
2026-09-26,Award Wieners,Disney California Adventure,Asada Fries,Supporting Cast,Lunch And Dinner; Special,"Fries topped with Marinated Carne Asada, Cheddar Cheese, Cilantro and Onions, with Salsa de Arbol and Guacamole",13.49,disney-california-adventure/award-wieners
2026-09-26,Award Wieners,Disney California Adventure,Fries,Supporting Cast,Lunch And Dinner; Special,,4.79,disney-california-adventure/award-wieners
2026-09-26,Award Wieners,Disney California Adventure,Power Pack,Kids' Disney Check Meal,Lunch And Dinner; Special,"Applesauce, a Cuties® Mandarin, Carrots, and Whole-Grain ""Fish"" Crackers with choice of Small Lowfat Milk or Small DASANI® Bottled Water. Meets Disney Nutrition Guidelines for Complete Meals without substitutions",6.99,disney-california-adventure/award-wieners
2026-09-26,Award Wieners,Disney California Adventure,Mini All-Beef Hot Dog,Kids' Meal,Lunch And Dinner; Special,"served with a Cuties® Mandarin Orange, Applesauce and choice of small DASANI® Water or small Lowfat Milk",5.99,disney-california-adventure/award-wieners
2026-09-26,Award Wieners,Disney California Adventure,Seaborn Sangria,Alcoholic Beverages,Lunch And Dinner; Special,"San Diego, CA (ABV 12.0%) served over ice and mixed fruit",18.00,disney-california-adventure/award-wieners
2026-09-26,Award Wieners,Disney California Adventure,"Route 30 Brewing Co., Oktoberfest Lager",Alcoholic Beverages,Lunch And Dinner; Special,"Riverside, CA (ABV 5.4%)",15.75,disney-california-adventure/award-wieners
2026-09-26,Award Wieners,Disney California Adventure,"Seaborn, Pineapple Mango Margarita",Alcoholic Beverages,Lunch And Dinner; Special,"Encinitas, CA (ABV 10%). Served over ice",19.00,disney-california-adventure/award-wieners
2026-09-26,Award Wieners,Disney California Adventure,"Artifex Brewing Company, Hollywood Sunset IPA",Alcoholic Beverages,Lunch And Dinner; Special,"San Diego, CA (ABV 6.8%)",17.25,disney-california-adventure/award-wieners
2026-09-26,Award Wieners,Disney California Adventure,Modelo Especial,Alcoholic Beverages,Lunch And Dinner; Special,"Mexico City, Mexico (ABV 4.4%)",14.25,disney-california-adventure/award-wieners
2026-09-26,Award Wieners,Disney California Adventure,Assorted Fountain Beverages - Regular,Hollywood Coolers,Lunch And Dinner; Special,assorted Coca-Cola® offerings,4.99,disney-california-adventure/award-wieners
2026-09-26,Award Wieners,Disney California Adventure,Assorted Fountain Beverages - Large,Hollywood Coolers,Lunch And Dinner; Special,assorted Coca-Cola® offerings,5.69,disney-california-adventure/award-wieners
2026-09-26,Award Wieners,Disney California Adventure,DASANI® Bottled Water,Hollywood Coolers,Lunch And Dinner; Special,,4.79,disney-california-adventure/award-wieners
2026-09-26,Award Wieners,Disney California Adventure,Lowfat Milk,Hollywood Coolers,Lunch And Dinner; Special,,3.49,disney-california-adventure/award-wieners
2026-09-26,Award Wieners,Disney California Adventure,Minute Maid® Apple Juice,Hollywood Coolers,Lunch And Dinner; Special,,3.49,disney-california-adventure/award-wieners
2026-09-26,Award Wieners,Disney California Adventure,Hot Cocoa,Hollywood Coolers,Lunch And Dinner; Special,,5.49,disney-california-adventure/award-wieners
2026-09-26,Award Wieners,Disney California Adventure,Coffee - Regular,Hollywood Coolers,Lunch And Dinner; Special,,5.49,disney-california-adventure/award-wieners
2026-09-26,Award Wieners,Disney California Adventure,Coffee - Decaffeinated,Hollywood Coolers,Lunch And Dinner; Special,,5.49,disney-california-adventure/award-wieners
2026-09-26,Hollywood Lounge,Disney California Adventure,Coco Lantern Sipper,Seasonal Offering,Snack; Special,"includes choice of Coca-Cola® Bottled Beverage at time of purchase. Limit two (2) per person, per transaction.",30.99,disney-california-adventure/hollywood-lounge
2026-09-26,Hollywood Lounge,Disney California Adventure,Vampire Mickey Mouse Bucket,Seasonal Offering,Snack; Special,"Includes regular Popcorn at time of purchase. Limit two (2) per person, per transaction. No discounts apply.",32.99,disney-california-adventure/hollywood-lounge
2026-09-26,Hollywood Lounge,Disney California Adventure,The Headless Horseman Bucket,Seasonal Offering,Snack; Special,"Includes regular Popcorn at time of purchase. Limit two (2) per person, per transaction. No discounts apply.",29.99,disney-california-adventure/hollywood-lounge
2026-09-26,Hollywood Lounge,Disney California Adventure,Chicharrones,Snack,Snack; Special,with side of Hot Sauce and Lime,5.49,disney-california-adventure/hollywood-lounge
2026-09-26,Hollywood Lounge,Disney California Adventure,Phantom Potion,Alcoholic Beverages,Snack; Special,"Tequila, Pineapple Lemonade with Blue Curaçao, Apple Liqueur, and Sprite®, topped with Grenadine and a Oogie Boogie Moon Glow Cube",27.00,disney-california-adventure/hollywood-lounge
2026-09-26,Hollywood Lounge,Disney California Adventure,Phantom Potion,Alcoholic Beverages,Snack; Special,"Tequila, Pineapple Lemonade with Blue Curaçao, Apple Liqueur, and Sprite®, topped with Grenadine",20.50,disney-california-adventure/hollywood-lounge
2026-09-26,Hollywood Lounge,Disney California Adventure,Weekender IPA,Alcoholic Beverages,Snack; Special,"Ventura, CA (ABV 7.2%)",17.25,disney-california-adventure/hollywood-lounge
2026-09-26,Hollywood Lounge,Disney California Adventure,Backlot Michelada,Alcoholic Beverages,Snack; Special,"Calidad Beer, Classic Mexican-style Lager Michelada with Chile-Lime Seasoning and Lime",18.50,disney-california-adventure/hollywood-lounge
2026-09-26,Hollywood Lounge,Disney California Adventure,Pickle Michelada,Alcoholic Beverages,Snack; Special,"Calidad Mexican Lager, Pickle Juice, Tomato Mix, Chile-Lime Seasoning and a Pickle Spear",18.50,disney-california-adventure/hollywood-lounge
2026-09-26,Hollywood Lounge,Disney California Adventure,"Calidad Beer, Classic Mexican-style Lager",Alcoholic Beverages,Snack; Special,"Santa Barbara, CA (ABV 5.0%)",14.25,disney-california-adventure/hollywood-lounge
2026-09-26,Hollywood Lounge,Disney California Adventure,"La Bodega Brewing Company, Hazlitt Hazy IPA",Alcoholic Beverages,Snack; Special,"Whittier, CA (ABV 7.0%)",17.25,disney-california-adventure/hollywood-lounge
2026-09-26,Hollywood Lounge,Disney California Adventure,"Seaborn, Prickly Pear Margarita",Seasonal Alcoholic Beverages ,Snack; Special,"San Diego, CA (ABV 10.0%) served over ice",18.00,disney-california-adventure/hollywood-lounge
2026-09-26,Hollywood Lounge,Disney California Adventure,"Calidad Beer, El Titán Dark Lager",Seasonal Alcoholic Beverages ,Snack; Special,"Santa Barbara, CA (ABV 5.0%)",15.75,disney-california-adventure/hollywood-lounge
2026-09-26,Hollywood Lounge,Disney California Adventure,Horchata Whiskey Cocktail,Seasonal Alcoholic Beverages ,Snack; Special,Horchata with RumChata and Cinnamon Whiskey,19.50,disney-california-adventure/hollywood-lounge
2026-09-26,Hollywood Lounge,Disney California Adventure,"2 Towns Ciderhouse, Made Marion Hard Cider",Seasonal Alcoholic Beverages ,Snack; Special,"Blackberry, Corvallis, OR (ABV 6.0%)",15.75,disney-california-adventure/hollywood-lounge
2026-09-26,Hollywood Lounge,Disney California Adventure,"Brewery X, Succulent Sipper Hard Seltzer",Seasonal Alcoholic Beverages ,Snack; Special,"Orange & Pineapple, Anaheim, CA (ABV 5.0%)",15.75,disney-california-adventure/hollywood-lounge
2026-09-26,Hollywood Lounge,Disney California Adventure,"Seaborn, Peach Margarita",Seasonal Alcoholic Beverages ,Snack; Special,"San Diego, CA (ABV 8.5%) served over ice",16.00,disney-california-adventure/hollywood-lounge
2026-09-26,Hollywood Lounge,Disney California Adventure,Strawberry Limeade,Beverages,Snack; Special,served with a Sliced Strawberry,7.49,disney-california-adventure/hollywood-lounge
2026-09-26,Hollywood Lounge,Disney California Adventure,smartwater®,Beverages,Snack; Special,,5.79,disney-california-adventure/hollywood-lounge
2026-09-26,Hollywood Lounge,Disney California Adventure,DASANI® Bottled Water,Beverages,Snack; Special,,4.79,disney-california-adventure/hollywood-lounge
2026-09-26,Hollywood Lounge,Disney California Adventure,The Headless Horseman Bucket,Oogie Boogie Bash Offering [Available during Event Only],Special,"Includes regular Popcorn at time of purchase. Limit two (2) per person, per transaction. No discounts apply.",29.99,disney-california-adventure/hollywood-lounge
2026-09-26,Studio Catering Co.,Disney California Adventure,Hades Glow Cube,Seasonal Offerings,Snack,"Includes choice of Fountain Beverage at time of purchase. Limit Two (2) per person, per transaction. No discounts apply.",11.69,disney-california-adventure/studio-catering-co
2026-09-26,Studio Catering Co.,Disney California Adventure,Magic Key Ursula Straw Clip,Seasonal Offerings,Snack,"with purchase of beverage at time of purchase. Limit one (1) per person, per Magic Key Pass, per transaction. No discounts apply.",9.49,disney-california-adventure/studio-catering-co
2026-09-26,Studio Catering Co.,Disney California Adventure,Spicy Oogie Boogie Burrito,Snacks,Snack; Special,"Carne Asada, Fries, Guacamole, Pico de Gallo, Shredded Cheese, Crunchy Hot Cheese-flavored Snacks and Spicy Crema in a Green Tortilla",15.49,disney-california-adventure/studio-catering-co
2026-09-26,Studio Catering Co.,Disney California Adventure,Beef & Cheese Tamale a la Plancha,Snacks,Snack; Special,"Beef & Cheese Tamale with Salsa Verde, Lime Crema, Shredded Lettuce and Pico de Gallo",9.79,disney-california-adventure/studio-catering-co
2026-09-26,Studio Catering Co.,Disney California Adventure,Mickey Mouse Pretzel,Snacks,Snack; Special,Warm Mickey-shaped Pretzel served dusted with Coarse Salt,6.29,disney-california-adventure/studio-catering-co
2026-09-26,Studio Catering Co.,Disney California Adventure,Cheese Cup,Snacks,Snack; Special,,1.39,disney-california-adventure/studio-catering-co
2026-09-26,Studio Catering Co.,Disney California Adventure,Assorted Fountain Beverages - Regular,Beverages,Snack; Special,assorted Coca-Cola® offerings,4.99,disney-california-adventure/studio-catering-co
2026-09-26,Studio Catering Co.,Disney California Adventure,smartwater®,Beverages,Snack; Special,,5.79,disney-california-adventure/studio-catering-co
2026-09-26,Studio Catering Co.,Disney California Adventure,DASANI® Bottled Water,Beverages,Snack; Special,,4.79,disney-california-adventure/studio-catering-co
2026-09-26,Studio Catering Co.,Disney California Adventure,Strawberry Limeade,Beverages,Snack; Special,served with a Sliced Strawberry,7.49,disney-california-adventure/studio-catering-co
2026-09-26,Schmoozies!,Disney California Adventure,Pumpkin Pie Mickey Shake,Seasonal Offerings,Snack; Special,Pumpkin Pie and Vanilla Milkshake with Whipped Topping and Golden Creme-filled Cookies,14.99,disney-california-adventure/schmoozies-smoothies
2026-09-26,Schmoozies!,Disney California Adventure,Matcha Mickey-shaped Waffles,Seasonal Offerings,Snack; Special,filled with Banana Custard,10.99,disney-california-adventure/schmoozies-smoothies
2026-09-26,Schmoozies!,Disney California Adventure,"Seaborn, Lavender Lemonade",Alcoholic Beverages,Snack; Special,"San Diego, CA (ABV 9%) served over Ice",17.00,disney-california-adventure/schmoozies-smoothies
2026-09-26,Schmoozies!,Disney California Adventure,"Arrow Lodge Brewing, Pink Lemonade Seltzer",Alcoholic Beverages,Snack; Special,"Hard Seltzer, Covina, CA (ABV 9%) served over Ice",15.75,disney-california-adventure/schmoozies-smoothies
2026-09-26,Schmoozies!,Disney California Adventure,"Unsung Brewing Co., Mimosa Hard Seltzer",Alcoholic Beverages,Snack; Special,"Anaheim, CA (ABV 9.0%) served over Ice",15.75,disney-california-adventure/schmoozies-smoothies
2026-09-26,Schmoozies!,Disney California Adventure,Strawberry Banana Sensation with Liquor,Alcoholic Beverages,Snack; Special,"Strawberries, Banana and Lowfat Yogurt blended with Strawberry-Pineapple Juices and choice of Liquor",21.50,disney-california-adventure/schmoozies-smoothies
2026-09-26,Schmoozies!,Disney California Adventure,Mango Madness with Liquor,Alcoholic Beverages,Snack; Special,"Mangos, Bananas, Peaches and Lowfat Yogurt blended with Pineapple, Guava and Passion Fruit Juices with choice of Liquor",21.50,disney-california-adventure/schmoozies-smoothies
2026-09-26,Schmoozies!,Disney California Adventure,Mangonada with Liquor,Alcoholic Beverages,Snack; Special,"Mangos, Bananas and Peaches blended with Pineapple and Guava Juices, finished with sweet Chamoy, Chile-Lime Seasoning and a Mango-Chile Lollipop and choice of Liquor",21.50,disney-california-adventure/schmoozies-smoothies
2026-09-26,Schmoozies!,Disney California Adventure,Affogato with Irish Cream Liqueur,Alcoholic Beverages,Snack; Special,Vanilla Ice Cream topped with Espresso and Irish Cream Liqueur,19.50,disney-california-adventure/schmoozies-smoothies
2026-09-26,Schmoozies!,Disney California Adventure,Cold Brew Coffee with Liqueur or Liquor,Alcoholic Beverages,Snack; Special,Cold Brew Coffee served over Ice with choice of Liqueur or Liquor,18.50,disney-california-adventure/schmoozies-smoothies
2026-09-26,Schmoozies!,Disney California Adventure,Iced Latte with Liqueur or Liquor,Alcoholic Beverages,Snack; Special,with choice of Liqueur or Liquor,17.50,disney-california-adventure/schmoozies-smoothies
2026-09-26,Schmoozies!,Disney California Adventure,Iced Americano with Liqueur or Liquor,Alcoholic Beverages,Snack; Special,with choice of Liqueur or Liquor,17.50,disney-california-adventure/schmoozies-smoothies
2026-09-26,Schmoozies!,Disney California Adventure,Mangonada Smoothie,Extreme Refreshers,Snack; Special,"Mangos, Bananas and Peaches blended with Pineapple and Guava Juices, finished with sweet Chamoy, Chile-Lime Seasoning and a Mango-Chile Lollipop",9.99,disney-california-adventure/schmoozies-smoothies
2026-09-26,Schmoozies!,Disney California Adventure,Affogato,Extreme Refreshers,Snack; Special,Vanilla Ice Cream topped with Espresso,8.79,disney-california-adventure/schmoozies-smoothies
2026-09-26,Schmoozies!,Disney California Adventure,Mango Madness,Smoothies,Snack,"Mangos, Peaches, Banana, and Lowfat Yogurt blended with Pineapple, Guava and Passion Fruit Juices",8.49,disney-california-adventure/schmoozies-smoothies
2026-09-26,Schmoozies!,Disney California Adventure,Strawberry Banana Sensation,Smoothies,Snack,"Strawberries, Banana, and Lowfat Yogurt blended with Strawberry-Pineapple Juice",8.49,disney-california-adventure/schmoozies-smoothies
2026-09-26,Schmoozies!,Disney California Adventure,Make Mine Mocha,Smoothies,Snack,Cold Brew Blended with Chocolate Sauce and Vanilla Ice Cream topped with Whipped Cream,8.99,disney-california-adventure/schmoozies-smoothies
2026-09-26,Schmoozies!,Disney California Adventure,Espresso - Single,Epic Coffees,Snack; Special,,4.49,disney-california-adventure/schmoozies-smoothies
2026-09-26,Schmoozies!,Disney California Adventure,Espresso - Double,Epic Coffees,Snack; Special,,5.49,disney-california-adventure/schmoozies-smoothies
2026-09-26,Schmoozies!,Disney California Adventure,Iced Cold Brew Coffee,Epic Coffees,Snack; Special,Cold Brew Coffee served over Ice,6.99,disney-california-adventure/schmoozies-smoothies
2026-09-26,Schmoozies!,Disney California Adventure,Coffee - Regular,Epic Coffees,Snack; Special,,5.49,disney-california-adventure/schmoozies-smoothies
2026-09-26,Schmoozies!,Disney California Adventure,Caffè Latte,Epic Coffees,Snack; Special,,6.99,disney-california-adventure/schmoozies-smoothies
2026-09-26,Schmoozies!,Disney California Adventure,Iced Latte,Epic Coffees,Snack; Special,,6.99,disney-california-adventure/schmoozies-smoothies
2026-09-26,Schmoozies!,Disney California Adventure,Caffè Americano,Epic Coffees,Snack; Special,,6.49,disney-california-adventure/schmoozies-smoothies
2026-09-26,Schmoozies!,Disney California Adventure,Iced Americano,Epic Coffees,Snack; Special,,6.49,disney-california-adventure/schmoozies-smoothies
2026-09-26,Schmoozies!,Disney California Adventure,Whole Milk,Beverages,Snack; Special,16 oz,4.49,disney-california-adventure/schmoozies-smoothies
2026-09-26,Schmoozies!,Disney California Adventure,DASANI® Bottled Water,Beverages,Snack; Special,,4.79,disney-california-adventure/schmoozies-smoothies
2026-09-26,Willie's Churros,Disney California Adventure,Churro,Churros,Special; Snack,,6.25,disney-california-adventure/willies-churros
2026-09-26,Willie's Churros,Disney California Adventure,Assorted Coca-Cola® Bottled Beverages,Beverages,Special; Snack,,5.75,disney-california-adventure/willies-churros
2026-09-26,Willie's Churros,Disney California Adventure,DASANI® Bottled Water,Beverages,Special; Snack,,5.25,disney-california-adventure/willies-churros
2026-09-26,Willie's Churros,Disney California Adventure,Monster™ Energy,Beverages,Special; Snack,,6.50,disney-california-adventure/willies-churros
2026-09-26,Terran Treats,Disney California Adventure,Ube Cheesecake Churro,Snacks,Special; Snack,Churro rolled in Chocolate Cookie Sugar with Ube Cheesecake Whipped Topping and Chocolate Cookie Crumble,8.00,disney-california-adventure/terran-treats
2026-09-26,Terran Treats,Disney California Adventure,Infinity Cream Puffs,Snacks,Special; Snack,"Six Mini Cream Puffs with Raspberry, Cotton Candy, Key Lime, Strawberry, Pabana and Orange Cream Flavors",10.00,disney-california-adventure/terran-treats
2026-09-26,Terran Treats,Disney California Adventure,Cygnus X-1 Churro,Snacks,Special; Snack,Classic Churro rolled in Cinnamon Sugar,6.25,disney-california-adventure/terran-treats
2026-09-26,Terran Treats,Disney California Adventure,Captain America Shield Sipper,Beverages,Special; Snack,"includes choice of Coca-Cola® Bottled Beverage at time of purchase. Limit two (2) per person, per transaction. No discounts apply.",32.75,disney-california-adventure/terran-treats
2026-09-26,Terran Treats,Disney California Adventure,Powerade Fruit Punch,Beverages,Special; Snack,,5.75,disney-california-adventure/terran-treats
2026-09-26,Terran Treats,Disney California Adventure,Bottled Coca-Cola®,Beverages,Special; Snack,,5.75,disney-california-adventure/terran-treats
2026-09-26,Terran Treats,Disney California Adventure,Bottled Diet Coke®,Beverages,Special; Snack,,5.75,disney-california-adventure/terran-treats
2026-09-26,Terran Treats,Disney California Adventure,Bottled Sprite®,Beverages,Special; Snack,,5.75,disney-california-adventure/terran-treats
2026-09-26,Terran Treats,Disney California Adventure,DASANI® Bottled Water,Beverages,Special; Snack,,5.25,disney-california-adventure/terran-treats
2026-09-26,Shawarma Palace,Disney California Adventure,New York's Tastiest,Wraps,Special; Snack,"Chicken Shawarma Wrap with Garlic Hummus, Cucumber, Tomato, and Pickled Onion, served with Cucumber Tzatziki Sauce",14.49,disney-california-adventure/shawarma-palace
2026-09-26,Shawarma Palace,Disney California Adventure,"Trademark Brewing, City of Heroes IPA",Alcoholic Beverages,Special; Snack,"Hazy IPA, Long Beach, CA (ABV 7%)",17.25,disney-california-adventure/shawarma-palace
2026-09-26,Shawarma Palace,Disney California Adventure,Captain America Shield Sipper,Beverages,Special; Breakfast; Snack,"includes choice of Coca-Cola® Bottled Beverage at time of purchase. Limit two (2) per person, per transaction. No discounts apply.",30.49,disney-california-adventure/shawarma-palace
2026-09-26,Shawarma Palace,Disney California Adventure,Simply® Orange Juice,Beverages,Special; Breakfast; Snack,,5.59,disney-california-adventure/shawarma-palace
2026-09-26,Shawarma Palace,Disney California Adventure,Powerade Fruit Punch,Beverages,Special; Breakfast; Snack,,5.49,disney-california-adventure/shawarma-palace
2026-09-26,Shawarma Palace,Disney California Adventure,DASANI® Bottled Water,Beverages,Special; Breakfast; Snack,,4.79,disney-california-adventure/shawarma-palace
2026-09-26,Shawarma Palace,Disney California Adventure,Bottled Coca-Cola®,Beverages,Special; Breakfast; Snack,,5.49,disney-california-adventure/shawarma-palace
2026-09-26,Shawarma Palace,Disney California Adventure,Bottled Diet Coke®,Beverages,Special; Breakfast; Snack,,5.49,disney-california-adventure/shawarma-palace
2026-09-26,Shawarma Palace,Disney California Adventure,Bottled Sprite®,Beverages,Special; Breakfast; Snack,,5.49,disney-california-adventure/shawarma-palace
2026-09-26,Shawarma Palace,Disney California Adventure,Breakfast Shawarma,Breakfast Snack,Breakfast,"Bacon, Sausage, Egg, Cheddar Cheese, and Potato Bites served in a Pita Wrap, with Spicy Harissa Sauce",14.49,disney-california-adventure/shawarma-palace
2026-09-26,Cozy Cone Motel,Disney California Adventure,Cars Land Lighted Cone Sipper,Seasonal Offerings at Cozy Cone 1,Special; Snack,"includes choice of Fountain Beverage at time of purchase. Limit ten (10) per person, per transaction. No discounts apply.",29.79,disney-california-adventure/cozy-cone-motel
2026-09-26,Cozy Cone Motel,Disney California Adventure,Vietnamese Coffee with Ube Sweet Cream Foam,Seasonal Offerings at Cozy Cone 1,Special; Snack,"Iced Vietnamese Coffee with Ube Sweet Cream Foam, topped with Black Sprinkles",7.99,disney-california-adventure/cozy-cone-motel
2026-09-26,Cozy Cone Motel,Disney California Adventure,Fire Truck Slushy,Seasonal Offerings at Cozy Cone 1,Special; Snack,Strawberry Slushy garnished with a Strawberry Gummy Candy,8.29,disney-california-adventure/cozy-cone-motel
2026-09-26,Cozy Cone Motel,Disney California Adventure,Churro,Churros at Cozy Cone 1,Special; Snack,with Dipping Sauce,7.49,disney-california-adventure/cozy-cone-motel
2026-09-26,Cozy Cone Motel,Disney California Adventure,Side Caramel Sauce,Churros at Cozy Cone 1,Special; Snack,,1.39,disney-california-adventure/cozy-cone-motel
2026-09-26,Cozy Cone Motel,Disney California Adventure,Cursed Ube Foam Iced Coffee,Alcoholic Beverage at Cozy Cone 1,Special; Snack,"Iced Vietnamese Coffee with Baileys Irish Cream, topped with Ube Sweet Cream Foam and Black Sprinkles",17.00,disney-california-adventure/cozy-cone-motel
2026-09-26,Cozy Cone Motel,Disney California Adventure,Strawberry Slushy Margarita,Alcoholic Beverage at Cozy Cone 1,Special; Snack,"Tequila-Strawberry Slushy with Chamoy and Chile-Lime Seasoning, garnished with a Strawberry Gummy Candy",20.50,disney-california-adventure/cozy-cone-motel
2026-09-26,Cozy Cone Motel,Disney California Adventure,"Ramone's ""Pear of Dice"" Soda",Beverages at Cozy Cone 1,Special; Snack,,7.49,disney-california-adventure/cozy-cone-motel
2026-09-26,Cozy Cone Motel,Disney California Adventure,Assorted Fountain Beverages - Regular,Beverages at Cozy Cone 1,Special; Snack,assorted Coca-Cola® offerings,4.99,disney-california-adventure/cozy-cone-motel
2026-09-26,Cozy Cone Motel,Disney California Adventure,DASANI® Bottled Water,Beverages at Cozy Cone 1,Special; Snack,,4.79,disney-california-adventure/cozy-cone-motel
2026-09-26,Cozy Cone Motel,Disney California Adventure,Coffee - Regular,Beverages at Cozy Cone 1,Special; Snack,,5.49,disney-california-adventure/cozy-cone-motel
2026-09-26,Cozy Cone Motel,Disney California Adventure,Coffee - Decaffeinated,Beverages at Cozy Cone 1,Special; Snack,,5.49,disney-california-adventure/cozy-cone-motel
2026-09-26,Cozy Cone Motel,Disney California Adventure,Hot Cocoa,Beverages at Cozy Cone 1,Special; Snack,,5.49,disney-california-adventure/cozy-cone-motel
2026-09-26,Cozy Cone Motel,Disney California Adventure,Cars Land Lighted Cone Sipper,Seasonal Offering at Cozy Cone 2,Special; Snack,"includes choice of Fountain Beverage at time of purchase. Limit ten (10) per person, per transaction. No discounts apply.",29.79,disney-california-adventure/cozy-cone-motel
2026-09-26,Cozy Cone Motel,Disney California Adventure,Ube Soft Serve,Soft Serve at Cozy Cone 2,Special; Snack,"Ube Soft Serve with Black Sprinkles, served in a Cup or a Cone",7.19,disney-california-adventure/cozy-cone-motel
2026-09-26,Cozy Cone Motel,Disney California Adventure,Ube-Vanilla Twist Soft Serve,Soft Serve at Cozy Cone 2,Special; Snack,"Ube & Vanilla Swirl with Black Sprinkles, served in a Cup or a Cone",7.19,disney-california-adventure/cozy-cone-motel
2026-09-26,Cozy Cone Motel,Disney California Adventure,Vanilla Soft Serve,Soft Serve at Cozy Cone 2,Special; Snack,served in a Cone or Cup,6.99,disney-california-adventure/cozy-cone-motel
2026-09-26,Cozy Cone Motel,Disney California Adventure,Chocolate Soft Serve,Soft Serve at Cozy Cone 2,Special; Snack,served in a Cone or Cup,6.99,disney-california-adventure/cozy-cone-motel
2026-09-26,Cozy Cone Motel,Disney California Adventure,Chocolate-Vanilla Twist Soft Serve,Soft Serve at Cozy Cone 2,Special; Snack,served in a Cone or Cup,6.99,disney-california-adventure/cozy-cone-motel
2026-09-26,Cozy Cone Motel,Disney California Adventure,Route Beer Float,Beverages at Cozy Cone 2,Special; Snack,,8.69,disney-california-adventure/cozy-cone-motel
2026-09-26,Cozy Cone Motel,Disney California Adventure,Route Beer Float in a Souvenir Glass,Beverages at Cozy Cone 2,Special; Snack,,17.49,disney-california-adventure/cozy-cone-motel
2026-09-26,Cozy Cone Motel,Disney California Adventure,Assorted Fountain Beverages - Regular,Beverages at Cozy Cone 2,Special; Snack,assorted Coca-Cola® offerings,4.99,disney-california-adventure/cozy-cone-motel
2026-09-26,Cozy Cone Motel,Disney California Adventure,DASANI® Bottled Water,Beverages at Cozy Cone 2,Special; Snack,,4.79,disney-california-adventure/cozy-cone-motel
2026-09-26,Cozy Cone Motel,Disney California Adventure,Cars Land Lighted Cone Sipper,Seasonal Offering at Cozy Cone 3,Special; Snack,"includes choice of Fountain Beverage at time of purchase. Limit ten (10) per person, per transaction. No discounts apply.",29.79,disney-california-adventure/cozy-cone-motel
2026-09-26,Cozy Cone Motel,Disney California Adventure,Slow Burnin' Mac & Cheese Cone,Snacks at Cozy Cone 3,Special; Snack,Pasta with Spicy Red Pepper Cheese Sauce,12.99,disney-california-adventure/cozy-cone-motel
2026-09-26,Cozy Cone Motel,Disney California Adventure,Chili Cone Queso,Snacks at Cozy Cone 3,Special; Snack,"Beef Chili, Cheddar Cheese and Corn Chips served in a Bread Cone",12.99,disney-california-adventure/cozy-cone-motel
2026-09-26,Cozy Cone Motel,Disney California Adventure,Bacon Mac 'n' Cheese,Snacks at Cozy Cone 3,Special; Snack,creamy Mac 'n' Cheese mixed with Roasted Bacon served in a Bread Cone,12.99,disney-california-adventure/cozy-cone-motel
2026-09-26,Cozy Cone Motel,Disney California Adventure,Assorted Fountain Beverages - Regular,Beverages at Cozy Cone 3,Special; Snack,assorted Coca-Cola® offerings,4.99,disney-california-adventure/cozy-cone-motel
2026-09-26,Cozy Cone Motel,Disney California Adventure,DASANI® Bottled Water,Beverages at Cozy Cone 3,Special; Snack,,4.79,disney-california-adventure/cozy-cone-motel
2026-09-26,Cozy Cone Motel,Disney California Adventure,Haunted Highway Cocktail,Oogie Boogie Bash Offering at Cozy Cone Motel Cone 4 [Available during Event Only],Special,"Tequila, Pineapple Lemonade with Blue Curaçao, Apple Liqueur, and Sprite®, topped with Grenadine and Gummy Worms",20.00,disney-california-adventure/cozy-cone-motel
2026-09-26,Cozy Cone Motel,Disney California Adventure,Chimichanga,Snacks at Cozy Cone 4,Special; Snack,,8.99,disney-california-adventure/cozy-cone-motel
2026-09-26,Cozy Cone Motel,Disney California Adventure,Tarantula Hill Liquid Hazy Candy IPA,Alcoholic Beverages at Cozy Cone 4,Special; Snack,"Thousand Oaks, ABV 7.5%",17.25,disney-california-adventure/cozy-cone-motel
2026-09-26,Cozy Cone Motel,Disney California Adventure,Strawberry-Peach Margarita,Alcoholic Beverages at Cozy Cone 4,Special; Snack,"Tequila with Spicy Strawberry-Peach Chamoy Lemonade, topped with a Peach Ring",20.50,disney-california-adventure/cozy-cone-motel
2026-09-26,Cozy Cone Motel,Disney California Adventure,Strawberry Michelada,Alcoholic Beverages at Cozy Cone 4,Special; Snack,"Modelo with Strawberry-Chamoy Lemonade and a Strawberry Candy, rimmed with Chile-Lime Seasoning",20.75,disney-california-adventure/cozy-cone-motel
2026-09-26,Cozy Cone Motel,Disney California Adventure,"Mother Earth Brew Co., Cali Screamin' Pumpkin Vanilla Cream Ale",Alcoholic Beverages at Cozy Cone 4,Special; Snack,"San Diego, CA (ABV 5.0%)",15.75,disney-california-adventure/cozy-cone-motel
2026-09-26,Cozy Cone Motel,Disney California Adventure,"Unsung Brewing Co., Poison Apple Seltzer",Alcoholic Beverages at Cozy Cone 4,Special; Snack,"Anaheim, CA (ABV 7.0%)",15.75,disney-california-adventure/cozy-cone-motel
2026-09-26,Cozy Cone Motel,Disney California Adventure,Modelo Especial,Alcoholic Beverages at Cozy Cone 4,Special; Snack,"Mexico City, Mexico (ABV 4.4%)",14.25,disney-california-adventure/cozy-cone-motel
2026-09-26,Cozy Cone Motel,Disney California Adventure,Vodka & All Natural Lemonade,Alcoholic Beverages at Cozy Cone 4,Special; Snack,,17.00,disney-california-adventure/cozy-cone-motel
2026-09-26,Cozy Cone Motel,Disney California Adventure,Vodka & Pomegranate Limeade,Alcoholic Beverages at Cozy Cone 4,Special; Snack,,17.00,disney-california-adventure/cozy-cone-motel
2026-09-26,Cozy Cone Motel,Disney California Adventure,Fillmore's Fuelin' Groovy' All Natural Lemonade,Beverages at Cozy Cone 4,Special; Snack,,7.49,disney-california-adventure/cozy-cone-motel
2026-09-26,Cozy Cone Motel,Disney California Adventure,Fillmore’s Fuelin’ Groovy Pomegranate Limeade,Beverages at Cozy Cone 4,Special; Snack,,7.49,disney-california-adventure/cozy-cone-motel
2026-09-26,Cozy Cone Motel,Disney California Adventure,DASANI® Bottled Water,Beverages at Cozy Cone 4,Special; Snack,,4.79,disney-california-adventure/cozy-cone-motel
2026-09-26,Cozy Cone Motel,Disney California Adventure,Cars Land Lighted Cone Sipper,Seasonal Offering at Cozy Cone 5,Special; Snack,"includes choice of Fountain Beverage at time of purchase. Limit ten (10) per person, per transaction. No discounts apply.",29.79,disney-california-adventure/cozy-cone-motel
2026-09-26,Cozy Cone Motel,Disney California Adventure,Lightning McQueen Bucket,Seasonal Offering at Cozy Cone 5,Special; Snack,"includes regular Popcorn at time of purchase. Limit two (2) per person, per transaction. No discounts apply.",36.99,disney-california-adventure/cozy-cone-motel
2026-09-26,Cozy Cone Motel,Disney California Adventure,Popcorn Scoop,Popcorn at Cozy Cone 5,Special; Snack,with choice of Popcorn flavor,7.49,disney-california-adventure/cozy-cone-motel
2026-09-26,Cozy Cone Motel,Disney California Adventure,Fantasma Agua Fresca Cocktail,Alcoholic Beverage at Cozy Cone 5,Special; Snack,"Tequila with Pineapple-Cucumber Agua Fresca topped with Diced Cucumber and Pineapple, drizzled with Chamoy and Chile-Lime Seasoning",20.00,disney-california-adventure/cozy-cone-motel
2026-09-26,Cozy Cone Motel,Disney California Adventure,Watermelon Chamoy Lemonade Michelada,Alcoholic Beverage at Cozy Cone 5,Special; Snack,"Modelo Sandia Picante with Watermelon Chamoy Lemonade, rimmed with Chile-Lime Seasoning and Chamoy",19.75,disney-california-adventure/cozy-cone-motel
2026-09-26,Cozy Cone Motel,Disney California Adventure,Pineapple-Cucumber Agua Fresca,Beverages at Cozy Cone 5,Special; Snack,"topped with Diced Cucumber and Pineapple, drizzled with Chamoy and Chile-Lime Seasoning",7.49,disney-california-adventure/cozy-cone-motel
2026-09-26,Cozy Cone Motel,Disney California Adventure,Assorted Fountain Beverages - Regular,Beverages at Cozy Cone 5,Special; Snack,assorted Coca-Cola® offerings,4.99,disney-california-adventure/cozy-cone-motel
2026-09-26,Cozy Cone Motel,Disney California Adventure,DASANI® Bottled Water,Beverages at Cozy Cone 5,Special; Snack,,4.79,disney-california-adventure/cozy-cone-motel
2026-09-26,Wine Country Trattoria,Disney California Adventure,Brioche,Appetizers,Lunch; Dinner,"Butter, Truffle Ricotta, Asiago Cheese and Honey Drizzle",12.00,disney-california-adventure/wine-country-trattoria
2026-09-26,Wine Country Trattoria,Disney California Adventure,Fried Calamari,Appetizers,Lunch; Dinner,Lightly-breaded Calamari and Haricots Vert served with Pepperoncini Aïoli,14.00,disney-california-adventure/wine-country-trattoria
2026-09-26,Wine Country Trattoria,Disney California Adventure,Fall Salad,Appetizers,Lunch; Dinner,"Citrus Mascarpone, Arugula and Kale Mix, Roasted Golden Beets, Marinated Red Beets, Candied Pistachios, Pomegranate Vinaigrette and Fresh Pomegranates",13.00,disney-california-adventure/wine-country-trattoria
2026-09-26,Wine Country Trattoria,Disney California Adventure,Tomato Basil Soup,Appetizers,Lunch; Dinner,"with Fried Mozzarella, Basil Cream Foam and Micro Basil",13.00,disney-california-adventure/wine-country-trattoria
2026-09-26,Wine Country Trattoria,Disney California Adventure,Bistecca*,Entrées,Lunch; Dinner,"New York Steak, Roasted Garlic Mashed Potatoes, Roasted Brussels Sprouts, Roasted Patty Pans, Red Wine Reduction and Demi-glace Sauce",38.00,disney-california-adventure/wine-country-trattoria
2026-09-26,Wine Country Trattoria,Disney California Adventure,Chicken Parmesan,Entrées,Lunch; Dinner,"Breaded and Fried Chicken Breast, Mornay Sauce, Pasta with Marinara, Grated Pecorino and Micro Basil",35.00,disney-california-adventure/wine-country-trattoria
2026-09-26,Wine Country Trattoria,Disney California Adventure,Shrimp Alfredo,Entrées,Lunch; Dinner,"Creamy Mushroom Alfredo Sauce, Parsley and Garlic",34.00,disney-california-adventure/wine-country-trattoria
2026-09-26,Wine Country Trattoria,Disney California Adventure,Fall Salad with Shrimp*,Entrées,Lunch; Dinner,"Citrus Mascarpone, Arugula and Kale Mix, Roasted Golden Beets, Marinated Red Beets, Candied Pistachios, Pomegranate Vinaigrette and Fresh Pomegranates",25.00,disney-california-adventure/wine-country-trattoria
2026-09-26,Wine Country Trattoria,Disney California Adventure,Pan-seared Salmon,Entrées,Lunch; Dinner,"Potato Leek Sauce, Roasted Patty Pans, Arugula, Crispy Shallots, Chile Oil and Lemon Leek Oil",33.00,disney-california-adventure/wine-country-trattoria
2026-09-26,Wine Country Trattoria,Disney California Adventure,Rigatoni Bolognese,Entrées,Lunch; Dinner,"A rich Ragu of Beef, Italian Sausage, Vegetables and Seasonings",24.00,disney-california-adventure/wine-country-trattoria
2026-09-26,Wine Country Trattoria,Disney California Adventure,Tomato Salad,Plant-Based,Lunch; Dinner,"Citrus-marinated Tomatoes, House-made Ricotta, Pesto, Basil and Watercress with Sourdough Croutons",13.00,disney-california-adventure/wine-country-trattoria
2026-09-26,Wine Country Trattoria,Disney California Adventure,Italian Sausage Pasta,Plant-Based,Lunch; Dinner,"Rigatoni with Sausage Crumble, Roasted Butternut Squash, Roasted Maitake Mushrooms, Cherry Tomatoes, Roasted Kale, Pumpkin Cream Sauce and Pepitas",26.00,disney-california-adventure/wine-country-trattoria
2026-09-26,Wine Country Trattoria,Disney California Adventure,Vanilla Brûlée Tart,Plant-Based,Lunch; Dinner,with Pomegranate Molasses and Fresh Pomegranates,12.00,disney-california-adventure/wine-country-trattoria
2026-09-26,Wine Country Trattoria,Disney California Adventure,Pasta with Marinara and Meatballs,Kids' Disney Check Meals Create-Your-Own Entrées (choose one),Lunch; Dinner,served with choice of two (2) Selections and choice of Small Lowfat Milk or Small DASANI® Water. Meets Disney Nutrition Guidelines for Complete Meals without Substitutions,12.00,disney-california-adventure/wine-country-trattoria
2026-09-26,Wine Country Trattoria,Disney California Adventure,Salmon,Kids' Disney Check Meals Create-Your-Own Entrées (choose one),Lunch; Dinner,served with choice of two (2) Selections and choice of Small Lowfat Milk or Small DASANI® Water. Meets Disney Nutrition Guidelines for Complete Meals without Substitutions,14.00,disney-california-adventure/wine-country-trattoria
2026-09-26,Wine Country Trattoria,Disney California Adventure,Cheese Pizza,Kids' Create-Your-Own Entrées (choose one),Lunch; Dinner,served with choice of two (2) Selections and choice of Small Lowfat Milk or Small DASANI® Water,12.00,disney-california-adventure/wine-country-trattoria
2026-09-26,Wine Country Trattoria,Disney California Adventure,Cookie Butter Tiramisù,Dessert,Lunch; Dinner,Layers of Coffee-soaked Ladyfingers and Cookie Butter Mousse,12.00,disney-california-adventure/wine-country-trattoria
2026-09-26,Wine Country Trattoria,Disney California Adventure,St. Agrestis Phony Negroni,Cocktails,Lunch; Dinner,Zero Proof Cocktail,14.25,disney-california-adventure/wine-country-trattoria
2026-09-26,Wine Country Trattoria,Disney California Adventure,Salted Mango Bourbon Sour,Cocktails,Lunch; Dinner,"Bourbon, Mango Purée, Egg White, Lemon Juice and Agave Syrup",17.25,disney-california-adventure/wine-country-trattoria
2026-09-26,Wine Country Trattoria,Disney California Adventure,Boulevardier,Cocktails,Lunch; Dinner,"Campari, Sweet Vermouth and Old Forester Bourbon",20.00,disney-california-adventure/wine-country-trattoria
2026-09-26,Wine Country Trattoria,Disney California Adventure,Italian Margarita,Cocktails,Lunch; Dinner,"1800 Silver Tequila, Lime Juice, Sweet-and-Sour and a float of Disaronno Amaretto",22.00,disney-california-adventure/wine-country-trattoria
2026-09-26,Wine Country Trattoria,Disney California Adventure,Trattoria Old Fashioned,Cocktails,Lunch; Dinner,"Bulleit Rye Bourbon, Rosemary Reduction, Bitters and Club Soda",21.00,disney-california-adventure/wine-country-trattoria
2026-09-26,Wine Country Trattoria,Disney California Adventure,Amalfi Sunset Paloma,Cocktails,Lunch; Dinner,"Tequila, Watermelon Juice, Agave and Lemon Juice",20.00,disney-california-adventure/wine-country-trattoria
2026-09-26,Wine Country Trattoria,Disney California Adventure,Frozen Limoncello,Cocktails,Lunch; Dinner,"Meletti Limoncello, Sweet-and-Sour and Lemonade",23.00,disney-california-adventure/wine-country-trattoria
2026-09-26,Wine Country Trattoria,Disney California Adventure,Pineapple Crush,Cocktails,Lunch; Dinner,"Hendrick’s Gin, Captain Morgan Original Spiced Rum, Orgeat, Passion Fruit, Pineapple Juice and Lemon",22.00,disney-california-adventure/wine-country-trattoria
2026-09-26,Wine Country Trattoria,Disney California Adventure,Sparkling Berry Lemonade Cocktail,Cocktails,Lunch; Dinner,"Grey Goose Vodka, Blackberry Moonshine, Sparkling Wine and Lemonade",21.00,disney-california-adventure/wine-country-trattoria
2026-09-26,Wine Country Trattoria,Disney California Adventure,Passion Fruit Mule,Cocktails,Lunch; Dinner,"Tito's Handmade Vodka, Lime Juice, Ginger Beer and Passion Fruit Liqueur",22.00,disney-california-adventure/wine-country-trattoria
2026-09-26,Wine Country Trattoria,Disney California Adventure,Prickly Pear Mojito,Cocktails,Lunch; Dinner,"Bacardi Rum, Peach Schnapps, Prickly Pear, Agave, Lime Juice, Soda Water",22.00,disney-california-adventure/wine-country-trattoria
2026-09-26,Wine Country Trattoria,Disney California Adventure,White Sangria,Cocktails,Lunch; Dinner,,12.50,disney-california-adventure/wine-country-trattoria
2026-09-26,Wine Country Trattoria,Disney California Adventure,Red Sangria,Cocktails,Lunch; Dinner,,12.50,disney-california-adventure/wine-country-trattoria
2026-09-26,Wine Country Trattoria,Disney California Adventure,Spritz Flight,Cocktails,Lunch; Dinner,"Aperol Spritz, Limoncello Spritz and Elderflower Spritz",23.00,disney-california-adventure/wine-country-trattoria
2026-09-26,Wine Country Trattoria,Disney California Adventure,Aperol Spritz,Cocktails,Lunch; Dinner,Aperol and La Marca Prosecco topped with Soda Water,21.00,disney-california-adventure/wine-country-trattoria
2026-09-26,Wine Country Trattoria,Disney California Adventure,Lemon Basil Spritz,Cocktails,Lunch; Dinner,"Limoncello, Absolut Citron, Prosecco, Lemon Juice, and Fresh Basil",21.00,disney-california-adventure/wine-country-trattoria
2026-09-26,Wine Country Trattoria,Disney California Adventure,"Bottle Logic Brewing, Logic Light","Beer, Cider and Seltzer",Lunch; Dinner,"Premium Lager, Anaheim, CA (ABV 4.2%)",14.25,disney-california-adventure/wine-country-trattoria
2026-09-26,Wine Country Trattoria,Disney California Adventure,"Peroni, Nastro Azzurro","Beer, Cider and Seltzer",Lunch; Dinner,"Italian Pale Lager, Rome, Italy (5% ABV)",12.75,disney-california-adventure/wine-country-trattoria
2026-09-26,Wine Country Trattoria,Disney California Adventure,North Coast PranQster,"Beer, Cider and Seltzer",Lunch; Dinner,"Belgian-style Golden Ale, Fort Bragg, CA (7.5% ABV, 20 IBU)",14.25,disney-california-adventure/wine-country-trattoria
2026-09-26,Wine Country Trattoria,Disney California Adventure,Athletic Brewing Co. Run Wild,"Beer, Cider and Seltzer",Lunch; Dinner,"Non-Alcoholic IPA, San Diego, CA (ABV &lt; 0.5%)",12.75,disney-california-adventure/wine-country-trattoria
2026-09-26,Wine Country Trattoria,Disney California Adventure,Karl Strauss® Brewing Co. Cherry Cola Hard Seltzer,"Beer, Cider and Seltzer",Lunch; Dinner,"San Diego, CA (ABV 5.0%)",12.75,disney-california-adventure/wine-country-trattoria
2026-09-26,Wine Country Trattoria,Disney California Adventure,Wine Flight - Tour of Italy,Wine Flights,Lunch; Dinner,"Placido Pinot Grigio, Veneto, Italy; Campolieti Valpolicella Ripasso, Veneto, Italy; San Michele a Torri Chianti Classico, Italy",23.00,disney-california-adventure/wine-country-trattoria
2026-09-26,Wine Country Trattoria,Disney California Adventure,Wine Flight - California Wine Country,Wine Flights,Lunch; Dinner,"Honig Vineyards Sauvignon Blanc, Napa Valley; MacMurray Estate Vineyards Pinot Noir, Russian River Valley; Schweiger Family Cabernet Sauvignon, Spring Mountain District",25.00,disney-california-adventure/wine-country-trattoria
2026-09-26,Wine Country Trattoria,Disney California Adventure,"Moët & Chandon, Brut Imperial Champagne, France",Sparkling and White Wine,Lunch; Dinner,,105.00,disney-california-adventure/wine-country-trattoria
2026-09-26,Wine Country Trattoria,Disney California Adventure,"La Marca Prosecco, Veneto, Italy",Sparkling and White Wine,Lunch; Dinner,,62.00,disney-california-adventure/wine-country-trattoria
2026-09-26,Wine Country Trattoria,Disney California Adventure,"Daou Rosé, Discovery",Sparkling and White Wine,Lunch; Dinner,Paso Robles,77.00,disney-california-adventure/wine-country-trattoria
2026-09-26,Wine Country Trattoria,Disney California Adventure,"Placido, Pinot Grigio, Veneto",Sparkling and White Wine,Lunch; Dinner,,56.00,disney-california-adventure/wine-country-trattoria
2026-09-26,Wine Country Trattoria,Disney California Adventure,"Honig Vineyards, Sauvignon Blanc, Napa Valley",Sparkling and White Wine,Lunch; Dinner,,67.00,disney-california-adventure/wine-country-trattoria
2026-09-26,Wine Country Trattoria,Disney California Adventure,"Chalk Hill, Chardonnay, Sonoma Coast",Sparkling and White Wine,Lunch; Dinner,,89.00,disney-california-adventure/wine-country-trattoria
2026-09-26,Wine Country Trattoria,Disney California Adventure,"Chateau Montelena, Chardonnay, Napa Valley",Sparkling and White Wine,Lunch; Dinner,,80.00,disney-california-adventure/wine-country-trattoria
2026-09-26,Wine Country Trattoria,Disney California Adventure,"Michele Chiarlo, Nivole Moscato D’Asti, Piedmont, Italy",Sparkling and White Wine,Lunch; Dinner,,61.00,disney-california-adventure/wine-country-trattoria
2026-09-26,Wine Country Trattoria,Disney California Adventure,"Dr. Loosen, Riesling",Sparkling and White Wine,Lunch; Dinner,"Mosel, Germany",61.00,disney-california-adventure/wine-country-trattoria
2026-09-26,Wine Country Trattoria,Disney California Adventure,"MacMurray Estate Vineyards, Russian River Valley",Red Wine,Lunch; Dinner,,72.00,disney-california-adventure/wine-country-trattoria
2026-09-26,Wine Country Trattoria,Disney California Adventure,"Canyon Road, Merlot, California",Red Wine,Lunch; Dinner,,56.00,disney-california-adventure/wine-country-trattoria
2026-09-26,Wine Country Trattoria,Disney California Adventure,"Schweiger Family, Cabernet Sauvignon, Spring Mountain District",Red Wine,Lunch; Dinner,,89.00,disney-california-adventure/wine-country-trattoria
2026-09-26,Wine Country Trattoria,Disney California Adventure,"Silverado, Cabernet Sauvignon, Napa Valley",Red Wine,Lunch; Dinner,,94.00,disney-california-adventure/wine-country-trattoria
2026-09-26,Wine Country Trattoria,Disney California Adventure,San Michele a Torri Chianti Classico,Red Wine,Lunch; Dinner,Italy,67.00,disney-california-adventure/wine-country-trattoria
2026-09-26,Wine Country Trattoria,Disney California Adventure,"Campolieti Valpolicella Ripasso, Venetia, Italy",Red Wine,Lunch; Dinner,,56.00,disney-california-adventure/wine-country-trattoria
2026-09-26,Wine Country Trattoria,Disney California Adventure,"Saldo Zinfandel, Northern California",Red Wine,Lunch; Dinner,,70.00,disney-california-adventure/wine-country-trattoria
2026-09-26,Sonoma Terrace,Disney California Adventure,Bavarian Pretzel,Favorites,Lounge; Special,,8.25,disney-california-adventure/sonoma-terrace
2026-09-26,Sonoma Terrace,Disney California Adventure,Cheese Cup,Favorites,Lounge; Special,,1.50,disney-california-adventure/sonoma-terrace
2026-09-26,Sonoma Terrace,Disney California Adventure,Michelada with Calidad Cerveza,Cocktails,Lounge; Special,,19.75,disney-california-adventure/sonoma-terrace
2026-09-26,Sonoma Terrace,Disney California Adventure,Michelada with Donna's Pickle Beer,Cocktails,Lounge; Special,,19.75,disney-california-adventure/sonoma-terrace
2026-09-26,Sonoma Terrace,Disney California Adventure,"Craftwell Cocktails, Prickly Pear Margarita",Cocktails,Lounge; Special,"Corvallis, OR (ABV 8.5%)",15.50,disney-california-adventure/sonoma-terrace
2026-09-26,Sonoma Terrace,Disney California Adventure,Craftwell Hibiscus Lemonade,Cocktails,Lounge; Special,Flavors of Hibiscus and Lemons (ABV 10.5%),17.00,disney-california-adventure/sonoma-terrace
2026-09-26,Sonoma Terrace,Disney California Adventure,Pineapple Passion,Cocktails,Lounge; Special,White Rum with flavors of Pineapple and Passionfruit,19.50,disney-california-adventure/sonoma-terrace
2026-09-26,Sonoma Terrace,Disney California Adventure,Enegren Brewing Oktoberfest,Draft Beer,Lounge; Special,Bavarian Style Marzen (ABV 5.5%),17.25,disney-california-adventure/sonoma-terrace
2026-09-26,Sonoma Terrace,Disney California Adventure,"Homage Brewing, Inn Between Lager",Draft Beer,Lounge; Special,"Premium American Lager, Pomona, CA (ABV 4.5%)",15.75,disney-california-adventure/sonoma-terrace
2026-09-26,Sonoma Terrace,Disney California Adventure,"Study Break, Strawburst Hard Seltzer",Draft Beer,Lounge; Special,"Gardena, CA (ABV 6.5%)",15.75,disney-california-adventure/sonoma-terrace
2026-09-26,Sonoma Terrace,Disney California Adventure,"Skyduster Beer, Citrus Wit",Draft Beer,Lounge; Special,"Wheat Beer, Los Angeles, CA (5% ABV)",15.75,disney-california-adventure/sonoma-terrace
2026-09-26,Sonoma Terrace,Disney California Adventure,Two Coast Brewing Hefeweizen,Draft Beer,Lounge; Special,"Gardena, CA (ABV 5.1%)",15.75,disney-california-adventure/sonoma-terrace
2026-09-26,Sonoma Terrace,Disney California Adventure,Green Cheek Beer Co WC IPA,Draft Beer,Lounge; Special,"West Coast IPA, Orange, CA (ABV 7.2%)",14.25,disney-california-adventure/sonoma-terrace
2026-09-26,Sonoma Terrace,Disney California Adventure,Study Break Blast of Baja Hard Seltzer,Draft Beer,Lounge; Special,"Los Angeles, CA 6.5% ABV",15.75,disney-california-adventure/sonoma-terrace
2026-09-26,Sonoma Terrace,Disney California Adventure,Calidad Cerveza Mexican-style Lager,Draft Beer,Lounge; Special,Santa Barbara (ABV 4.5%),15.75,disney-california-adventure/sonoma-terrace
2026-09-26,Sonoma Terrace,Disney California Adventure,"Unsung Brewing, Carina Hazy Double IPA",Draft Beer,Lounge; Special,Anaheim (ABV 8.7%),15.75,disney-california-adventure/sonoma-terrace
2026-09-26,Sonoma Terrace,Disney California Adventure,"Bottle Logic Brewing, 714 Blonde Ale, Anaheim, CA",Draft Beer,Lounge; Special,"Crisp and clean 2-Row barley and a dash of Honey Malt build, citrusy hop profile derived from a combination of Cascade, Simcoe, and Willamette (ABV 4.8%)",15.75,disney-california-adventure/sonoma-terrace
2026-09-26,Sonoma Terrace,Disney California Adventure,2 Towns Seasonal Cider,Bottled Beer and Hard Cider,Lounge; Special,"Corvallis, OR (ABV 5.3%)",15.75,disney-california-adventure/sonoma-terrace
2026-09-26,Sonoma Terrace,Disney California Adventure,Donna's Pickle Beer,Bottled Beer and Hard Cider,Lounge; Special,"Golden Lager, Chicago, IL (ABV 4.4%)",15.75,disney-california-adventure/sonoma-terrace
2026-09-26,Sonoma Terrace,Disney California Adventure,"ACE Hard Cider, Seasonal Selection",Bottled Beer and Hard Cider,Lounge; Special,"Apple Cider, Sebastopol (ABV 5.0%)",13.75,disney-california-adventure/sonoma-terrace
2026-09-26,Sonoma Terrace,Disney California Adventure,Fieldwork Day Money Non-Alcoholic Grapefruit Blonde Ale,Bottled Beer and Hard Cider,Lounge; Special,"Non-Alcoholic Golden Ale with subtle Malt profile, light Fruity hoppiness, and exceptionally bright finish of Grapefruit (ABV &lt;0.5%)",15.75,disney-california-adventure/sonoma-terrace
2026-09-26,Sonoma Terrace,Disney California Adventure,Wiens Pink Crowded Rosé,Wine Selections,Lounge; Special,"Temecula, CA",16.00,disney-california-adventure/sonoma-terrace
2026-09-26,Sonoma Terrace,Disney California Adventure,"Francis Coppola, Sofia Brut Rosé",Wine Selections,Lounge; Special,Monterey County,13.00,disney-california-adventure/sonoma-terrace
2026-09-26,Sonoma Terrace,Disney California Adventure,"Chandon Brut, Sparkling Wine",Wine Selections,Lounge; Special,California,16.00,disney-california-adventure/sonoma-terrace
2026-09-26,Sonoma Terrace,Disney California Adventure,"Chalk Hill, Chardonnay",Wine Selections,Lounge; Special,Sonoma Coast,21.00,disney-california-adventure/sonoma-terrace
2026-09-26,Sonoma Terrace,Disney California Adventure,"Duckhorn, Sauvignon Blanc",Wine Selections,Lounge; Special,North Coast,17.00,disney-california-adventure/sonoma-terrace
2026-09-26,Sonoma Terrace,Disney California Adventure,"Garnet, Pinot Noir",Wine Selections,Lounge; Special,Monterey,15.00,disney-california-adventure/sonoma-terrace
2026-09-26,Sonoma Terrace,Disney California Adventure,"Sebastiani, Cabernet Sauvignon",Wine Selections,Lounge; Special,Sonoma County,14.00,disney-california-adventure/sonoma-terrace
2026-09-26,Sonoma Terrace,Disney California Adventure,Bottled Coca-Cola®,Beverages,Lounge; Special,,5.50,disney-california-adventure/sonoma-terrace
2026-09-26,Sonoma Terrace,Disney California Adventure,Bottled Diet Coke®,Beverages,Lounge; Special,,5.50,disney-california-adventure/sonoma-terrace
2026-09-26,Sonoma Terrace,Disney California Adventure,Bottled Sprite®,Beverages,Lounge; Special,,5.50,disney-california-adventure/sonoma-terrace
2026-09-26,Sonoma Terrace,Disney California Adventure,DASANI® Bottled Water,Beverages,Lounge; Special,,5.00,disney-california-adventure/sonoma-terrace
2026-09-26,Ghirardelli® Soda Fountain and Chocolate Shop,Disney California Adventure,World Famous Hot Fudge Sundae,Sundaes,Special; Snack,"Vanilla Ice Cream with Hot Fudge, Whipped Cream, Diced Almonds, a Cherry, and one of our Milk Chocolate Caramel SQUARES®.",19.50,disney-california-adventure/ghirardelli-soda-fountain-and-chocolate-shop
2026-09-26,Ghirardelli® Soda Fountain and Chocolate Shop,Disney California Adventure,Magical Hot Fudge Sundae,Sundaes,Special; Snack,"Vanilla Ice Cream and Hot Fudge topped with Whipped Cream, Sprinkles, and Dipped Waffle ears.",22.50,disney-california-adventure/ghirardelli-soda-fountain-and-chocolate-shop
2026-09-26,Ghirardelli® Soda Fountain and Chocolate Shop,Disney California Adventure,Ocean Beach Sea Salt Caramel Sundae,Sundaes,Special; Snack,"Caramel sauce, Vanilla Ice Cream, Milk or Dark Chocolate Hot Fudge, Whipped Cream, Sea Salt, and one of our Milk or Dark Chocolate Sea Salt Caramel SQUARES®",19.50,disney-california-adventure/ghirardelli-soda-fountain-and-chocolate-shop
2026-09-26,Ghirardelli® Soda Fountain and Chocolate Shop,Disney California Adventure,Chocolate Lover's Hot Fudge Sundae,Sundaes,Special; Snack,"Chocolate Ice Cream, Hot Fudge, Whipped Cream, Mini Chocolate Chips, Chocolate Sauce, and one of our Milk Chocolate SQUARES® .",19.50,disney-california-adventure/ghirardelli-soda-fountain-and-chocolate-shop
2026-09-26,Ghirardelli® Soda Fountain and Chocolate Shop,Disney California Adventure,Gold Rush Caramel Almond Sundae,Sundaes,Special; Snack,"Vanilla Ice Cream, with Caramel sauce, Whipped Cream, Diced Almonds, and one of our White Chocolate Caramel SQUARES®.",19.50,disney-california-adventure/ghirardelli-soda-fountain-and-chocolate-shop
2026-09-26,Ghirardelli® Soda Fountain and Chocolate Shop,Disney California Adventure,Mint Bliss Hot Fudge Sundae,Sundaes,Special; Snack,"Mint Chocolate Chip and Chocolate Ice Cream with Hot Fudge, Whipped Cream and one of our Dark Chocolate Mint SQUARES®",19.50,disney-california-adventure/ghirardelli-soda-fountain-and-chocolate-shop
2026-09-26,Ghirardelli® Soda Fountain and Chocolate Shop,Disney California Adventure,Strawberry Passion Hot Fudge Sundae,Sundaes,Special; Snack,"Strawberry and Vanilla Ice Cream, Sweetened Strawberries, and Hot Fudge with Whipped Cream and a Dipped Strawberry.",22.50,disney-california-adventure/ghirardelli-soda-fountain-and-chocolate-shop
2026-09-26,Ghirardelli® Soda Fountain and Chocolate Shop,Disney California Adventure,Non-Dairy Hot Fudge Sundae,Sundaes,Special; Snack,"Layers of Non-Dairy Hot Fudge, Vanilla Coconut scoops, and Whipped Topping with Diced Almonds, a Cherry, and one of our 72% Cacao Dark Chocolate SQUARES®",23.50,disney-california-adventure/ghirardelli-soda-fountain-and-chocolate-shop
2026-09-26,Ghirardelli® Soda Fountain and Chocolate Shop,Disney California Adventure,Cookie Crumble Hot Fudge Sundae,Sundaes,Special; Snack,"Cookie Dough, Cookies ‘n Cream, and Vanilla Ice Cream with Hot Fudge, Whipped Cream, Mini Chocolate Chips, and Cookie Crumbles.",25.50,disney-california-adventure/ghirardelli-soda-fountain-and-chocolate-shop
2026-09-26,Ghirardelli® Soda Fountain and Chocolate Shop,Disney California Adventure,Lands End Salted Caramel Brownie Sundae,Sundaes,Special; Snack,"A warm Brownie on Vanilla Ice Cream with Hot Fudge, Sea Salt, Caramel sauce, Whipped Cream, and a Cherry.",25.50,disney-california-adventure/ghirardelli-soda-fountain-and-chocolate-shop
2026-09-26,Ghirardelli® Soda Fountain and Chocolate Shop,Disney California Adventure,Golden Gate Banana Split,Sundaes,Special; Snack,"Vanilla, Strawberry, and Chocolate Ice Cream with Crushed Pineapple, Sweetened Strawberries and Hot Fudge on a Banana with Whipped Cream, Diced Almonds, and a Cherry.",25.50,disney-california-adventure/ghirardelli-soda-fountain-and-chocolate-shop
2026-09-26,Ghirardelli® Soda Fountain and Chocolate Shop,Disney California Adventure,Waffle Bowl Hot Fudge Sundae,Sundaes,Special; Snack,Our world famous Hot Fudge Sundae in a Handmade Dipped Waffle Bowl.,23.50,disney-california-adventure/ghirardelli-soda-fountain-and-chocolate-shop
2026-09-26,Ghirardelli® Soda Fountain and Chocolate Shop,Disney California Adventure,Treasure Island Warm Brownie Sundae,Sundaes,Special; Snack,"A warm Brownie half, Vanilla Ice Cream, and Hot Fudge topped with Whipped Cream, Diced Almonds, and a Cherry.",22.50,disney-california-adventure/ghirardelli-soda-fountain-and-chocolate-shop
2026-09-26,Ghirardelli® Soda Fountain and Chocolate Shop,Disney California Adventure,Waffle Cone Mini Hot Fudge Sundae,Sundaes,Special; Snack,Our Mini Hot Fudge Sundae in a Handmade Dipped Waffle Cone.,20.50,disney-california-adventure/ghirardelli-soda-fountain-and-chocolate-shop
2026-09-26,Ghirardelli® Soda Fountain and Chocolate Shop,Disney California Adventure,Mini Hot Fudge Sundae,Sundaes,Special; Snack,"A scoop of Vanilla Ice Cream and Hot Fudge topped with Whipped Cream, Diced Almonds, a Cherry, and one of our Milk Chocolate Caramel SQUARES® .",16.50,disney-california-adventure/ghirardelli-soda-fountain-and-chocolate-shop
2026-09-26,Ghirardelli® Soda Fountain and Chocolate Shop,Disney California Adventure,Frozen Hot Cocoa,Shakes,Special; Snack,"Hot Cocoa mix blended with Milk and Ice, topped with Whipped Cream and Mini Chocolate Chips.",14.50,disney-california-adventure/ghirardelli-soda-fountain-and-chocolate-shop
2026-09-26,Ghirardelli® Soda Fountain and Chocolate Shop,Disney California Adventure,Nob Hill Chill,Shakes,Special; Snack,"Vanilla Ice Cream blended with Milk, Ice, and Hot Fudge and topped with Mini Chocolate Chips.",14.50,disney-california-adventure/ghirardelli-soda-fountain-and-chocolate-shop
2026-09-26,Ghirardelli® Soda Fountain and Chocolate Shop,Disney California Adventure,Caramel Quake Shake,Shakes,Special; Snack,"A Vanilla Milkshake blended with three Milk Chocolate Caramel SQUARES® , topped with Whipped Cream and Caramel sauce.",14.50,disney-california-adventure/ghirardelli-soda-fountain-and-chocolate-shop
2026-09-26,Ghirardelli® Soda Fountain and Chocolate Shop,Disney California Adventure,Thick Shake - Small,Shakes,Special; Snack,"Thick, cold, and creamy. Vanilla, Strawberry, or Chocolate Lover's.",14.50,disney-california-adventure/ghirardelli-soda-fountain-and-chocolate-shop
2026-09-26,Ghirardelli® Soda Fountain and Chocolate Shop,Disney California Adventure,Thick Shake - Medium,Shakes,Special; Snack,"Thick, cold, and creamy. Vanilla, Strawberry, or Chocolate Lover's.",15.50,disney-california-adventure/ghirardelli-soda-fountain-and-chocolate-shop
2026-09-26,Ghirardelli® Soda Fountain and Chocolate Shop,Disney California Adventure,Thick Shake - Large,Shakes,Special; Snack,"Thick, cold, and creamy. Vanilla, Strawberry, or Chocolate Lover's.",16.50,disney-california-adventure/ghirardelli-soda-fountain-and-chocolate-shop
2026-09-26,Ghirardelli® Soda Fountain and Chocolate Shop,Disney California Adventure,Classic Hot Cocoa - Small,Hot Cocoa,Special; Snack,A luxuriously deep Chocolate flavor comes through in our Hot Cocoa topped with Whipped Cream and dusted with Cocoa powder. Served with one of our Milk Chocolate Caramel SQUARES®,8.75,disney-california-adventure/ghirardelli-soda-fountain-and-chocolate-shop
2026-09-26,Ghirardelli® Soda Fountain and Chocolate Shop,Disney California Adventure,Classic Hot Cocoa - Medium,Hot Cocoa,Special; Snack,A luxuriously deep Chocolate flavor comes through in our Hot Cocoa topped with Whipped Cream and dusted with Cocoa powder. Served with one of our Milk Chocolate Caramel SQUARES®.,9.50,disney-california-adventure/ghirardelli-soda-fountain-and-chocolate-shop
2026-09-26,Ghirardelli® Soda Fountain and Chocolate Shop,Disney California Adventure,Classic Hot Cocoa - Large,Hot Cocoa,Special; Snack,A luxuriously deep Chocolate flavor comes through in our Hot Cocoa topped with Whipped Cream and dusted with Cocoa powder. Served with one of our Milk Chocolate Caramel SQUARES®.,9.95,disney-california-adventure/ghirardelli-soda-fountain-and-chocolate-shop
2026-09-26,Ghirardelli® Soda Fountain and Chocolate Shop,Disney California Adventure,Sea Salt Caramel Hot Cocoa - Small,Hot Cocoa,Special; Snack,"Our Classic Hot Cocoa with the added creaminess of Caramel, topped with Whipped Cream, Sea Salt, and Caramel sauce. Served with one of our Dark Sea Salt Caramel SQUARES®.",8.75,disney-california-adventure/ghirardelli-soda-fountain-and-chocolate-shop
2026-09-26,Ghirardelli® Soda Fountain and Chocolate Shop,Disney California Adventure,Sea Salt Caramel Hot Cocoa - Medium,Hot Cocoa,Special; Snack,"Our Classic Hot Cocoa with the added creaminess of Caramel, topped with Whipped Cream, Sea Salt, and Caramel sauce. Served with one of our Dark Sea Salt Caramel SQUARES®.",9.50,disney-california-adventure/ghirardelli-soda-fountain-and-chocolate-shop
2026-09-26,Ghirardelli® Soda Fountain and Chocolate Shop,Disney California Adventure,Sea Salt Caramel Hot Cocoa - Large,Hot Cocoa,Special; Snack,"Our Classic Hot Cocoa with the added creaminess of Caramel, topped with Whipped Cream, Sea Salt, and Caramel sauce. Served with one of our Dark Sea Salt Caramel SQUARES®.",9.95,disney-california-adventure/ghirardelli-soda-fountain-and-chocolate-shop
2026-09-26,Ghirardelli® Soda Fountain and Chocolate Shop,Disney California Adventure,Chocolate Brownie,Sweet Treats,Special; Snack,,6.95,disney-california-adventure/ghirardelli-soda-fountain-and-chocolate-shop
2026-09-26,Ghirardelli® Soda Fountain and Chocolate Shop,Disney California Adventure,Chocolate Chip Cookie,Sweet Treats,Special; Snack,,6.95,disney-california-adventure/ghirardelli-soda-fountain-and-chocolate-shop
2026-09-26,Ghirardelli® Soda Fountain and Chocolate Shop,Disney California Adventure,Dipped Strawberry,Sweet Treats,Special; Snack,,6.95,disney-california-adventure/ghirardelli-soda-fountain-and-chocolate-shop
2026-09-26,Ghirardelli® Soda Fountain and Chocolate Shop,Disney California Adventure,Frozen Mocha - Medium,Coffee & More,Special; Snack,"Chocolate Frappé mix, Chocolate Sauce, Espresso, and Milk blended with Ice topped with Whipped Cream and Mini Chocolate Chips.",12.95,disney-california-adventure/ghirardelli-soda-fountain-and-chocolate-shop
2026-09-26,Ghirardelli® Soda Fountain and Chocolate Shop,Disney California Adventure,Frozen Mocha - Large,Coffee & More,Special; Snack,"Chocolate Frappé mix, Chocolate Sauce, Espresso, and Milk blended with Ice topped with Whipped Cream and Mini Chocolate Chips.",13.95,disney-california-adventure/ghirardelli-soda-fountain-and-chocolate-shop
2026-09-26,Ghirardelli® Soda Fountain and Chocolate Shop,Disney California Adventure,Frozen Vanilla Caramel Latte - Medium,Coffee & More,Special; Snack,"Vanilla Frappé mix, Caramel sauce, Espresso, and Milk blended with Ice topped with Whipped Cream and Caramel sauce.",12.95,disney-california-adventure/ghirardelli-soda-fountain-and-chocolate-shop
2026-09-26,Ghirardelli® Soda Fountain and Chocolate Shop,Disney California Adventure,Frozen Vanilla Caramel Latte - Large,Coffee & More,Special; Snack,"Vanilla Frappé mix, Caramel sauce, Espresso, and Milk blended with Ice topped with Whipped Cream and Caramel sauce.",13.95,disney-california-adventure/ghirardelli-soda-fountain-and-chocolate-shop
2026-09-26,Ghirardelli® Soda Fountain and Chocolate Shop,Disney California Adventure,Mocha - Small,Coffee & More,Special; Snack,Hot or Iced,8.95,disney-california-adventure/ghirardelli-soda-fountain-and-chocolate-shop
2026-09-26,Ghirardelli® Soda Fountain and Chocolate Shop,Disney California Adventure,Mocha - Medium,Coffee & More,Special; Snack,Hot or Iced,9.75,disney-california-adventure/ghirardelli-soda-fountain-and-chocolate-shop
2026-09-26,Ghirardelli® Soda Fountain and Chocolate Shop,Disney California Adventure,Mocha - Large,Coffee & More,Special; Snack,Hot or Iced,10.25,disney-california-adventure/ghirardelli-soda-fountain-and-chocolate-shop
2026-09-26,Ghirardelli® Soda Fountain and Chocolate Shop,Disney California Adventure,Latte - Small,Coffee & More,Special; Snack,Hot or Iced. Flavor options: Caramel or Vanilla.,7.95,disney-california-adventure/ghirardelli-soda-fountain-and-chocolate-shop
2026-09-26,Ghirardelli® Soda Fountain and Chocolate Shop,Disney California Adventure,Latte - Medium,Coffee & More,Special; Snack,Hot or Iced. Flavor options: Caramel or Vanilla.,8.75,disney-california-adventure/ghirardelli-soda-fountain-and-chocolate-shop
2026-09-26,Ghirardelli® Soda Fountain and Chocolate Shop,Disney California Adventure,Latte - Large,Coffee & More,Special; Snack,Hot or Iced. Flavor options: Caramel or Vanilla.,9.25,disney-california-adventure/ghirardelli-soda-fountain-and-chocolate-shop
2026-09-26,Ghirardelli® Soda Fountain and Chocolate Shop,Disney California Adventure,Americano - Small,Coffee & More,Special; Snack,Hot or Iced,5.95,disney-california-adventure/ghirardelli-soda-fountain-and-chocolate-shop
2026-09-26,Ghirardelli® Soda Fountain and Chocolate Shop,Disney California Adventure,Americano - Medium,Coffee & More,Special; Snack,Hot or Iced,6.50,disney-california-adventure/ghirardelli-soda-fountain-and-chocolate-shop
2026-09-26,Ghirardelli® Soda Fountain and Chocolate Shop,Disney California Adventure,Americano - Large,Coffee & More,Special; Snack,Hot or Iced,6.95,disney-california-adventure/ghirardelli-soda-fountain-and-chocolate-shop
2026-09-26,Ghirardelli® Soda Fountain and Chocolate Shop,Disney California Adventure,Sodas - Small,Coffee & More,Special; Snack,,5.50,disney-california-adventure/ghirardelli-soda-fountain-and-chocolate-shop
2026-09-26,Ghirardelli® Soda Fountain and Chocolate Shop,Disney California Adventure,Sodas - Medium,Coffee & More,Special; Snack,,5.95,disney-california-adventure/ghirardelli-soda-fountain-and-chocolate-shop
2026-09-26,Ghirardelli® Soda Fountain and Chocolate Shop,Disney California Adventure,Sodas - Large,Coffee & More,Special; Snack,,6.50,disney-california-adventure/ghirardelli-soda-fountain-and-chocolate-shop
2026-09-26,Ghirardelli® Soda Fountain and Chocolate Shop,Disney California Adventure,Bottled Water,Coffee & More,Special; Snack,,5.50,disney-california-adventure/ghirardelli-soda-fountain-and-chocolate-shop
2026-09-26,Ghirardelli® Soda Fountain and Chocolate Shop,Disney California Adventure,Sparkling Bottled Water,Coffee & More,Special; Snack,,6.50,disney-california-adventure/ghirardelli-soda-fountain-and-chocolate-shop
2026-09-26,Aunt Cass Café,Disney California Adventure,Chocolate-Raspberry Cold Brew,Seasonal Offerings,Lunch And Dinner; Special,Joffrey’s™ Cold Brew Coffee with Raspberry Foam Topper,7.99,disney-california-adventure/aunt-cass-cafe
2026-09-26,Aunt Cass Café,Disney California Adventure,Megabot Sipper,Seasonal Offerings,Lunch And Dinner; Special,"includes choice of Fountain Beverage at time of purchase. Limit two (2) per person, per transaction. No discounts apply.",23.29,disney-california-adventure/aunt-cass-cafe
2026-09-26,Aunt Cass Café,Disney California Adventure,Chicken Pot Pie Soup,Café Specialties,Lunch And Dinner; Special,Chicken Pot Pie in a Bread Bowl,13.99,disney-california-adventure/aunt-cass-cafe
2026-09-26,Aunt Cass Café,Disney California Adventure,Chicken Ginger - Sesame Tofu Salad,Café Specialties,Lunch And Dinner; Special,"Marinated Tofu, Romaine Lettuce and Ginger-Sesame Dressing",18.79,disney-california-adventure/aunt-cass-cafe
2026-09-26,Aunt Cass Café,Disney California Adventure,San Fransokyo Clam Chowder,Café Specialties,Lunch And Dinner; Special,"Creamy Clam Chowder with Bacon, Potatoes and a hint of White Miso",13.99,disney-california-adventure/aunt-cass-cafe
2026-09-26,Aunt Cass Café,Disney California Adventure,Creamy Mac & Cheese,Café Specialties,Lunch And Dinner; Special,served in a Sourdough Bread Bowl,13.99,disney-california-adventure/aunt-cass-cafe
2026-09-26,Aunt Cass Café,Disney California Adventure,Turkey Pesto Sandwich,Café Specialties,Lunch And Dinner; Special,"Roasted Turkey Breast, Pesto Aïoli, Havarti, Bacon, Arugula and Tomato on Dutch Crunch Bread, served with Potato Chips",13.99,disney-california-adventure/aunt-cass-cafe
2026-09-26,Aunt Cass Café,Disney California Adventure,Vampire Mickey-shaped Sourdough Bread,Plant-Based,Lunch And Dinner; Special,Boudin® Sourdough Bread,14.99,disney-california-adventure/aunt-cass-cafe
2026-09-26,Aunt Cass Café,Disney California Adventure,Ginger-Sesame Tofu Salad,Plant-Based,Lunch And Dinner; Special,"Marinated Tofu, Romaine Lettuce and Ginger-Sesame Dressing",14.79,disney-california-adventure/aunt-cass-cafe
2026-09-26,Aunt Cass Café,Disney California Adventure,Dutch Crunch Baguette,Plant-Based,Lunch And Dinner; Special,,7.99,disney-california-adventure/aunt-cass-cafe
2026-09-26,Aunt Cass Café,Disney California Adventure,Baymax Bread,Plant-Based,Lunch And Dinner; Special,Freshly Baked Sourdough,14.99,disney-california-adventure/aunt-cass-cafe
2026-09-26,Aunt Cass Café,Disney California Adventure,Sourdough Mickey,Plant-Based,Lunch And Dinner; Special,freshly Baked Sourdough Mickey shape,13.99,disney-california-adventure/aunt-cass-cafe
2026-09-26,Aunt Cass Café,Disney California Adventure,Sourdough Baguette,Plant-Based,Lunch And Dinner; Special,freshly Baked Sourdough Baguette,7.99,disney-california-adventure/aunt-cass-cafe
2026-09-26,Aunt Cass Café,Disney California Adventure,Sourdough Loaf,Plant-Based,Lunch And Dinner; Special,freshly Baked Sourdough Loaf,7.99,disney-california-adventure/aunt-cass-cafe
2026-09-26,Aunt Cass Café,Disney California Adventure,Sourdough Round,Plant-Based,Lunch And Dinner; Special,freshly Baked Sourdough Round,7.99,disney-california-adventure/aunt-cass-cafe
2026-09-26,Aunt Cass Café,Disney California Adventure,Turkey Sandwich,Kids' Disney Check Meals,Lunch And Dinner; Special,"with Cuties® Mandarin Orange, Applesauce, served with choice of small DASANI® water or small Lowfat Milk. Meets Disney Nutrition Guidelines for Complete Meals without substitutions",8.49,disney-california-adventure/aunt-cass-cafe
2026-09-26,Aunt Cass Café,Disney California Adventure,Mac & Cheese,Kids' Meals,Lunch And Dinner; Special,"with Cuties® Mandarin Orange, Applesauce, served with choice of small DASANI® water or small Lowfat Milk",8.49,disney-california-adventure/aunt-cass-cafe
2026-09-26,Aunt Cass Café,Disney California Adventure,Potato Chips,Sides,Lunch And Dinner; Special,,4.29,disney-california-adventure/aunt-cass-cafe
2026-09-26,Aunt Cass Café,Disney California Adventure,Whole Fruit,Sides,Lunch And Dinner; Special,Green Apple,2.29,disney-california-adventure/aunt-cass-cafe
2026-09-26,Aunt Cass Café,Disney California Adventure,Cuties® Mandarin Orange,Sides,Lunch And Dinner; Special,,2.49,disney-california-adventure/aunt-cass-cafe
2026-09-26,Aunt Cass Café,Disney California Adventure,LAY'S® Classic Potato Chips,Sides,Lunch And Dinner; Special,,4.29,disney-california-adventure/aunt-cass-cafe
2026-09-26,Aunt Cass Café,Disney California Adventure,Taro Bread Pudding,Desserts,Lunch And Dinner; Special,"Warm Taro and White Chocolate Bread Pudding with Whipped Cream and Tapioca Spheres, served with a Coconut-Vanilla Sauce",7.99,disney-california-adventure/aunt-cass-cafe
2026-09-26,Aunt Cass Café,Disney California Adventure,Banana Caramel Bread Pudding,Desserts,Lunch And Dinner; Special,"Banana Pudding, Caramelized Butter Sauce and Whipped Topping",8.99,disney-california-adventure/aunt-cass-cafe
2026-09-26,Aunt Cass Café,Disney California Adventure,Chocolate Japanese-Style Fluffy Cheesecake,Desserts,Lunch And Dinner; Special,topped with Cherry Sauce,7.99,disney-california-adventure/aunt-cass-cafe
2026-09-26,Aunt Cass Café,Disney California Adventure,Chocolate Chip Cookie,Desserts,Lunch And Dinner; Special,,5.99,disney-california-adventure/aunt-cass-cafe
2026-09-26,Aunt Cass Café,Disney California Adventure,Sugar Cookie,Desserts,Lunch And Dinner; Special,,5.99,disney-california-adventure/aunt-cass-cafe
2026-09-26,Aunt Cass Café,Disney California Adventure,Strawberry Soju Cocktail,Alcoholic Beverages,Lunch And Dinner; Special,"Jinro Soju, Strawberry Purée and Japanese Milk Beverage",19.50,disney-california-adventure/aunt-cass-cafe
2026-09-26,Aunt Cass Café,Disney California Adventure,"Bottle Logic, Logic Light Lager, Anaheim, CA",Alcoholic Beverages,Lunch And Dinner; Special,(4.2% ABV),14.25,disney-california-adventure/aunt-cass-cafe
2026-09-26,Aunt Cass Café,Disney California Adventure,Honey Lemon-Ade,Beverages,Lunch And Dinner; Special,"Minute Maid® Lemonade Zero Sugar, Yuzu Puree with Passion Fruit and Strawberry Popping Spheres",8.49,disney-california-adventure/aunt-cass-cafe
2026-09-26,Aunt Cass Café,Disney California Adventure,Assorted Fountain Beverages - Regular,Beverages,Lunch And Dinner; Special,"Coca-Cola®, Diet Coke®, Sprite®, Fanta® Orange, Coca-Cola® Zero Sugar, Minute Maid® Zero Sugar Lemonade, Gold Peak® Sweet Iced Tea, Gold Peak® Unsweetened Iced Tea",4.99,disney-california-adventure/aunt-cass-cafe
2026-09-26,Aunt Cass Café,Disney California Adventure,Assorted Fountain Beverages - Large,Beverages,Lunch And Dinner; Special,"Coca-Cola®, Diet Coke®, Sprite®, Fanta® Orange, Coca-Cola® Zero Sugar, Minute Maid® Zero Sugar Lemonade, Gold Peak® Sweet Iced Tea, Gold Peak® Unsweetened Iced Tea",5.69,disney-california-adventure/aunt-cass-cafe
2026-09-26,Aunt Cass Café,Disney California Adventure,DASANI® Bottled Water,Beverages,Lunch And Dinner; Special,,4.79,disney-california-adventure/aunt-cass-cafe
2026-09-26,Aunt Cass Café,Disney California Adventure,Minute Maid® Apple Juice,Beverages,Lunch And Dinner; Special,,3.49,disney-california-adventure/aunt-cass-cafe
2026-09-26,Aunt Cass Café,Disney California Adventure,Lowfat Milk,Beverages,Lunch And Dinner; Special,,3.49,disney-california-adventure/aunt-cass-cafe
2026-09-26,Aunt Cass Café,Disney California Adventure,Chocolate Milk,Beverages,Lunch And Dinner; Special,,4.99,disney-california-adventure/aunt-cass-cafe
2026-09-26,Aunt Cass Café,Disney California Adventure,Hot Cocoa,Beverages,Lunch And Dinner; Special,,5.49,disney-california-adventure/aunt-cass-cafe
2026-09-26,Port of San Fransokyo Cervecería,Disney California Adventure,Japanese Peanuts,Snack Offering,Snack; Special,,7.99,disney-california-adventure/port-of-san-fransokyo-cerveceria
2026-09-26,Port of San Fransokyo Cervecería,Disney California Adventure,Pretzel-wrapped Hot Dog,Snack Offering,Snack; Special,Pretzel-wrapped 12-inch Hot Dog with Scallions and Mustard,11.79,disney-california-adventure/port-of-san-fransokyo-cerveceria
2026-09-26,Port of San Fransokyo Cervecería,Disney California Adventure,"Karl Strauss® Brewing Company, Oktoberfest",Beer,Snack; Special,"San Diego, CA (ABV 5%)",15.75,disney-california-adventure/port-of-san-fransokyo-cerveceria
2026-09-26,Port of San Fransokyo Cervecería,Disney California Adventure,"Karl Strauss® Brewing Company, Karl's Orange Soda Hard Seltzer, San Diego, CA",Beer,Snack; Special,(ABV 6.5%),15.75,disney-california-adventure/port-of-san-fransokyo-cerveceria
2026-09-26,Port of San Fransokyo Cervecería,Disney California Adventure,"Karl Strauss® Brewing Company, Karlitos Mexican Lager",Beer,Snack; Special,"Karl Strauss® Brewing Company, Karlitos Mexican Lager (ABV 4.4%)",14.25,disney-california-adventure/port-of-san-fransokyo-cerveceria
2026-09-26,Port of San Fransokyo Cervecería,Disney California Adventure,"Karl Strauss® Brewing Company, Karlitos Mexican Lager Michelada",Beer,Snack; Special,"Karl Strauss® Brewing Company, Karlitos Mexican Lager Michelada (ABV 4.4%)",18.25,disney-california-adventure/port-of-san-fransokyo-cerveceria
2026-09-26,Port of San Fransokyo Cervecería,Disney California Adventure,"Karl Strauss® Brewing Company, Red Trolley Ale",Beer,Snack; Special,Hints of Raisins and Currants with a Deep Copper Color and Coffee Flavor (ABV 5.8%),15.75,disney-california-adventure/port-of-san-fransokyo-cerveceria
2026-09-26,Port of San Fransokyo Cervecería,Disney California Adventure,"Karl Strauss® Brewing Company, Red Trolley Ale Michelada",Beer,Snack; Special,Michelada with Karl Strauss® Red Trolley Ale,20.00,disney-california-adventure/port-of-san-fransokyo-cerveceria
2026-09-26,Port of San Fransokyo Cervecería,Disney California Adventure,"Karl Strauss® Brewing Company, Follow the Sun Lager Michelada",Beer,Snack; Special,,20.00,disney-california-adventure/port-of-san-fransokyo-cerveceria
2026-09-26,Port of San Fransokyo Cervecería,Disney California Adventure,"Karl Strauss® Brewing Company, Follow the Sun Lager",Beer,Snack; Special,"An easy, crisp, refreshing Lager with a clean, light finish (ABV 4.2%)",15.75,disney-california-adventure/port-of-san-fransokyo-cerveceria
2026-09-26,Port of San Fransokyo Cervecería,Disney California Adventure,"Karl Strauss® Brewing Company, Aurora Hoppyalis IPA",Beer,Snack; Special,"Robust Flavors and Aromas of Tropical Fruit, Pine and Tangerine with a Dry, Crisp Finish (ABV 7.0%).",15.75,disney-california-adventure/port-of-san-fransokyo-cerveceria
2026-09-26,Port of San Fransokyo Cervecería,Disney California Adventure,"Karl Strauss® Brewing Company, Frank the Dank Double IPA",Beer,Snack; Special,"A hop forward American Double IPA bursting with Pine, Orange and Tropical Aromas and flavors with a dry crisp finish (ABV 8.5%)",15.75,disney-california-adventure/port-of-san-fransokyo-cerveceria
2026-09-26,Port of San Fransokyo Cervecería,Disney California Adventure,"Karl Strauss® Brewing Company, Windansea Wheat",Beer,Snack; Special,"Aromas of Banana, Clove and a Hint of Vanilla (ABV 5.1%)",15.75,disney-california-adventure/port-of-san-fransokyo-cerveceria
2026-09-26,Port of San Fransokyo Cervecería,Disney California Adventure,Beer Flight,Beer,Snack; Special,choice of four Karl Strauss® Brewing Company Beers,18.75,disney-california-adventure/port-of-san-fransokyo-cerveceria
2026-09-26,Port of San Fransokyo Cervecería,Disney California Adventure,Fieldwork Day Money Non-Alcoholic Grapefruit Blonde Ale,Beer,Snack; Special,"Non-Alcoholic Golden Ale with a subtle Malt profile, light Fruity hoppiness, and exceptionally bright finish of Grapefruit. (ABV &lt;0.5%)",15.75,disney-california-adventure/port-of-san-fransokyo-cerveceria
2026-09-26,Port of San Fransokyo Cervecería,Disney California Adventure,DASANI® Bottled Water,Beverage,Snack; Special,,4.79,disney-california-adventure/port-of-san-fransokyo-cerveceria
2026-09-26,Lucky Fortune Cookery,Disney California Adventure,Megabot Sipper,Seasonal Offering,Lunch And Dinner; Special,"includes choice of Fountain Beverage at time of purchase. Limit two (2) per person, per transaction. No discounts apply.",23.29,disney-california-adventure/lucky-fortune-cookery
2026-09-26,Lucky Fortune Cookery,Disney California Adventure,San Fransokyo Noodle Stir-fry with Karaage-inspired Crispy Chicken,Entrées,Lunch And Dinner; Special,"Fried Tofu, Broccoli, Mushrooms, Sesame Oil and Soy Sauce",19.99,disney-california-adventure/lucky-fortune-cookery
2026-09-26,Lucky Fortune Cookery,Disney California Adventure,Teriyaki Chicken,Entrées,Lunch And Dinner; Special,with Sautéed Vegetables and Steamed Rice,12.99,disney-california-adventure/lucky-fortune-cookery
2026-09-26,Lucky Fortune Cookery,Disney California Adventure,Beef Birria Ramen,Entrées,Lunch And Dinner; Special,"with Consomé, served with House-made Birria, Soft-boiled Egg, Monterey Jack, Cilantro, Roasted Corn, Onions and Radish",15.99,disney-california-adventure/lucky-fortune-cookery
2026-09-26,Lucky Fortune Cookery,Disney California Adventure,Karaage-inspired Crispy Chicken Sandwich,Entrées,Lunch And Dinner; Special,"with Slaw and Togarashi Mayonnaise on a Potato Bun, served with Potato Chips",16.49,disney-california-adventure/lucky-fortune-cookery
2026-09-26,Lucky Fortune Cookery,Disney California Adventure,San Fransokyo Noodle Stir-fry,Plant-Based,Lunch And Dinner; Special,"Fried Tofu, Broccoli, Mushrooms, Sesame Oil and Soy Sauce",15.79,disney-california-adventure/lucky-fortune-cookery
2026-09-26,Lucky Fortune Cookery,Disney California Adventure,Add Brown Sugar Tapioca Spheres,Sides,Lunch And Dinner; Special,,0.79,disney-california-adventure/lucky-fortune-cookery
2026-09-26,Lucky Fortune Cookery,Disney California Adventure,Pot Stickers,Sides,Lunch And Dinner; Special,crispy Vegetable and Chicken Pot Stickers,8.99,disney-california-adventure/lucky-fortune-cookery
2026-09-26,Lucky Fortune Cookery,Disney California Adventure,Seasonal Baymax Macaron,Dessert,Lunch And Dinner; Special,filled with Ube Cream and Salted Caramel Chocolate Crunch Pearls,8.99,disney-california-adventure/lucky-fortune-cookery
2026-09-26,Lucky Fortune Cookery,Disney California Adventure,Kids Chicken and Rice,Kids' Disney Check Meal,Lunch And Dinner; Special,"with Vegetables, Steamed Rice and choice of small DASANI® Water or small Lowfat Milk.",8.49,disney-california-adventure/lucky-fortune-cookery
2026-09-26,Lucky Fortune Cookery,Disney California Adventure,San Fransokyo Noodle Stir-fry,Kids' Meal,Lunch And Dinner; Special,"Fried Tofu, Broccoli, Mushrooms, Sesame Oil and Soy Sauce and a small DASANI® water",8.99,disney-california-adventure/lucky-fortune-cookery
2026-09-26,Lucky Fortune Cookery,Disney California Adventure,Kids Teriyaki Chicken,Kids' Meal,Lunch And Dinner; Special,"with Sautéed Vegetables, Steamed Rice and choice of small DASANI® water or small Lowfat Milk",8.49,disney-california-adventure/lucky-fortune-cookery
2026-09-26,Lucky Fortune Cookery,Disney California Adventure,Sapporo Premium Beer,Alcoholic Beverages,Lunch And Dinner; Special,"Lager, Japan (ABV 4.9%)",15.75,disney-california-adventure/lucky-fortune-cookery
2026-09-26,Lucky Fortune Cookery,Disney California Adventure,"Brewery X, Tokyo Tea Hard Seltzer",Alcoholic Beverages,Lunch And Dinner; Special,"Anaheim, CA (ABV 10%) served over Ice",15.75,disney-california-adventure/lucky-fortune-cookery
2026-09-26,Lucky Fortune Cookery,Disney California Adventure,Three Milk Ube Tea,Beverages,Lunch And Dinner; Special,"Ube Tea with Brown Sugar Tapioca Spheres, topped with Coconut Foam",7.99,disney-california-adventure/lucky-fortune-cookery
2026-09-26,Lucky Fortune Cookery,Disney California Adventure,Baymax Sipper,Beverages,Lunch And Dinner; Special,"includes choice of Fountain Beverage at time of purchase. Limit two (2) per person, per transaction. No discounts apply.",22.99,disney-california-adventure/lucky-fortune-cookery
2026-09-26,Lucky Fortune Cookery,Disney California Adventure,Thai Tea,Beverages,Lunch And Dinner; Special,with Sea Salt Cream and Brown Sugar Tapioca Spheres,8.49,disney-california-adventure/lucky-fortune-cookery
2026-09-26,Lucky Fortune Cookery,Disney California Adventure,Hot Green Tea,Beverages,Lunch And Dinner; Special,Organic Hot Green Tea,5.49,disney-california-adventure/lucky-fortune-cookery
2026-09-26,Lucky Fortune Cookery,Disney California Adventure,Assorted Fountain Beverages - Regular,Beverages,Lunch And Dinner; Special,"Coca-Cola®, Diet Coke®, Sprite®, Coca‑Cola® Zero Sugar, Powerade® Mountain Berry Blast, Minute Maid® Zero Sugar Lemonade, Gold Peak® Sweet Iced Tea, Gold Peak® Unsweetened Iced Tea",4.99,disney-california-adventure/lucky-fortune-cookery
2026-09-26,Lucky Fortune Cookery,Disney California Adventure,Assorted Fountain Beverages - Large,Beverages,Lunch And Dinner; Special,"Coca-Cola®, Diet Coke®, Sprite®, Coca‑Cola® Zero Sugar, Powerade® Mountain Berry Blast, Minute Maid® Zero Sugar Lemonade, Gold Peak® Sweet Iced Tea, Gold Peak® Unsweetened Iced Tea",5.69,disney-california-adventure/lucky-fortune-cookery
2026-09-26,Lucky Fortune Cookery,Disney California Adventure,DASANI® Bottled Water,Beverages,Lunch And Dinner; Special,,4.79,disney-california-adventure/lucky-fortune-cookery
2026-09-26,Lucky Fortune Cookery,Disney California Adventure,Minute Maid® Apple Juice,Beverages,Lunch And Dinner; Special,,3.49,disney-california-adventure/lucky-fortune-cookery
2026-09-26,Lucky Fortune Cookery,Disney California Adventure,Lowfat Milk,Beverages,Lunch And Dinner; Special,,3.49,disney-california-adventure/lucky-fortune-cookery
2026-09-26,Cocina Cucamonga Mexican Grill,Disney California Adventure,Ube Flan Cake,Seasonal Offerings,Lunch And Dinner; Special,,7.99,disney-california-adventure/cocina-cucamonga-mexican-grill
2026-09-26,Cocina Cucamonga Mexican Grill,Disney California Adventure,Megabot Sipper,Seasonal Offerings,Lunch And Dinner; Special,"includes choice of Fountain Beverage at time of purchase. Limit two (2) per person, per transaction. No discounts apply.",23.29,disney-california-adventure/cocina-cucamonga-mexican-grill
2026-09-26,Cocina Cucamonga Mexican Grill,Disney California Adventure,QuesaBirria,Street-style Tacos and Corn,Lunch And Dinner; Special,Braised Beef and Cheese Tacos with Tomatillo Salsa and Consomé.,13.49,disney-california-adventure/cocina-cucamonga-mexican-grill
2026-09-26,Cocina Cucamonga Mexican Grill,Disney California Adventure,Carne Asada,Street-style Tacos and Corn,Lunch And Dinner; Special,Citrus-marinated Grilled Steak Tacos with Crushed Avocados and Fuego Salsa,12.99,disney-california-adventure/cocina-cucamonga-mexican-grill
2026-09-26,Cocina Cucamonga Mexican Grill,Disney California Adventure,Pollo Asado,Street-style Tacos and Corn,Lunch And Dinner; Special,Achiote-marinated Grilled Chicken Tacos with Crushed Avocados and Fuego Salsa,11.99,disney-california-adventure/cocina-cucamonga-mexican-grill
2026-09-26,Cocina Cucamonga Mexican Grill,Disney California Adventure,San Fransokyo-style Street Corn,Street-style Tacos and Corn,Lunch And Dinner; Special,"with Togarashi Mayonnaise, Queso Fresco, Furikake and Bonito Flakes, served with Spiced Wheat Chicharrones",8.99,disney-california-adventure/cocina-cucamonga-mexican-grill
2026-09-26,Cocina Cucamonga Mexican Grill,Disney California Adventure,Tacos Dorados de Papa,Plant-Based Offering,Lunch And Dinner; Special,"crispy Potato Tacos topped with Cabbage Slaw, Dairy-free Crema and Tomatillo Salsa",11.49,disney-california-adventure/cocina-cucamonga-mexican-grill
2026-09-26,Cocina Cucamonga Mexican Grill,Disney California Adventure,Frijoles Charros,Sides,Lunch And Dinner; Special,Chorizo and Bacon stewed Pinto Beans,4.49,disney-california-adventure/cocina-cucamonga-mexican-grill
2026-09-26,Cocina Cucamonga Mexican Grill,Disney California Adventure,Lime-Cilantro Rice,Sides,Lunch And Dinner; Special,,3.99,disney-california-adventure/cocina-cucamonga-mexican-grill
2026-09-26,Cocina Cucamonga Mexican Grill,Disney California Adventure,Carne Asada Taco,Kids' Disney Check Meals,Lunch And Dinner; Special,"served with a Cuties® Mandarin Orange and Applesauce, with choice of small DASANI® water or small lowfat Milk",8.99,disney-california-adventure/cocina-cucamonga-mexican-grill
2026-09-26,Cocina Cucamonga Mexican Grill,Disney California Adventure,Pollo Asado Taco,Kids' Disney Check Meals,Lunch And Dinner; Special,"served with a Cuties® Mandarin Orange and Applesauce, with choice of small DASANI® water or small lowfat Milk",8.99,disney-california-adventure/cocina-cucamonga-mexican-grill
2026-09-26,Cocina Cucamonga Mexican Grill,Disney California Adventure,Mango Agua Fresca,Beverages,Lunch And Dinner; Special,,7.49,disney-california-adventure/cocina-cucamonga-mexican-grill
2026-09-26,Cocina Cucamonga Mexican Grill,Disney California Adventure,Cucumber-Chia Agua Fresca,Beverages,Lunch And Dinner; Special,Cucumber-Chia Lime Agua Fresca,7.29,disney-california-adventure/cocina-cucamonga-mexican-grill
2026-09-26,Cocina Cucamonga Mexican Grill,Disney California Adventure,Baymax Sipper,Beverages,Lunch And Dinner; Special,"includes choice of Fountain Beverage at time of purchase. Limit two (2) per person, per transaction. No discounts apply.",22.99,disney-california-adventure/cocina-cucamonga-mexican-grill
2026-09-26,Cocina Cucamonga Mexican Grill,Disney California Adventure,Horchata Agua Fresca,Beverages,Lunch And Dinner; Special,House-made Rice and Cinnamon Beverage,7.49,disney-california-adventure/cocina-cucamonga-mexican-grill
2026-09-26,Cocina Cucamonga Mexican Grill,Disney California Adventure,Assorted Fountain Beverages - Regular,Beverages,Lunch And Dinner; Special,,4.99,disney-california-adventure/cocina-cucamonga-mexican-grill
2026-09-26,Cocina Cucamonga Mexican Grill,Disney California Adventure,Assorted Fountain Beverages - Large,Beverages,Lunch And Dinner; Special,,5.69,disney-california-adventure/cocina-cucamonga-mexican-grill
2026-09-26,Cocina Cucamonga Mexican Grill,Disney California Adventure,DASANI® Bottled Water,Beverages,Lunch And Dinner; Special,,4.79,disney-california-adventure/cocina-cucamonga-mexican-grill
2026-09-26,Cocina Cucamonga Mexican Grill,Disney California Adventure,Minute Maid® Apple Juice,Beverages,Lunch And Dinner; Special,,3.49,disney-california-adventure/cocina-cucamonga-mexican-grill
2026-09-26,Cocina Cucamonga Mexican Grill,Disney California Adventure,Chocolate Milk,Beverages,Lunch And Dinner; Special,,4.99,disney-california-adventure/cocina-cucamonga-mexican-grill
2026-09-26,Cocina Cucamonga Mexican Grill,Disney California Adventure,Lowfat Milk,Beverages,Lunch And Dinner; Special,,3.49,disney-california-adventure/cocina-cucamonga-mexican-grill
2026-09-26,Cocina Cucamonga Mexican Grill,Disney California Adventure,"Bottle Logic Brewing, Blood Orange Paloma Hard Seltzer",Alcoholic Beverages,Lunch And Dinner; Special,"Anaheim, CA (ABV 12%) served over ice.",14.25,disney-california-adventure/cocina-cucamonga-mexican-grill
2026-09-26,Cocina Cucamonga Mexican Grill,Disney California Adventure,Mango Tequila Cocktail,Alcoholic Beverages,Lunch And Dinner; Special,,19.00,disney-california-adventure/cocina-cucamonga-mexican-grill
2026-09-26,Cocina Cucamonga Mexican Grill,Disney California Adventure,"Karl Strauss® Brewing Company, Karlito's Mexican Lager, San Diego, CA",Alcoholic Beverages,Lunch And Dinner; Special,"San Diego, CA (ABV 4.4%)",14.25,disney-california-adventure/cocina-cucamonga-mexican-grill
2026-09-26,Cocina Cucamonga Mexican Grill,Disney California Adventure,"Karl Strauss® Brewing Company, Karlito's Mexican Lager Michelada",Alcoholic Beverages,Lunch And Dinner; Special,"Karl Strauss® Brewing Company, Karlito's Mexican Lager",18.50,disney-california-adventure/cocina-cucamonga-mexican-grill
2026-09-26,Cocina Cucamonga Mexican Grill,Disney California Adventure,Classic Lime Margarita,Alcoholic Beverages,Lunch And Dinner; Special,,18.00,disney-california-adventure/cocina-cucamonga-mexican-grill
2026-09-26,Cocina Cucamonga Mexican Grill,Disney California Adventure,Horchata Cocktail,Alcoholic Beverages,Lunch And Dinner; Special,Horchata Agua Fresca with Rum,19.50,disney-california-adventure/cocina-cucamonga-mexican-grill
2026-09-26,Boardwalk Pizza & Pasta,Disney California Adventure,Hades Glow Cube,Seasonal Offerings,Lunch And Dinner; Special,"Includes choice of Fountain Beverage at time of purchase. Limit Two (2) per person, per transaction. No discounts apply.",11.69,disney-california-adventure/boardwalk-pizza-pasta
2026-09-26,Boardwalk Pizza & Pasta,Disney California Adventure,Coco Lantern Sipper,Seasonal Offerings,Lunch And Dinner; Special,"includes choice of Fountain Beverage at time of purchase. Limit two (2) per person, per transaction. No discounts apply.",30.99,disney-california-adventure/boardwalk-pizza-pasta
2026-09-26,Boardwalk Pizza & Pasta,Disney California Adventure,Halloween Travel Tumbler,Seasonal Offerings,Lunch And Dinner; Special,"includes choice of Fountain Beverage at time of purchase. Limit ten (10) per person, per transaction. No discounts apply.",14.99,disney-california-adventure/boardwalk-pizza-pasta
2026-09-26,Boardwalk Pizza & Pasta,Disney California Adventure,Magic Key Ursula Straw Clip,Seasonal Offerings,Lunch And Dinner; Special,"with purchase of beverage at time of purchase. Limit one (1) per person, per Magic Key Pass, per transaction. No discounts apply.",9.49,disney-california-adventure/boardwalk-pizza-pasta
2026-09-26,Boardwalk Pizza & Pasta,Disney California Adventure,Little Green Men Jetpack Sipper,Seasonal Offerings,Lunch And Dinner; Special,"includes choice of Fountain Beverage at time of purchase. Limit two (2) per person, per transaction. No discounts apply.",29.79,disney-california-adventure/boardwalk-pizza-pasta
2026-09-26,Boardwalk Pizza & Pasta,Disney California Adventure,Spaghetti with Meatballs,Pastas,Lunch And Dinner; Special,with Pomodoro Sauce,12.99,disney-california-adventure/boardwalk-pizza-pasta
2026-09-26,Boardwalk Pizza & Pasta,Disney California Adventure,Four-Cheese Roasted Garlic Chicken Pasta,Pastas,Lunch And Dinner; Special,"Rigatoni tossed in Cream Sauce with Roasted Garlic, Asiago, Parmesan, Romano and Mozzarella",14.79,disney-california-adventure/boardwalk-pizza-pasta
2026-09-26,Boardwalk Pizza & Pasta,Disney California Adventure,Anti Vampire Pizza - Slice,Pizzas,Lunch And Dinner; Special,"Roasted Garlic marinated chicken, creamy garlic sauce, mozzarella, bacon, tomato harissa drizzle, green onions",10.49,disney-california-adventure/boardwalk-pizza-pasta
2026-09-26,Boardwalk Pizza & Pasta,Disney California Adventure,Anti Vampire Pizza - Whole,Pizzas,Lunch And Dinner; Special,"Roasted Garlic-marinated Chicken, Creamy Garlic Sauce, Mozzarella, Bacon, Tomato Harissa Drizzle and Green Onions",55.99,disney-california-adventure/boardwalk-pizza-pasta
2026-09-26,Boardwalk Pizza & Pasta,Disney California Adventure,Cheese Pizza - Slice,Pizzas,Lunch And Dinner; Special,Tomato Sauce with a generous topping of Mozzarella Cheese,9.49,disney-california-adventure/boardwalk-pizza-pasta
2026-09-26,Boardwalk Pizza & Pasta,Disney California Adventure,Cheese Pizza - Whole,Pizzas,Lunch And Dinner; Special,Tomato Sauce with a generous topping of Mozzarella Cheese,51.99,disney-california-adventure/boardwalk-pizza-pasta
2026-09-26,Boardwalk Pizza & Pasta,Disney California Adventure,Pepperoni Pizza - Slice,Pizzas,Lunch And Dinner; Special,Tomato Sauce topped with Mozzarella Cheese and slices of Pepperoni,9.99,disney-california-adventure/boardwalk-pizza-pasta
2026-09-26,Boardwalk Pizza & Pasta,Disney California Adventure,Pepperoni Pizza - Whole,Pizzas,Lunch And Dinner; Special,Tomato Sauce topped with Mozzarella Cheese and slices of Pepperoni,53.99,disney-california-adventure/boardwalk-pizza-pasta
2026-09-26,Boardwalk Pizza & Pasta,Disney California Adventure,Creamy Marinara Primavera,Plant-Based,Lunch And Dinner; Special,Rigatoni with Marinara-Coconut Cream Sauce and Seasonal Vegetables,14.79,disney-california-adventure/boardwalk-pizza-pasta
2026-09-26,Boardwalk Pizza & Pasta,Disney California Adventure,Wedge Salad,Salads,Lunch And Dinner; Special,"Wedged Lettuce, Bacon, Tomato, Ranch Blue Cheese Dressing, Pickled Onion and Crispy Onion",14.79,disney-california-adventure/boardwalk-pizza-pasta
2026-09-26,Boardwalk Pizza & Pasta,Disney California Adventure,Side Caesar Salad,Salads,Lunch And Dinner; Special,"Crisp Romaine Lettuce, Caesar Dressing, Croutons and Shaved Parmesan",5.79,disney-california-adventure/boardwalk-pizza-pasta
2026-09-26,Boardwalk Pizza & Pasta,Disney California Adventure,Caramel Apple Cheesecake,Snacks,Lunch And Dinner; Special,"Caramel Cheesecake with Apple Filling, topped with Vanilla Chantilly and Salted Caramel",7.99,disney-california-adventure/boardwalk-pizza-pasta
2026-09-26,Boardwalk Pizza & Pasta,Disney California Adventure,Cheesy Bread Sticks with Marinara Sauce,Snacks,Lunch And Dinner; Special,Cheesy Bread Sticks with Marinara Sauce,5.79,disney-california-adventure/boardwalk-pizza-pasta
2026-09-26,Boardwalk Pizza & Pasta,Disney California Adventure,A Cuties® Mandarin,Snacks,Lunch And Dinner; Special,,2.49,disney-california-adventure/boardwalk-pizza-pasta
2026-09-26,Boardwalk Pizza & Pasta,Disney California Adventure,Applesauce,Snacks,Lunch And Dinner; Special,,2.39,disney-california-adventure/boardwalk-pizza-pasta
2026-09-26,Boardwalk Pizza & Pasta,Disney California Adventure,Spaghetti with Turkey Meatballs,Kids' Disney Check Meals,Lunch And Dinner; Special,served with a Cuties® Mandarin Orange and an Applesauce with choice of small Lowfat Milk or small DASANI® Water. Meets Disney Nutrition Guidelines for Complete Meals without substitutions,8.99,disney-california-adventure/boardwalk-pizza-pasta
2026-09-26,Boardwalk Pizza & Pasta,Disney California Adventure,"Stone, Delicious Hazy IPA",Alcoholic Beverages,Lunch And Dinner; Special,"Escondido, CA (ABV 7.7%), Vegan",15.75,disney-california-adventure/boardwalk-pizza-pasta
2026-09-26,Boardwalk Pizza & Pasta,Disney California Adventure,"Brewery X, Huckleberry Seltzer",Alcoholic Beverages,Lunch And Dinner; Special,"Anaheim, CA (ABV 5%)",15.75,disney-california-adventure/boardwalk-pizza-pasta
2026-09-26,Boardwalk Pizza & Pasta,Disney California Adventure,Wither Hills Sauvignon Blanc,Alcoholic Beverages,Lunch And Dinner; Special,New Zealand Sauvignon Blanc,13.00,disney-california-adventure/boardwalk-pizza-pasta
2026-09-26,Boardwalk Pizza & Pasta,Disney California Adventure,"Garnet, Pinot Noir",Alcoholic Beverages,Lunch And Dinner; Special,Monterey,15.00,disney-california-adventure/boardwalk-pizza-pasta
2026-09-26,Boardwalk Pizza & Pasta,Disney California Adventure,Play in the Park Tumbler,Beverages,Lunch And Dinner; Special,"includes choice of Fountain Beverage at time of purchase. Limit ten (10) per person, per transaction.",19.49,disney-california-adventure/boardwalk-pizza-pasta
2026-09-26,Boardwalk Pizza & Pasta,Disney California Adventure,Assorted Fountain Beverages - Regular,Beverages,Lunch And Dinner; Special,,4.99,disney-california-adventure/boardwalk-pizza-pasta
2026-09-26,Boardwalk Pizza & Pasta,Disney California Adventure,Simply Orange® Juice,Beverages,Lunch And Dinner; Special,,5.59,disney-california-adventure/boardwalk-pizza-pasta
2026-09-26,Boardwalk Pizza & Pasta,Disney California Adventure,Minute Maid® Apple Juice Box,Beverages,Lunch And Dinner; Special,,3.49,disney-california-adventure/boardwalk-pizza-pasta
2026-09-26,Boardwalk Pizza & Pasta,Disney California Adventure,Lowfat Milk,Beverages,Lunch And Dinner; Special,,3.49,disney-california-adventure/boardwalk-pizza-pasta
2026-09-26,Boardwalk Pizza & Pasta,Disney California Adventure,Coffee,Beverages,Lunch And Dinner; Special,Regular or Decaffeinated,5.49,disney-california-adventure/boardwalk-pizza-pasta
2026-09-26,Boardwalk Pizza & Pasta,Disney California Adventure,Hot Cocoa,Beverages,Lunch And Dinner; Special,,5.49,disney-california-adventure/boardwalk-pizza-pasta
2026-09-26,Boardwalk Pizza & Pasta,Disney California Adventure,Hot Tea,Beverages,Lunch And Dinner; Special,,5.49,disney-california-adventure/boardwalk-pizza-pasta
2026-09-26,Boardwalk Pizza & Pasta,Disney California Adventure,vitaminwater®,Beverages,Lunch And Dinner; Special,,5.49,disney-california-adventure/boardwalk-pizza-pasta
2026-09-26,Jack-Jack Cookie Num Nums,Disney California Adventure,Jack-Jack Cookie Num Num,Snacks,Special; Snack,warm Chocolate Chip Cookie,9.50,disney-california-adventure/jack-jack-cookie-num-nums
2026-09-26,Jack-Jack Cookie Num Nums,Disney California Adventure,The IncrediCookie,Snacks,Special; Snack,Gluten-friendly Jam-filled Cookie,8.00,disney-california-adventure/jack-jack-cookie-num-nums
2026-09-26,Jack-Jack Cookie Num Nums,Disney California Adventure,Dunkin Donuts Grab n Go Coffee,Beverages,Special; Snack,,7.00,disney-california-adventure/jack-jack-cookie-num-nums
2026-09-26,Jack-Jack Cookie Num Nums,Disney California Adventure,Chocolate Milk - Small,Beverages,Special; Snack,,3.50,disney-california-adventure/jack-jack-cookie-num-nums
2026-09-26,Jack-Jack Cookie Num Nums,Disney California Adventure,Vanilla Almond Milk,Beverages,Special; Snack,,3.50,disney-california-adventure/jack-jack-cookie-num-nums
2026-09-26,Jack-Jack Cookie Num Nums,Disney California Adventure,Soy Milk,Beverages,Special; Snack,,3.50,disney-california-adventure/jack-jack-cookie-num-nums
2026-09-26,Jack-Jack Cookie Num Nums,Disney California Adventure,1% Milk,Beverages,Special; Snack,,3.50,disney-california-adventure/jack-jack-cookie-num-nums
2026-09-26,Jack-Jack Cookie Num Nums,Disney California Adventure,DASANI® Bottled Water,Beverages,Special; Snack,,5.25,disney-california-adventure/jack-jack-cookie-num-nums
2026-09-26,Angry Dogs,Disney California Adventure,Angry Dog,Snacks,Special; Snack,"spicy All-Beef Hot Dog with a small bag of Hot ""Fries""",10.79,disney-california-adventure/angry-dogs
2026-09-26,Angry Dogs,Disney California Adventure,Slightly Annoyed Dog,Snacks,Special; Snack,not-so-spicy Hot Dog served with Potato Chips,9.79,disney-california-adventure/angry-dogs
2026-09-26,Angry Dogs,Disney California Adventure,Assorted Bottled Beverages,Beverages,Special; Snack,,5.49,disney-california-adventure/angry-dogs
2026-09-26,Angry Dogs,Disney California Adventure,DASANI® Bottled Water,Beverages,Special; Snack,,4.79,disney-california-adventure/angry-dogs
2026-09-26,Angry Dogs,Disney California Adventure,vitaminwater®,Beverages,Special; Snack,,5.49,disney-california-adventure/angry-dogs
2026-09-26,Angry Dogs,Disney California Adventure,Firestone Walker 805 Blonde Ale,Alcoholic Beverages,Special; Snack,(ABV 4.7%),14.25,disney-california-adventure/angry-dogs
2026-09-26,Angry Dogs,Disney California Adventure,"Bottle Logic Brewing, Fuzzy Logic Hazy Peach IPA",Alcoholic Beverages,Special; Snack,(ABV 7.1%),14.25,disney-california-adventure/angry-dogs
2026-09-26,Poultry Palace,Disney California Adventure,Chicken Drumstick Box,Snacks,Snack,served with Slaw,12.49,disney-california-adventure/poultry-palace
2026-09-26,Poultry Palace,Disney California Adventure,Chimichanga,Snacks,Snack,,8.99,disney-california-adventure/poultry-palace
2026-09-26,Poultry Palace,Disney California Adventure,Jumbo Smoked Turkey Leg,Snacks,Snack,,14.49,disney-california-adventure/poultry-palace
2026-09-26,Poultry Palace,Disney California Adventure,Buttered Corn on the Cob,Snacks,Snack,,5.59,disney-california-adventure/poultry-palace
2026-09-26,Poultry Palace,Disney California Adventure,Chili-Lime Corn on the Cob,Snacks,Snack,,5.59,disney-california-adventure/poultry-palace
2026-09-26,Poultry Palace,Disney California Adventure,Large Bag of Chips,Snacks,Snack,,4.29,disney-california-adventure/poultry-palace
2026-09-26,Poultry Palace,Disney California Adventure,Assorted Coca-Cola® Bottled Beverages,Beverages,Snack,,5.49,disney-california-adventure/poultry-palace
2026-09-26,Poultry Palace,Disney California Adventure,DASANI® Bottled Water,Beverages,Snack,,4.79,disney-california-adventure/poultry-palace
2026-09-26,Poultry Palace,Disney California Adventure,vitaminwater®,Beverages,Snack,,5.49,disney-california-adventure/poultry-palace
2026-09-26,Señor Buzz Churros,Disney California Adventure,Cinnamon Super Galaxy Churro,Churros,Special; Snack,Cinnamon-Sugar Churro,7.00,disney-california-adventure/senor-buzz-churros
2026-09-26,Señor Buzz Churros,Disney California Adventure,Assorted Coca-Cola® Bottled Beverages,Beverages,Special; Snack,,5.75,disney-california-adventure/senor-buzz-churros
2026-09-26,Señor Buzz Churros,Disney California Adventure,DASANI® Bottled Water,Beverages,Special; Snack,,5.25,disney-california-adventure/senor-buzz-churros
2026-09-26,Señor Buzz Churros,Disney California Adventure,vitaminwater®,Beverages,Special; Snack,,5.75,disney-california-adventure/senor-buzz-churros
2026-09-26,Adorable Snowman Frosted Treats,Disney California Adventure,It’s Lemon!,Plant-Based Offerings,Special; Snack,"Choice of Non-Dairy Lemon, Mango or Raspberry Soft-serve in choice of Cup or Cone",7.49,disney-california-adventure/adorable-snowman-frosted-treats
2026-09-26,Adorable Snowman Frosted Treats,Disney California Adventure,It's Mango!,Plant-Based Offerings,Special; Snack,Nondairy Mango Soft-serve in choice of Cup or Cone,7.49,disney-california-adventure/adorable-snowman-frosted-treats
2026-09-26,Adorable Snowman Frosted Treats,Disney California Adventure,It's Raspberry!,Plant-Based Offerings,Special; Snack,,7.49,disney-california-adventure/adorable-snowman-frosted-treats
2026-09-26,Adorable Snowman Frosted Treats,Disney California Adventure,It's a Flight!,Plant-Based Offerings,Special; Snack,"Non-Dairy Lemon, Raspberry and Mango Soft Serve Flight",9.19,disney-california-adventure/adorable-snowman-frosted-treats
2026-09-26,Adorable Snowman Frosted Treats,Disney California Adventure,Pixar Pier Frosty Parfait,Plant-Based Offerings,Special; Snack,"with choice of Non-Dairy Lemon, Mango or Raspberry Soft Serve with Blue Raspberry Swirl",9.19,disney-california-adventure/adorable-snowman-frosted-treats
2026-09-26,Adorable Snowman Frosted Treats,Disney California Adventure,It's Lemon and Mango Swirl!,Plant-Based Offerings,Special; Snack,Nondairy Lemon and Mango Soft-serve in choice of Cup or Cone,7.49,disney-california-adventure/adorable-snowman-frosted-treats
2026-09-26,Adorable Snowman Frosted Treats,Disney California Adventure,It's Raspberry and Lemon Swirl!,Plant-Based Offerings,Special; Snack,,7.49,disney-california-adventure/adorable-snowman-frosted-treats
2026-09-26,Adorable Snowman Frosted Treats,Disney California Adventure,It's Raspberry and Mango Swirl!,Plant-Based Offerings,Special; Snack,,7.49,disney-california-adventure/adorable-snowman-frosted-treats
2026-09-26,Adorable Snowman Frosted Treats,Disney California Adventure,It's Chile-Lime Lemon!,Specialties,Special; Snack,"Non-Dairy Lemon Soft Serve with Chamoy, Chile Lime Seasoning and Diced Mango",9.19,disney-california-adventure/adorable-snowman-frosted-treats
2026-09-26,Adorable Snowman Frosted Treats,Disney California Adventure,It's Chile-Lime Raspberry!,Specialties,Special; Snack,"Non-Dairy Raspberry Soft Serve with Chamoy, Chile Lime Seasoning and Diced Mango",8.49,disney-california-adventure/adorable-snowman-frosted-treats
2026-09-26,Adorable Snowman Frosted Treats,Disney California Adventure,It's Snow Capped Lemon!,Specialties,Special; Snack,Non-Dairy Soft Serve Topped with White Chocolate,7.99,disney-california-adventure/adorable-snowman-frosted-treats
2026-09-26,Adorable Snowman Frosted Treats,Disney California Adventure,It's Snow-capped Mango!,Specialties,Special; Snack,Non-Dairy Mango Soft Serve Topped with White Chocolate,7.99,disney-california-adventure/adorable-snowman-frosted-treats
2026-09-26,Adorable Snowman Frosted Treats,Disney California Adventure,It's Snow-capped Raspberry!,Specialties,Special; Snack,Non-Dairy Raspberry Soft Serve Topped with White Chocolate,7.29,disney-california-adventure/adorable-snowman-frosted-treats
2026-09-26,Adorable Snowman Frosted Treats,Disney California Adventure,It's Chile-Lime Mango Margarita!,Alcoholic Beverages,Special; Snack,"Non-dairy Mango Soft-serve with Tequila, Chamoy, Chile-Lime Seasoning, and Diced Mango",20.00,disney-california-adventure/adorable-snowman-frosted-treats
2026-09-26,Adorable Snowman Frosted Treats,Disney California Adventure,Pixar Pier Frosty Parfait with Spiced Rum,Alcoholic Beverages,Special; Snack,"with choice of Non-Dairy Lemon, Mango or Raspberry Soft Serve with Blue Raspberry Swirl and a splash of Spiced Rum",20.00,disney-california-adventure/adorable-snowman-frosted-treats
2026-09-26,Adorable Snowman Frosted Treats,Disney California Adventure,Soft Serve with Spiced Rum,Alcoholic Beverages,Special; Snack,"Choice of Non-Dairy Lemon, Mango or Raspberry Soft Serve with a splash of Spiced Rum",19.00,disney-california-adventure/adorable-snowman-frosted-treats
2026-09-26,Adorable Snowman Frosted Treats,Disney California Adventure,DASANI® Bottled Water,Beverage,Special; Snack,,4.79,disney-california-adventure/adorable-snowman-frosted-treats
2026-09-26,Corn Dog Castle,Disney California Adventure,Halloween Travel Tumbler,Seasonal Offerings,Snack; Special,"includes choice of Fountain Beverage at time of purchase. Limit ten (10) per person, per transaction. No discounts apply.",14.99,disney-california-adventure/corn-dog-castle
2026-09-26,Corn Dog Castle,Disney California Adventure,Magic Key Ursula Straw Clip,Seasonal Offerings,Snack; Special,"with purchase of beverage at time of purchase. Limit one (1) per person, per Magic Key Pass, per transaction. No discounts apply.",9.49,disney-california-adventure/corn-dog-castle
2026-09-26,Corn Dog Castle,Disney California Adventure,Original Corn Dog,Delights of the Round Table,Snack; Special,dipped in Corn Batter and fried to a golden Brown served with Cuties® Mandarin or Small Bag of Chips,11.29,disney-california-adventure/corn-dog-castle
2026-09-26,Corn Dog Castle,Disney California Adventure,Hot-Link Corn Dog,Delights of the Round Table,Snack; Special,dipped in Corn Batter and fried to a golden brown served with Cuties® Mandarin or Small Bag of Chips,11.49,disney-california-adventure/corn-dog-castle
2026-09-26,Corn Dog Castle,Disney California Adventure,Cheddar Cheese Stick,Delights of the Round Table,Snack; Special,dipped in Corn Batter and fried to a golden Brown served with Cuties® Mandarin or Small Bag of Chips,10.49,disney-california-adventure/corn-dog-castle
2026-09-26,Corn Dog Castle,Disney California Adventure,"Bottle Logic Brewing,  Iced Tea Lemonade Hard Seltzer",Alcoholic Beverages,Snack; Special,"Anaheim, CA (ABV 5.0%)",15.75,disney-california-adventure/corn-dog-castle
2026-09-26,Corn Dog Castle,Disney California Adventure,Modelo Especial,Alcoholic Beverages,Snack; Special,"Pilsner-style Lager, 4.4% ABV, 18 IBU, Mexican Cerveza",12.75,disney-california-adventure/corn-dog-castle
2026-09-26,Corn Dog Castle,Disney California Adventure,Assorted Fountain Beverages - Regular,The Beverage Kingdom,Snack; Special,assorted Coca-Cola® offerings,4.99,disney-california-adventure/corn-dog-castle
2026-09-26,Corn Dog Castle,Disney California Adventure,Assorted Fountain Beverages - Large,The Beverage Kingdom,Snack; Special,assorted Coca-Cola® offerings,5.69,disney-california-adventure/corn-dog-castle
2026-09-26,Corn Dog Castle,Disney California Adventure,DASANI® Bottled Water,The Beverage Kingdom,Snack; Special,,4.79,disney-california-adventure/corn-dog-castle
2026-09-26,Corn Dog Castle,Disney California Adventure,Hot Tea,The Beverage Kingdom,Snack; Special,,5.49,disney-california-adventure/corn-dog-castle
2026-09-26,Corn Dog Castle,Disney California Adventure,Hot Cocoa,The Beverage Kingdom,Snack; Special,,5.49,disney-california-adventure/corn-dog-castle
2026-09-26,Corn Dog Castle,Disney California Adventure,Coffee - Regular,The Beverage Kingdom,Snack; Special,,5.49,disney-california-adventure/corn-dog-castle
2026-09-26,Corn Dog Castle,Disney California Adventure,Coffee - Decaffeinated,The Beverage Kingdom,Snack; Special,,5.49,disney-california-adventure/corn-dog-castle
2026-09-26,Bayside Brews,Disney California Adventure,Jalapeño Cheese-filled Pretzel,Snacks,Snack; Special,,7.29,disney-california-adventure/bayside-brews
2026-09-26,Bayside Brews,Disney California Adventure,Cream Cheese-filled Pretzel,Snacks,Snack; Special,,7.29,disney-california-adventure/bayside-brews
2026-09-26,Bayside Brews,Disney California Adventure,Mickey Mouse Pretzel,Snacks,Snack; Special,,6.29,disney-california-adventure/bayside-brews
2026-09-26,Bayside Brews,Disney California Adventure,Cheese Cup,Snacks,Snack; Special,,1.39,disney-california-adventure/bayside-brews
2026-09-26,Bayside Brews,Disney California Adventure,Mini Babybel® snack cheese - 3-pack,Snacks,Snack; Special,,3.49,disney-california-adventure/bayside-brews
2026-09-26,Bayside Brews,Disney California Adventure,Santa Monica Brew Works Pickle Lager,Alcoholic Beverages,Snack; Special,"Lager, Santa Monica (ABV 4.2%)",15.75,disney-california-adventure/bayside-brews
2026-09-26,Bayside Brews,Disney California Adventure,Michelada with Santa Monica Brew Works Pickle Lager,Alcoholic Beverages,Snack; Special,,18.25,disney-california-adventure/bayside-brews
2026-09-26,Bayside Brews,Disney California Adventure,Watermelon Pineapple Margarita,Alcoholic Beverages,Snack; Special,"Tequila, Watermelon Schnapps and Pineapple Juice with a Chile-Lime-seasoned Rim",19.50,disney-california-adventure/bayside-brews
2026-09-26,Bayside Brews,Disney California Adventure,Crowns & Hops The Dopest Hazy IPA,Alcoholic Beverages,Snack; Special,"Hazy IPA, Los Angeles, CA (ABV 6.8%)",15.75,disney-california-adventure/bayside-brews
2026-09-26,Bayside Brews,Disney California Adventure,Michelada with Crowns & Hops The Dopest Hazy IPA,Alcoholic Beverages,Snack; Special,,19.75,disney-california-adventure/bayside-brews
2026-09-26,Bayside Brews,Disney California Adventure,Ace Peach Hard Cider,Alcoholic Beverages,Snack; Special,(ABV 5.0%),17.25,disney-california-adventure/bayside-brews
2026-09-26,Bayside Brews,Disney California Adventure,Michelada Peach Hard Cider,Alcoholic Beverages,Snack; Special,Michelada with Ace Hard Peach Cider,21.50,disney-california-adventure/bayside-brews
2026-09-26,Bayside Brews,Disney California Adventure,"Karl Strauss® Brewing, Tower X West Coast-style IPA",Alcoholic Beverages,Snack; Special,"Classic Piney, and Fruity, Citrusy Hop Flavors. (ABV 7.3%), 60 IBU, San Diego CA",15.75,disney-california-adventure/bayside-brews
2026-09-26,Bayside Brews,Disney California Adventure,Michelada with Karl Strauss® Tower X IPA,Alcoholic Beverages,Snack; Special,,19.75,disney-california-adventure/bayside-brews
2026-09-26,Bayside Brews,Disney California Adventure,Pacifico Cerveza Clara,Alcoholic Beverages,Snack; Special,Mexican Pilsner-style Lager (ABV 4.4%),14.25,disney-california-adventure/bayside-brews
2026-09-26,Bayside Brews,Disney California Adventure,Michelada with Pacifico,Alcoholic Beverages,Snack; Special,,19.75,disney-california-adventure/bayside-brews
2026-09-26,Bayside Brews,Disney California Adventure,"Golden Road Brewing, Mango Cart, Los Angeles, CA",Alcoholic Beverages,Snack; Special,"Mango Wheat Ale, Anaheim, CA (ABV 4.0%)",14.25,disney-california-adventure/bayside-brews
2026-09-26,Bayside Brews,Disney California Adventure,Michelada with Golden Road Mango Cart Wheat,Alcoholic Beverages,Snack; Special,,19.75,disney-california-adventure/bayside-brews
2026-09-26,Bayside Brews,Disney California Adventure,Michelob Ultra,Alcoholic Beverages,Snack; Special,(ABV 4.2%),14.25,disney-california-adventure/bayside-brews
2026-09-26,Bayside Brews,Disney California Adventure,Michelada with Michelob Ultra,Alcoholic Beverages,Snack; Special,,19.75,disney-california-adventure/bayside-brews
2026-09-26,Bayside Brews,Disney California Adventure,DASANI® Bottled Water,Non-Alcoholic Beverage,Snack; Special,,4.79,disney-california-adventure/bayside-brews
2026-09-26,Trader Sam's Enchanted Tiki Bar,Disneyland Hotel,American Breakfast*,Entrées,Breakfast,"Scrambled Eggs, Bacon or Turkey Bacon, Sweet Potato Medley",18.00,disneyland-hotel/trader-sams
2026-09-26,Trader Sam's Enchanted Tiki Bar,Disneyland Hotel,Tropical Pancakes,Entrées,Breakfast,"Macadamia Nut Buttermilk Pancakes, Passion Fruit Curd, Toasted Coconut",18.00,disneyland-hotel/trader-sams
2026-09-26,Trader Sam's Enchanted Tiki Bar,Disneyland Hotel,Loco Moco Burrito,Entrées,Breakfast,"Steamed Jasmine Rice, Beef Patty, Fried Egg, Gravy, Crunchy Fried Shallots and Furikake, served with Salsa Roja",17.00,disneyland-hotel/trader-sams
2026-09-26,Trader Sam's Enchanted Tiki Bar,Disneyland Hotel,Ube-stuffed French Toast,Entrées,Breakfast,"Japanese Milk Bread, Coconut Custard, Ube Diplomat Cream, Fresh Tropical Fruit",19.00,disneyland-hotel/trader-sams
2026-09-26,Trader Sam's Enchanted Tiki Bar,Disneyland Hotel,Kālua-style Pork Breakfast Croissant Sandwich,Entrées,Breakfast,"Tender Kālua-style Pork, Bacon, Scrambled Egg and Havarti on a Toasted Croissant Bun, served with a Pineapple Wedge",17.00,disneyland-hotel/trader-sams
2026-09-26,Trader Sam's Enchanted Tiki Bar,Disneyland Hotel,Korean-style Egg Sandwich*,Entrées,Breakfast,"Japanese Milk Bread, Scrambled Eggs, Roasted Turkey, Tomato, Havarti Cheese",20.00,disneyland-hotel/trader-sams
2026-09-26,Trader Sam's Enchanted Tiki Bar,Disneyland Hotel,Lomi-Lomi Salmon Sandwich,Entrées,Breakfast,"Smoked Salmon, Scrambled Egg, Tomato and Red Onion on a Croissant, served with a Pineapple Wedge",20.00,disneyland-hotel/trader-sams
2026-09-26,Trader Sam's Enchanted Tiki Bar,Disneyland Hotel,Island Garden Avocado Toast,Plant-Based,Breakfast,"Croissant, Avocado, Cherry Tomatoes, Watermelon Radish, served with fresh Berries and Pineapple",18.00,disneyland-hotel/trader-sams
2026-09-26,Trader Sam's Enchanted Tiki Bar,Disneyland Hotel,Kid’s Power Pack,Kids' Disney Check Meals,Breakfast,"Cuties® Mandarin Orange, Yogurt Smoothie, Carrots and Whole Grain “Fish” Crackers with choice of Small Lowfat Milk or Small DASANI® Water. Meets Disney Nutrition Guidelines for Complete Meals without substitutions",8.00,disneyland-hotel/trader-sams
2026-09-26,Trader Sam's Enchanted Tiki Bar,Disneyland Hotel,Junior Scramble,Kids' Disney Check Meals,Breakfast,"Scrambled Eggs, Turkey Bacon, Sweet Potato Medley with choice of Small Lowfat Milk or Small DASANI® Bottled Water. Meets Disney Nutrition Guidelines for Complete Meals without substitutions",9.50,disneyland-hotel/trader-sams
2026-09-26,Trader Sam's Enchanted Tiki Bar,Disneyland Hotel,Mickey-Shaped Pancake,Kids' Meals,Breakfast,"Fluffy Buttermilk Pancake, Turkey Bacon, Maple Syrup, Sweet Butter with choice of Small Lowfat Milk or Small DASANI® Water",9.50,disneyland-hotel/trader-sams
2026-09-26,Trader Sam's Enchanted Tiki Bar,Disneyland Hotel,Mickey-Shaped Tangaroa Toast,Kids' Meals,Breakfast,"Cinnamon-Sugar, Citrus Custard, Guava Syrup, Whipped Cream, Toasted Coconut, served with Turkey Bacon and choice of Small DASANI® Water or Small Lowfat Milk",9.50,disneyland-hotel/trader-sams
2026-09-26,Trader Sam's Enchanted Tiki Bar,Disneyland Hotel,Cloaked Specter,Trader Sam's Seasonal Alcoholic Beverages,Breakfast; Lounge,"Parrot Bay Coconut Rum, Pineapple Juice, Lime Juice, Falernum, Cinnamon, Angostura Bitters",20.00,disneyland-hotel/trader-sams
2026-09-26,Trader Sam's Enchanted Tiki Bar,Disneyland Hotel,Scarecrow Old Fashioned,Trader Sam's Seasonal Alcoholic Beverages,Breakfast; Lounge,"Buffalo Trace Bourbon, St. Elizabeth Allspice Dram, Falernum and Angostura Bitters",22.00,disneyland-hotel/trader-sams
2026-09-26,Trader Sam's Enchanted Tiki Bar,Disneyland Hotel,This Chilling Challenge,Trader Sam's Seasonal Alcoholic Beverages,Breakfast; Lounge,"Smith & Cross Rum, Pineapple Juice, Lime Juice, Honey Syrup, Ginger Syrup, Bitters",22.00,disneyland-hotel/trader-sams
2026-09-26,Trader Sam's Enchanted Tiki Bar,Disneyland Hotel,Modelo Especial,Draft Beer,Breakfast; Lounge,Mexico (ABV 4.4%),14.25,disneyland-hotel/trader-sams
2026-09-26,Trader Sam's Enchanted Tiki Bar,Disneyland Hotel,Kona Longboard Island Lager,Draft Beer,Breakfast; Lounge,"Kailua-Kona, HI (ABV 5.5%)",14.25,disneyland-hotel/trader-sams
2026-09-26,Trader Sam's Enchanted Tiki Bar,Disneyland Hotel,"Left Coast Una Mas, Amber Ale",Draft Beer,Breakfast; Lounge,"San Clemente, CA (ABV 5.8%)",14.25,disneyland-hotel/trader-sams
2026-09-26,Trader Sam's Enchanted Tiki Bar,Disneyland Hotel,Karl Strauss Brewing Co.® Boat Shoes Hazy IPA,Draft Beer,Breakfast; Lounge,"San Diego, CA (ABV 7.2%)",15.75,disneyland-hotel/trader-sams
2026-09-26,Trader Sam's Enchanted Tiki Bar,Disneyland Hotel,Smog City Park Hopper IPA,Draft Beer,Breakfast; Lounge,"Torrance, CA (ABV 6.6%)",15.75,disneyland-hotel/trader-sams
2026-09-26,Trader Sam's Enchanted Tiki Bar,Disneyland Hotel,Coors Light,Beer & Hard Seltzer (Bottled and Canned),Breakfast; Lounge,"Golden, CO (ABV 4.2%)",12.75,disneyland-hotel/trader-sams
2026-09-26,Trader Sam's Enchanted Tiki Bar,Disneyland Hotel,Bud Light,Beer & Hard Seltzer (Bottled and Canned),Breakfast; Lounge,"St. Louis, MO (ABV 4.2%)",12.75,disneyland-hotel/trader-sams
2026-09-26,Trader Sam's Enchanted Tiki Bar,Disneyland Hotel,Budweiser,Beer & Hard Seltzer (Bottled and Canned),Breakfast; Lounge,"St. Louis, MO (ABV 5%)",12.75,disneyland-hotel/trader-sams
2026-09-26,Trader Sam's Enchanted Tiki Bar,Disneyland Hotel,Corona Extra,Beer & Hard Seltzer (Bottled and Canned),Breakfast; Lounge,Mexico (ABV 4.6%),12.75,disneyland-hotel/trader-sams
2026-09-26,Trader Sam's Enchanted Tiki Bar,Disneyland Hotel,Heineken,Beer & Hard Seltzer (Bottled and Canned),Breakfast; Lounge,Netherlands (ABV 5%),12.75,disneyland-hotel/trader-sams
2026-09-26,Trader Sam's Enchanted Tiki Bar,Disneyland Hotel,"Kona Big Wave, Golden Ale",Beer & Hard Seltzer (Bottled and Canned),Breakfast; Lounge,"Kailua-Kona, HI (ABV 4.4%)",12.75,disneyland-hotel/trader-sams
2026-09-26,Trader Sam's Enchanted Tiki Bar,Disneyland Hotel,"North Coast Brother Thelonious, Belgian-Style Abbey Ale",Beer & Hard Seltzer (Bottled and Canned),Breakfast; Lounge,"Fort Bragg, CA (ABV 9.4%)",15.00,disneyland-hotel/trader-sams
2026-09-26,Trader Sam's Enchanted Tiki Bar,Disneyland Hotel,"Bottle Logic Brewing, She Shot First New England Hazy IPA",Beer & Hard Seltzer (Bottled and Canned),Breakfast; Lounge,"Anaheim, CA (ABV 6.4%)",15.75,disneyland-hotel/trader-sams
2026-09-26,Trader Sam's Enchanted Tiki Bar,Disneyland Hotel,"Rationale Brewing, Non-Alcoholic Mexican Style Lager",Beer & Hard Seltzer (Bottled and Canned),Breakfast; Lounge,"San Diego, CA (ABV 0.5%)",14.25,disneyland-hotel/trader-sams
2026-09-26,Trader Sam's Enchanted Tiki Bar,Disneyland Hotel,Avissi Prosecco,Sparkling Wine,Breakfast; Lounge,"Veneto, Italy",42.00,disneyland-hotel/trader-sams
2026-09-26,Trader Sam's Enchanted Tiki Bar,Disneyland Hotel,Daou Rosé,Rosé Wine,Breakfast; Lounge,"Paso Robles, California",77.00,disneyland-hotel/trader-sams
2026-09-26,Trader Sam's Enchanted Tiki Bar,Disneyland Hotel,The Fableist Chardonnay,White Wine,Breakfast; Lounge,"San Luis Obispo, California",50.00,disneyland-hotel/trader-sams
2026-09-26,Trader Sam's Enchanted Tiki Bar,Disneyland Hotel,The Fableist Pinot Noir,Red Wine,Breakfast; Lounge,"San Luis Obispo, California",59.00,disneyland-hotel/trader-sams
2026-09-26,Trader Sam's Enchanted Tiki Bar,Disneyland Hotel,Daou Cabernet Sauvignon,Red Wine,Breakfast; Lounge,"Paso Robles, California",88.00,disneyland-hotel/trader-sams
2026-09-26,Trader Sam's Enchanted Tiki Bar,Disneyland Hotel,Furikake Fries,Appetizers,Lounge,"Beer-battered French Fries, Furikake, Green Onions, Gochujang Aïoli",12.00,disneyland-hotel/trader-sams
2026-09-26,Trader Sam's Enchanted Tiki Bar,Disneyland Hotel,Pork Gyoza,Appetizers,Lounge,"Fried Pork and Vegetable Pot Stickers, Unagi Sauce, Bonito Flakes, Gochujang Aïoli",20.00,disneyland-hotel/trader-sams
2026-09-26,Trader Sam's Enchanted Tiki Bar,Disneyland Hotel,Tempura-Battered Green Beans,Appetizers,Lounge,Togarashi Aïoli,15.00,disneyland-hotel/trader-sams
2026-09-26,Trader Sam's Enchanted Tiki Bar,Disneyland Hotel,Chile-Orange Glazed Chicken Wings,Appetizers,Lounge,Togarashi Aïoli,25.00,disneyland-hotel/trader-sams
2026-09-26,Trader Sam's Enchanted Tiki Bar,Disneyland Hotel,Chicken Tenders,Appetizers,Lounge,French Fries or Sweet Potato Fries,22.00,disneyland-hotel/trader-sams
2026-09-26,Trader Sam's Enchanted Tiki Bar,Disneyland Hotel,Shrimp Tempura,Appetizers,Lounge,"Ponzu Dipping Sauce, Chile Threads, Green Onions",25.00,disneyland-hotel/trader-sams
2026-09-26,Trader Sam's Enchanted Tiki Bar,Disneyland Hotel,Mac Salad,Salad,Lounge,"Macaroni Pasta, Togarashi Aïoli, Carrots",4.50,disneyland-hotel/trader-sams
2026-09-26,Trader Sam's Enchanted Tiki Bar,Disneyland Hotel,Island Chopped Salad,Salad,Lounge,"Crisp Baby Gem Lettuce, Smoked Ham, Green Papaya, Tropical Fruit Compote, Cotija Cheese, Edamame, Passion-Orange-Guava Aioli and Crispy Fried Shallots, served with Passion Fruit Vinaigrette",23.00,disneyland-hotel/trader-sams
2026-09-26,Trader Sam's Enchanted Tiki Bar,Disneyland Hotel,Chicken Katsu Curry,Entrées,Lounge,"Crispy Chicken Cutlet, Japanese Curry, Jasmine Rice, Soy-marinated Egg, Pickled Ginger",24.00,disneyland-hotel/trader-sams
2026-09-26,Trader Sam's Enchanted Tiki Bar,Disneyland Hotel,BBQ Chicken Flatbread,Entrées,Lounge,"Teriyaki Chicken, Red Onions, Mozzarella Cheese, Micro Herbs, Fresno Chilies, Green Onions, Pineapple",24.00,disneyland-hotel/trader-sams
2026-09-26,Trader Sam's Enchanted Tiki Bar,Disneyland Hotel,Poke Bowl*,Entrées,Lounge,"Choice of Ahi Tuna*, Salmon* or Marinated Tofu with Smashed Avocado, Sliced Cucumber, Edamame and Surimi Crab with Sushi Rice, topped with Crispy Fried Onions and Togarashi Aïoli",28.00,disneyland-hotel/trader-sams
2026-09-26,Trader Sam's Enchanted Tiki Bar,Disneyland Hotel,Hawaiian Platter,Entrées,Lounge,"choice of Braised Kālua Beef Short Rib or Teriyaki Chicken Thigh with Steamed Jasmine Rice, Stir-Fried Vegetables, Baby Bok Choy, Sweet Teriyaki Glaze",28.00,disneyland-hotel/trader-sams
2026-09-26,Trader Sam's Enchanted Tiki Bar,Disneyland Hotel,Angus Hawaiian Cheeseburger*,Entrées,Lounge,"Applewood-Smoked Bacon, Grilled Pineapple, Havarti Cheese, Togarashi Aïoli, Teriyaki Sauce, served with French Fries",31.00,disneyland-hotel/trader-sams
2026-09-26,Trader Sam's Enchanted Tiki Bar,Disneyland Hotel,Tonkotsu Ramen,Entrées,Lounge,"Rich Pork-based Broth, Wavy Noodles, Pork Belly Slices, Fresh Green Onions, Shitake Mushrooms, Sambal, Marinated Soft-boiled Egg, Garlic Oil and Nori",25.00,disneyland-hotel/trader-sams
2026-09-26,Trader Sam's Enchanted Tiki Bar,Disneyland Hotel,Pupu Platter,Entrées,Lounge,"Pork Gyoza, Tempura-Battered Green Beans, Shrimp Tempura, Chile-Orange Glazed Chicken Wings, Togarashi Aïoli, Ponzu Dipping Sauce",28.00,disneyland-hotel/trader-sams
2026-09-26,Trader Sam's Enchanted Tiki Bar,Disneyland Hotel,Kālua-style Pork Nacho Poutine,Entrées,Lounge,"Sweet Potato Fries, Cheddar Cheese Sauce, Pickled Red Onions, Cotija Cheese, Lime Crema",25.00,disneyland-hotel/trader-sams
2026-09-26,Trader Sam's Enchanted Tiki Bar,Disneyland Hotel,Pan Roasted Striped Bass,Entrées,Lounge,"Miso-Glazed Striped Bass, Cauliflower Rice, Jumbo Asparagus, Steamed Baby Bok Choy, Coconut Lime Beurre Blanc",33.00,disneyland-hotel/trader-sams
2026-09-26,Trader Sam's Enchanted Tiki Bar,Disneyland Hotel,Szechuan Cucumber Salad,Plant-Based,Lounge,"Field Greens, Arugula, Pickled Cucumber Sunomono, Red Onion, Chili Crisp Vinaigrette, Edible Violas",18.00,disneyland-hotel/trader-sams
2026-09-26,Trader Sam's Enchanted Tiki Bar,Disneyland Hotel,Power Pack,Kids' Disney Check Meals,Lounge,"Cuties® Mandarin Orange, Yogurt Smoothie, Carrots and Whole Grain “Fish” Crackers with choice of Small Lowfat Milk or Small DASANI® Water. Meets Disney Nutrition Guidelines for Complete Meals without substitutions",8.00,disneyland-hotel/trader-sams
2026-09-26,Trader Sam's Enchanted Tiki Bar,Disneyland Hotel,Chicken Teriyaki Bowl,Kids' Disney Check Meals,Lounge,"Jasmine Rice, Broccoli, Teriyaki Sauce, Pineapple with choice of Small Lowfat Milk or Small DASANI® Bottled Water. Meets Disney Nutrition Guidelines for Complete Meals without substitutions",12.00,disneyland-hotel/trader-sams
2026-09-26,Trader Sam's Enchanted Tiki Bar,Disneyland Hotel,Salmon Teriyaki Bowl,Kids' Disney Check Meals,Lounge,"Jasmine Rice, Broccoli, Teriyaki Sauce, Pineapple with choice of Small Lowfat Milk or Small DASANI® Bottled Water. Meets Disney Nutrition Guidelines for Complete Meals without substitutions",14.00,disneyland-hotel/trader-sams
2026-09-26,Trader Sam's Enchanted Tiki Bar,Disneyland Hotel,Cheeseburger,Kids' Meal,Lounge,Choice of Sweet Potato Fries or Fries and a Pineapple Wedge,12.00,disneyland-hotel/trader-sams
2026-09-26,Trader Sam's Enchanted Tiki Bar,Disneyland Hotel,Coconut Cake,Desserts,Lounge,Whipped Cream & Guava Sauce,15.00,disneyland-hotel/trader-sams
2026-09-26,Trader Sam's Enchanted Tiki Bar,Disneyland Hotel,Scoop of Ice Cream,Desserts,Lounge,Coconut Ice Cream or Passion Fruit Sorbet,8.00,disneyland-hotel/trader-sams
2026-09-26,Trader Sam's Enchanted Tiki Bar,Disneyland Hotel,DOLE Whip®,DOLE Whip® [Available at Patio Bar Only],Lounge,"DOLE Whip® Pineapple Soft Serve, served in a 70th Celebration Cup. Limit Two (2) per person, per transaction. Available While Supplies Last.",10.25,disneyland-hotel/trader-sams
2026-09-26,Trader Sam's Enchanted Tiki Bar,Disneyland Hotel,DOLE Whip® Float,DOLE Whip® [Available at Patio Bar Only],Lounge,"DOLE® Pineapple Juice topped with DOLE Whip® Pineapple Soft Serve, served in a 70th Celebration Cup. Limit Two (2) per person, per transaction. Available While Supplies Last.",10.75,disneyland-hotel/trader-sams
2026-09-26,Trader Sam's Enchanted Tiki Bar,Disneyland Hotel,DOLE Whip® Float with a splash of Rum,Alcoholic Beverages [Available at Patio Bar Only],Lounge,"DOLE Whip® Float with Captain Morgan Parrot Bay Coconut Rum, served with a 70th Celebration Cup on the side. Limit Two (2) per person, per transaction. Available While Supplies Last. No Discounts Apply.",19.00,disneyland-hotel/trader-sams
2026-09-26,Tangaroa Terrace Tropical Bar & Grill,Disneyland Hotel,American Breakfast,Entrées,Breakfast,"Scrambled Eggs, Sweet Potato Medley and choice of Bacon or Turkey Bacon, served with a Pineapple Wedge. Substitute Kahlua-braised Short Rib",18.00,disneyland-hotel/tangaroa-terrace
2026-09-26,Tangaroa Terrace Tropical Bar & Grill,Disneyland Hotel,Korean-style Egg Sandwich,Entrées,Breakfast,"Scrambled Egg, Roasted Turkey, Fresh Tomato and Havarti on Japanese Milk Bread, served with Pineapple Wedge",18.00,disneyland-hotel/tangaroa-terrace
2026-09-26,Tangaroa Terrace Tropical Bar & Grill,Disneyland Hotel,Open-Face Lomi-Lomi Salmon Sandwich,Entrées,Breakfast,"Smoked Salmon, Egg, Tomato and Red Onion on a Croissant, served with a Pineapple Wedge",18.00,disneyland-hotel/tangaroa-terrace
2026-09-26,Tangaroa Terrace Tropical Bar & Grill,Disneyland Hotel,Loco Moco Burrito,Entrées,Breakfast,"Steamed Jasmine Rice, Chopped Wagyu Beef Patty, Fried Egg, Gravy, Crunchy Fried Shallots and Furikake, served with Salsa Roja",17.00,disneyland-hotel/tangaroa-terrace
2026-09-26,Tangaroa Terrace Tropical Bar & Grill,Disneyland Hotel,Tropical Pancakes,Entrées,Breakfast,"Macadamia Nut Buttermilk Pancakes, Passion Fruit Curd and Toasted Coconut",16.00,disneyland-hotel/tangaroa-terrace
2026-09-26,Tangaroa Terrace Tropical Bar & Grill,Disneyland Hotel,Ube-stuffed French Toast,Entrées,Breakfast,"Japanese Milk Bread, Coconut Custard, Ube Diplomat Cream and Fresh Tropical Fruit",17.00,disneyland-hotel/tangaroa-terrace
2026-09-26,Tangaroa Terrace Tropical Bar & Grill,Disneyland Hotel,Island Garden Avocado Toast,Plant-Based,Breakfast,"Plant-based Croissant, Smashed Avocado, Watermelon Radish, Sweet Cherry Tomato, Micro Cilantro, Shichimi Aïoli Drizzle and Lime Wedge, served with a Pineapple Wedge and Fresh Berries",18.00,disneyland-hotel/tangaroa-terrace
2026-09-26,Tangaroa Terrace Tropical Bar & Grill,Disneyland Hotel,Kids' Power Pack,Kids' Disney Check Meals,Breakfast,"A Cuties® Mandarin Orange, Applesauce, Carrots and Whole Grain ""Fish"" Crackers with choice of small DASANI® Water or small Lowfat Milk. Meets Disney Nutrition Guidelines for Complete Meals without substitutions",7.50,disneyland-hotel/tangaroa-terrace
2026-09-26,Tangaroa Terrace Tropical Bar & Grill,Disneyland Hotel,Junior Scramble,Kids' Disney Check Meals,Breakfast,"Scrambled Egg, Sweet Potato Medley, Turkey Bacon and a Pineapple Wedge, served with choice of small DASANI® Water or small Lowfat Milk*. Meets Disney Nutrition Guidelines for Complete Meals without substitutions",9.50,disneyland-hotel/tangaroa-terrace
2026-09-26,Tangaroa Terrace Tropical Bar & Grill,Disneyland Hotel,Mickey-shaped Pancake,Kids' Meals,Breakfast,"Fluffy Buttermilk Pancake with Maple Syrup, served with Turkey Bacon and choice of small DASANI® Water or small Lowfat Milk",9.50,disneyland-hotel/tangaroa-terrace
2026-09-26,Tangaroa Terrace Tropical Bar & Grill,Disneyland Hotel,Mickey-shaped Tangaroa Toast,Kids' Meals,Breakfast,"Cinnamon-sugared Toast, Citrus Custard, Guava Syrup, Whipped Cream and Toasted Coconut, served with Turkey Bacon and choice of small DASANI® Water or small Lowfat Milk",9.50,disneyland-hotel/tangaroa-terrace
2026-09-26,Tangaroa Terrace Tropical Bar & Grill,Disneyland Hotel,Banana,Grab 'n' Go,Breakfast; Lunch And Dinner,,2.50,disneyland-hotel/tangaroa-terrace
2026-09-26,Tangaroa Terrace Tropical Bar & Grill,Disneyland Hotel,CHEETOS® Crunchy Cheese Flavored Snacks,Grab 'n' Go,Breakfast; Lunch And Dinner,,4.25,disneyland-hotel/tangaroa-terrace
2026-09-26,Tangaroa Terrace Tropical Bar & Grill,Disneyland Hotel,CHEETOS® Crunchy FLAMIN' HOT® Cheese Flavored Snacks,Grab 'n' Go,Breakfast; Lunch And Dinner,,4.25,disneyland-hotel/tangaroa-terrace
2026-09-26,Tangaroa Terrace Tropical Bar & Grill,Disneyland Hotel,DORITOS® Nacho Cheese Flavored Tortilla Chips,Grab 'n' Go,Breakfast; Lunch And Dinner,,4.25,disneyland-hotel/tangaroa-terrace
2026-09-26,Tangaroa Terrace Tropical Bar & Grill,Disneyland Hotel,String Cheese,Grab 'n' Go,Breakfast; Lunch And Dinner,,1.25,disneyland-hotel/tangaroa-terrace
2026-09-26,Tangaroa Terrace Tropical Bar & Grill,Disneyland Hotel,Sabra Classic Grab and Go Hummus,Grab 'n' Go,Breakfast; Lunch And Dinner,,2.50,disneyland-hotel/tangaroa-terrace
2026-09-26,Tangaroa Terrace Tropical Bar & Grill,Disneyland Hotel,Applesauce,Grab 'n' Go,Breakfast; Lunch And Dinner,,2.50,disneyland-hotel/tangaroa-terrace
2026-09-26,Tangaroa Terrace Tropical Bar & Grill,Disneyland Hotel,Strawberry Greek Yogurt,Grab 'n' Go,Breakfast; Lunch And Dinner,,3.75,disneyland-hotel/tangaroa-terrace
2026-09-26,Tangaroa Terrace Tropical Bar & Grill,Disneyland Hotel,Blueberry Greek Yogurt,Grab 'n' Go,Breakfast; Lunch And Dinner,,3.75,disneyland-hotel/tangaroa-terrace
2026-09-26,Tangaroa Terrace Tropical Bar & Grill,Disneyland Hotel,Uncrustables PB&J Sandwich - Grape,Grab 'n' Go,Breakfast; Lunch And Dinner,,2.50,disneyland-hotel/tangaroa-terrace
2026-09-26,Tangaroa Terrace Tropical Bar & Grill,Disneyland Hotel,Chocolate Croissant,Grab 'n' Go,Breakfast; Lunch And Dinner,,7.00,disneyland-hotel/tangaroa-terrace
2026-09-26,Tangaroa Terrace Tropical Bar & Grill,Disneyland Hotel,Butter Croissant,Grab 'n' Go,Breakfast; Lunch And Dinner,,6.00,disneyland-hotel/tangaroa-terrace
2026-09-26,Tangaroa Terrace Tropical Bar & Grill,Disneyland Hotel,Blueberry Muffin,Grab 'n' Go,Breakfast; Lunch And Dinner,,6.00,disneyland-hotel/tangaroa-terrace
2026-09-26,Tangaroa Terrace Tropical Bar & Grill,Disneyland Hotel,Double Chocolate Muffin,Grab 'n' Go,Breakfast; Lunch And Dinner,,6.00,disneyland-hotel/tangaroa-terrace
2026-09-26,Tangaroa Terrace Tropical Bar & Grill,Disneyland Hotel,Cinnamon Roll,Grab 'n' Go,Breakfast; Lunch And Dinner,,10.00,disneyland-hotel/tangaroa-terrace
2026-09-26,Tangaroa Terrace Tropical Bar & Grill,Disneyland Hotel,Chia Granola Parfait,Grab 'n' Go,Breakfast; Lunch And Dinner,,7.50,disneyland-hotel/tangaroa-terrace
2026-09-26,Tangaroa Terrace Tropical Bar & Grill,Disneyland Hotel,Cuties® Mandarin 3-Pack,Grab 'n' Go,Breakfast; Lunch And Dinner,Cuties® Mandarin 3-Pack,6.00,disneyland-hotel/tangaroa-terrace
2026-09-26,Tangaroa Terrace Tropical Bar & Grill,Disneyland Hotel,Fresh Pineapple,Grab 'n' Go,Breakfast; Lunch And Dinner,Fruit Cup,8.50,disneyland-hotel/tangaroa-terrace
2026-09-26,Tangaroa Terrace Tropical Bar & Grill,Disneyland Hotel,Fresh Watermelon,Grab 'n' Go,Breakfast; Lunch And Dinner,Fruit Cup,8.50,disneyland-hotel/tangaroa-terrace
2026-09-26,Tangaroa Terrace Tropical Bar & Grill,Disneyland Hotel,Froot Loops Cereal,Grab 'n' Go,Breakfast; Lunch And Dinner,,4.00,disneyland-hotel/tangaroa-terrace
2026-09-26,Tangaroa Terrace Tropical Bar & Grill,Disneyland Hotel,Corn Flakes Cereal,Grab 'n' Go,Breakfast; Lunch And Dinner,,4.00,disneyland-hotel/tangaroa-terrace
2026-09-26,Tangaroa Terrace Tropical Bar & Grill,Disneyland Hotel,Soft Frozen Strawberry Lemonade Cup,Grab 'n' Go,Breakfast; Lunch And Dinner,,5.75,disneyland-hotel/tangaroa-terrace
2026-09-26,Tangaroa Terrace Tropical Bar & Grill,Disneyland Hotel,Soft Frozen Lemonade Cup,Grab 'n' Go,Breakfast; Lunch And Dinner,,5.75,disneyland-hotel/tangaroa-terrace
2026-09-26,Tangaroa Terrace Tropical Bar & Grill,Disneyland Hotel,Chicken Caesar Salad,Grab 'n' Go,Breakfast; Lunch And Dinner,"Herb-marinated Chicken Breast, Romaine Lettuce, Parmesan Cheese, Herb Croutons and Caesar Dressing",16.00,disneyland-hotel/tangaroa-terrace
2026-09-26,Tangaroa Terrace Tropical Bar & Grill,Disneyland Hotel,Mixed Greens,Grab 'n' Go,Breakfast; Lunch And Dinner,"with Candied Pecans, Blue Cheese and Herb Vinaigrette",15.00,disneyland-hotel/tangaroa-terrace
2026-09-26,Tangaroa Terrace Tropical Bar & Grill,Disneyland Hotel,Turkey Focaccia Sandwich,Grab 'n' Go,Breakfast; Lunch And Dinner,"Roasted Turkey Breast, Lettuce and Tomato in a Focaccia Bun",16.00,disneyland-hotel/tangaroa-terrace
2026-09-26,Tangaroa Terrace Tropical Bar & Grill,Disneyland Hotel,Vegetable Wrap,Grab 'n' Go,Breakfast; Lunch And Dinner,Assorted Grilled Vegetables Wrapped in a Spinach Tortilla,15.00,disneyland-hotel/tangaroa-terrace
2026-09-26,Tangaroa Terrace Tropical Bar & Grill,Disneyland Hotel,Coca-Cola Freestyle®,Assorted Beverages,Breakfast; Lunch And Dinner,assorted Coca-Cola® offerings,5.00,disneyland-hotel/tangaroa-terrace
2026-09-26,Tangaroa Terrace Tropical Bar & Grill,Disneyland Hotel,DASANI® Bottled Water,Assorted Beverages,Breakfast; Lunch And Dinner,,5.00,disneyland-hotel/tangaroa-terrace
2026-09-26,Tangaroa Terrace Tropical Bar & Grill,Disneyland Hotel,Minute Maid® Apple Juice,Assorted Beverages,Breakfast; Lunch And Dinner,,3.49,disneyland-hotel/tangaroa-terrace
2026-09-26,Tangaroa Terrace Tropical Bar & Grill,Disneyland Hotel,Lowfat Milk,Assorted Beverages,Breakfast; Lunch And Dinner,,3.50,disneyland-hotel/tangaroa-terrace
2026-09-26,Tangaroa Terrace Tropical Bar & Grill,Disneyland Hotel,Chocolate Milk - Small,Assorted Beverages,Breakfast; Lunch And Dinner,,3.50,disneyland-hotel/tangaroa-terrace
2026-09-26,Tangaroa Terrace Tropical Bar & Grill,Disneyland Hotel,Chocolate Milk - Large,Assorted Beverages,Breakfast; Lunch And Dinner,,5.00,disneyland-hotel/tangaroa-terrace
2026-09-26,Tangaroa Terrace Tropical Bar & Grill,Disneyland Hotel,Simply® Orange,Assorted Beverages,Breakfast; Lunch And Dinner,,5.50,disneyland-hotel/tangaroa-terrace
2026-09-26,Tangaroa Terrace Tropical Bar & Grill,Disneyland Hotel,Simply Lemonade®,Assorted Beverages,Breakfast; Lunch And Dinner,,5.50,disneyland-hotel/tangaroa-terrace
2026-09-26,Tangaroa Terrace Tropical Bar & Grill,Disneyland Hotel,Powerade® Fruit Punch,Assorted Beverages,Breakfast; Lunch And Dinner,,5.50,disneyland-hotel/tangaroa-terrace
2026-09-26,Tangaroa Terrace Tropical Bar & Grill,Disneyland Hotel,smartwater®,Assorted Beverages,Breakfast; Lunch And Dinner,,6.00,disneyland-hotel/tangaroa-terrace
2026-09-26,Tangaroa Terrace Tropical Bar & Grill,Disneyland Hotel,vitaminwater®,Assorted Beverages,Breakfast; Lunch And Dinner,,5.50,disneyland-hotel/tangaroa-terrace
2026-09-26,Tangaroa Terrace Tropical Bar & Grill,Disneyland Hotel,Monster™ Energy,Assorted Beverages,Breakfast; Lunch And Dinner,,6.00,disneyland-hotel/tangaroa-terrace
2026-09-26,Tangaroa Terrace Tropical Bar & Grill,Disneyland Hotel,Monster™ Energy Zero Ultra,Assorted Beverages,Breakfast; Lunch And Dinner,,6.00,disneyland-hotel/tangaroa-terrace
2026-09-26,Tangaroa Terrace Tropical Bar & Grill,Disneyland Hotel,Joffrey's Coffee™ Hawaiian Kona Blend - Regular,Coffee Express,Breakfast; Lunch And Dinner,,5.00,disneyland-hotel/tangaroa-terrace
2026-09-26,Tangaroa Terrace Tropical Bar & Grill,Disneyland Hotel,Joffrey's Coffee™ Hawaiian Kona Blend - Large,Coffee Express,Breakfast; Lunch And Dinner,,5.50,disneyland-hotel/tangaroa-terrace
2026-09-26,Tangaroa Terrace Tropical Bar & Grill,Disneyland Hotel,Decaffeinated Coffee - Regular,Coffee Express,Breakfast; Lunch And Dinner,,5.00,disneyland-hotel/tangaroa-terrace
2026-09-26,Tangaroa Terrace Tropical Bar & Grill,Disneyland Hotel,Decaffeinated Coffee - Large,Coffee Express,Breakfast; Lunch And Dinner,,5.50,disneyland-hotel/tangaroa-terrace
2026-09-26,Tangaroa Terrace Tropical Bar & Grill,Disneyland Hotel,Hot Tea - Regular,Coffee Express,Breakfast; Lunch And Dinner,,4.50,disneyland-hotel/tangaroa-terrace
2026-09-26,Tangaroa Terrace Tropical Bar & Grill,Disneyland Hotel,Hot Tea - Large,Coffee Express,Breakfast; Lunch And Dinner,,5.50,disneyland-hotel/tangaroa-terrace
2026-09-26,Tangaroa Terrace Tropical Bar & Grill,Disneyland Hotel,Hot Chocolate - Regular,Coffee Express,Breakfast; Lunch And Dinner,,5.00,disneyland-hotel/tangaroa-terrace
2026-09-26,Tangaroa Terrace Tropical Bar & Grill,Disneyland Hotel,Hot Chocolate - Large,Coffee Express,Breakfast; Lunch And Dinner,,5.50,disneyland-hotel/tangaroa-terrace
2026-09-26,Tangaroa Terrace Tropical Bar & Grill,Disneyland Hotel,Poke Bowl*,Entrées,Lunch And Dinner,"Choice of Ahi Tuna*, Salmon* or Marinated Tofu with Smashed Avocado, Sliced Cucumber, Edamame and Imitation Crab Salad with Sushi Rice, topped with Crispy Fried Onions and Togarashi Aïoli",26.00,disneyland-hotel/tangaroa-terrace
2026-09-26,Tangaroa Terrace Tropical Bar & Grill,Disneyland Hotel,Hawaiian Platter,Entrées,Lunch And Dinner,"Choice of Kālua-braised Short Rib or Teriyaki Chicken Thigh, with Steamed Jasmine Rice, Stir-fried Vegetables, Steamed Baby Bok Choy and Sweet Teriyaki Glaze",26.00,disneyland-hotel/tangaroa-terrace
2026-09-26,Tangaroa Terrace Tropical Bar & Grill,Disneyland Hotel,Angus Hawaiian Cheeseburger*,Entrées,Lunch And Dinner,"Grilled Pineapple, Applewood-smoked Bacon, Havarti, Butter Lettuce, Tomato, Onion, Togarashi Aïoli and Teriyaki Sauce. Choice of Sweet Potato Fries or French Fries",29.00,disneyland-hotel/tangaroa-terrace
2026-09-26,Tangaroa Terrace Tropical Bar & Grill,Disneyland Hotel,Tonkotsu Ramen,Entrées,Lunch And Dinner,"Rich Pork-based Broth, Wavy Noodles, Pork Belly Slices, Fresh Green Onions, Shitake Mushrooms, Sambal, Marinated Soft-boiled Egg, Garlic Oil and Nori",23.00,disneyland-hotel/tangaroa-terrace
2026-09-26,Tangaroa Terrace Tropical Bar & Grill,Disneyland Hotel,Island Chopped Salad*,Entrées,Lunch And Dinner,"Choice of Teriyaki Chicken or Pan-seared Salmon*, Crisp Romaine Spears, Pineapple-glazed Smoked Ham, Green Papaya Slaw, Tropical Fruit Compote, Cotija Cheese, Edamame, Passion-Orange-Guava Aïoli and Crispy Fried Shallots served with Passion Fruit Vinaigrette",29.00,disneyland-hotel/tangaroa-terrace
2026-09-26,Tangaroa Terrace Tropical Bar & Grill,Disneyland Hotel,Pu Pu Platter,Entrées,Lunch And Dinner,"Pork Gyoza, Tempura-battered Green Beans, Shrimp Tempura, Chile-Orange Glazed Chicken Wings and Togarashi Aïoli",26.00,disneyland-hotel/tangaroa-terrace
2026-09-26,Tangaroa Terrace Tropical Bar & Grill,Disneyland Hotel,Pork Gyoza,Entrées,Lunch And Dinner,"Fried Pork and Vegetable Pot Stickers topped with Unagi Sauce, Bonito Flakes and Gochujang Aïoli",18.00,disneyland-hotel/tangaroa-terrace
2026-09-26,Tangaroa Terrace Tropical Bar & Grill,Disneyland Hotel,Chile-Orange Glazed Chicken Wings,Entrées,Lunch And Dinner,Togarashi Aïoli and Fresno Chile,23.00,disneyland-hotel/tangaroa-terrace
2026-09-26,Tangaroa Terrace Tropical Bar & Grill,Disneyland Hotel,Tempura-battered Green Beans,Entrées,Lunch And Dinner,Togarashi Aïoli,13.00,disneyland-hotel/tangaroa-terrace
2026-09-26,Tangaroa Terrace Tropical Bar & Grill,Disneyland Hotel,Chicken Tenders,Entrées,Lunch And Dinner,Choice of French Fries or Sweet Potato Fries,20.00,disneyland-hotel/tangaroa-terrace
2026-09-26,Tangaroa Terrace Tropical Bar & Grill,Disneyland Hotel,Shrimp Tempura,Entrées,Lunch And Dinner,"Ponzu Dipping Sauce, Toasted Sesame, Chile Threads and Green Onions",23.00,disneyland-hotel/tangaroa-terrace
2026-09-26,Tangaroa Terrace Tropical Bar & Grill,Disneyland Hotel,Szechuan Cucumber Salad,Plant-Based,Lunch And Dinner,"Chinese Five-Spice, Fresh Garlic & Scallions, Toasted Sesame Seeds and Hot Oil Vinaigrette",16.00,disneyland-hotel/tangaroa-terrace
2026-09-26,Tangaroa Terrace Tropical Bar & Grill,Disneyland Hotel,Coconut Cake,Desserts,Lunch And Dinner,Chantilly Cream and Guava Sauce,13.50,disneyland-hotel/tangaroa-terrace
2026-09-26,Tangaroa Terrace Tropical Bar & Grill,Disneyland Hotel,Coconut Ice Cream,Desserts,Lunch And Dinner,Scoop of Coconut Ice Cream,6.75,disneyland-hotel/tangaroa-terrace
2026-09-26,Tangaroa Terrace Tropical Bar & Grill,Disneyland Hotel,Passion Fruit Sorbet,Desserts,Lunch And Dinner,Scoop of Passionfruit Sorbet,6.75,disneyland-hotel/tangaroa-terrace
2026-09-26,Tangaroa Terrace Tropical Bar & Grill,Disneyland Hotel,Power Pack,Disney Check Meals,Lunch And Dinner,"A Cuties® Mandarin Orange, Applesauce, Carrots and Whole Grain ""Fish"" Crackers with choice of small DASANI® Water or small Lowfat Milk. Meets Disney Nutrition Guidelines for Complete Meals without substitutions.",7.50,disneyland-hotel/tangaroa-terrace
2026-09-26,Tangaroa Terrace Tropical Bar & Grill,Disneyland Hotel,Teriyaki Bowl,Disney Check Meals,Lunch And Dinner,"Teriyaki Chicken Thigh, Steamed Jasmine Rice, Broccoli, Teriyaki Sauce and a Pineapple Wedge, served with choice of Small Lowfat Milk or Small DASANI® Water. Meets Disney Nutrition Guidelines for Complete Meals without substitutions.",12.00,disneyland-hotel/tangaroa-terrace
2026-09-26,Tangaroa Terrace Tropical Bar & Grill,Disneyland Hotel,Cheeseburger,Kids' Meal,Lunch And Dinner,Choice of Sweet Potato Fries or French Fries and a Pineapple Wedge,12.00,disneyland-hotel/tangaroa-terrace
2026-09-26,Palm Breeze Bar,Disneyland Hotel,Nachos Al Pastor,Shareables,Lunch; Dinner,"Grilled Chicken Al Pastor, Cotija Cheese, Queso Sauce, Charred Pineapple, Pickled Fresno Chile, Green Onions, Crema, Avocado",29.00,disneyland-hotel/palm-breeze-bar
2026-09-26,Palm Breeze Bar,Disneyland Hotel,Seared Ahi Tuna Niçoise,Shareables,Lunch; Dinner,"Seared AAA Saku Ahi Tuna, Gem Lettuce, Fingerling Potatoes, Cherry Tomatoes, Niçoise Olives, Haricots Verts, Hard-boiled Eggs, Dijon Vinaigrette",30.00,disneyland-hotel/palm-breeze-bar
2026-09-26,Palm Breeze Bar,Disneyland Hotel,House-made Potato Chips and Onion Dip,Shareables,Lunch; Dinner,,19.00,disneyland-hotel/palm-breeze-bar
2026-09-26,Palm Breeze Bar,Disneyland Hotel,Guacamole & Lime-Scented Tortilla Chips,Shareables,Lunch; Dinner,,19.00,disneyland-hotel/palm-breeze-bar
2026-09-26,Palm Breeze Bar,Disneyland Hotel,Signature Dry Rub Chicken Wings,Shareables,Lunch; Dinner,"House-pickled Carrots and Turnips, Celery, Roquefort Blue Cheese",25.00,disneyland-hotel/palm-breeze-bar
2026-09-26,Palm Breeze Bar,Disneyland Hotel,Falafel and Fattoush,Shareables,Lunch; Dinner,"Crispy Pita, Blistered Tomatoes, Cucumbers, Grilled Artichoke, Lemon Hummus",19.00,disneyland-hotel/palm-breeze-bar
2026-09-26,Palm Breeze Bar,Disneyland Hotel,Caesar Salad,Salads,Lunch; Dinner,"House-made Croutons, Cherry Tomatoes, Parmesan",22.00,disneyland-hotel/palm-breeze-bar
2026-09-26,Palm Breeze Bar,Disneyland Hotel,Heirloom Beet Salad,Salads,Lunch; Dinner,"Roasted & Marinated Beets, Baby Kale, Persian Cucumbers, Whipped Stracciatella Mozzarella, Candied Walnuts, Herb Vinaigrette",22.00,disneyland-hotel/palm-breeze-bar
2026-09-26,Palm Breeze Bar,Disneyland Hotel,Lolla Rosa Salad,Plant-Based,Lunch; Dinner,"Tender Lolla Rosa Lettuce, Endive, Shaved Fennel, Mandarin Orange, Strawberries, Toasted Marcona Almonds, Meyer Lemon-Tarragon Vinaigrette, Herb Oil",21.00,disneyland-hotel/palm-breeze-bar
2026-09-26,Palm Breeze Bar,Disneyland Hotel,Hoagie of the Month,Sandwiches,Lunch; Dinner,Ask about our Hoagie of the Month,18.00,disneyland-hotel/palm-breeze-bar
2026-09-26,Palm Breeze Bar,Disneyland Hotel,Turkey Club,Sandwiches,Lunch; Dinner,"Roasted Turkey Breast, Smoked Bacon, Avocado, Tomato, Gem Lettuce, French Roll",25.00,disneyland-hotel/palm-breeze-bar
2026-09-26,Palm Breeze Bar,Disneyland Hotel,Palm Breeze Burger*,Sandwiches,Lunch; Dinner,"Angus Beef, Cheddar Cheese, House Spread, Lettuce, Tomato, Onion, Pickles, Toasted Brioche Bun, served with French Fries, House Potato Chips, or Fresh Fruit",28.00,disneyland-hotel/palm-breeze-bar
2026-09-26,Palm Breeze Bar,Disneyland Hotel,Jumbo Lump Crab Roll,Sandwiches,Lunch; Dinner,"Tarragon & Lemon Aïoli, Fresh Dill, Toasted Brioche, served with French Fries, House Potato Chips, or Fresh Fruit",29.00,disneyland-hotel/palm-breeze-bar
2026-09-26,Palm Breeze Bar,Disneyland Hotel,Charcuterie Pizza,Artisan Personal Pizzas,Lunch; Dinner,"Artisan Cured Prosciutto, Pepperoni, Sausage, Sun-dried Tomatoes",27.00,disneyland-hotel/palm-breeze-bar
2026-09-26,Palm Breeze Bar,Disneyland Hotel,Margherita Pizza,Artisan Personal Pizzas,Lunch; Dinner,"Thai Basil, Stracciatella Mozzarella",24.00,disneyland-hotel/palm-breeze-bar
2026-09-26,Palm Breeze Bar,Disneyland Hotel,Gochugaru-spiced Jumbo Shrimp,Entrées,Lunch; Dinner,"Charred Lemon, Garlic Rice, Baby Bok Choy, Stir-fried Vegetables",29.00,disneyland-hotel/palm-breeze-bar
2026-09-26,Palm Breeze Bar,Disneyland Hotel,Chicken Tenders,Entrées,Lunch; Dinner,Chicken Tenders and French Fries,22.00,disneyland-hotel/palm-breeze-bar
2026-09-26,Palm Breeze Bar,Disneyland Hotel,Grilled Prime Flat Iron Steak*,Entrées,Lunch; Dinner,"Charred Broccolini, Parmesan Snow, Lemon, Compound Herb Butter",42.00,disneyland-hotel/palm-breeze-bar
2026-09-26,Palm Breeze Bar,Disneyland Hotel,Power Pack,Disney Check Meals,Lunch; Dinner,"Yogurt Smoothie, Mandarin Orange, Whole Grain Fish Crackers. Meets Disney Nutrition Guidelines for Complete Meals without substitutions",8.00,disneyland-hotel/palm-breeze-bar
2026-09-26,Palm Breeze Bar,Disneyland Hotel,Grilled Chicken Breast,Disney Check Meals,Lunch; Dinner,"Brown Rice, Fruit or Seasonal Vegetables. Meets Disney Nutrition Guidelines for Complete Meals without substitutions",12.00,disneyland-hotel/palm-breeze-bar
2026-09-26,Palm Breeze Bar,Disneyland Hotel,Kid's Salmon,Kids' Menu,Lunch; Dinner,"Grilled Salmon and Brown Rice, served with Fresh Fruit or Seasonal Vegetables",12.00,disneyland-hotel/palm-breeze-bar
2026-09-26,Palm Breeze Bar,Disneyland Hotel,Cheesy Grilled Cheese,Kids' Menu,Lunch; Dinner,"American Cheese, Toasted Brioche, Seasoned French Fries or Fresh Fruit",12.00,disneyland-hotel/palm-breeze-bar
2026-09-26,Palm Breeze Bar,Disneyland Hotel,Cheeseburger Sliders,Kids' Menu,Lunch; Dinner,"American Cheese, Fries or Fresh Fruit",12.00,disneyland-hotel/palm-breeze-bar
2026-09-26,Palm Breeze Bar,Disneyland Hotel,Molten Chocolate Cake,Desserts,Lunch; Dinner,"Hot Fudge, Whipped Cream, Slivered Almonds",15.00,disneyland-hotel/palm-breeze-bar
2026-09-26,Palm Breeze Bar,Disneyland Hotel,Beignets,Desserts,Lunch; Dinner,"Chocolate, Caramel, Mixed Berry",15.00,disneyland-hotel/palm-breeze-bar
2026-09-26,Palm Breeze Bar,Disneyland Hotel,Chocolate Chip Cookie Sandwich,Desserts,Lunch; Dinner,"Chocolate Chip Cookies, Hand-scooped Vanilla Ice Cream",15.00,disneyland-hotel/palm-breeze-bar
2026-09-26,Palm Breeze Bar,Disneyland Hotel,Apricot Vodka Cocktail,Grove Grown Inspirations,Lunch; Dinner,"Grilled Apricot-infused Golden Eagle Vodka, Orange & Lemon Juices, Coconut Water, Vanilla Mint Simple Syrup",20.00,disneyland-hotel/palm-breeze-bar
2026-09-26,Palm Breeze Bar,Disneyland Hotel,Strawberry Thyme Fizz,Grove Grown Inspirations,Lunch; Dinner,"Tito’s Handmade Vodka, Cynar, Strawberry-Thyme Syrup, Lemon Juice, Prosecco",20.00,disneyland-hotel/palm-breeze-bar
2026-09-26,Palm Breeze Bar,Disneyland Hotel,Seasonal G & T,Grove Grown Inspirations,Lunch; Dinner,"Sip Smith Gin, St-Germain Elderflower, Black Pepper-Rosemary Syrup, Charred Meyer Lemon Juice, Elderflower Tonic Water",20.75,disneyland-hotel/palm-breeze-bar
2026-09-26,Palm Breeze Bar,Disneyland Hotel,Signature Breezy Marg,Grove Grown Inspirations,Lunch; Dinner,"Codigo Reposado Tequila, Charred Meyer Lemon Juice, Cointreau, Agave Nectar",23.00,disneyland-hotel/palm-breeze-bar
2026-09-26,Palm Breeze Bar,Disneyland Hotel,Tulum Time,Grove Grown Inspirations,Lunch; Dinner,"Ilegal Mezcal, Alma Tepac, Giffard Banana, Grapefruit Juice, Coco Lopez Coconut, Lime Juice",20.00,disneyland-hotel/palm-breeze-bar
2026-09-26,Palm Breeze Bar,Disneyland Hotel,Blackberry Basil Spritz,Grove Grown Inspirations,Lunch; Dinner,"Prosecco, Aperol, St-Germain Elderflower Liqueur, Blackberry Basil Syrup, Lemon Juice",21.00,disneyland-hotel/palm-breeze-bar
2026-09-26,Palm Breeze Bar,Disneyland Hotel,Berry Shandy,Grove Grown Inspirations,Lunch; Dinner,"Planteray Pineapple Rum, Luxardo Apricot Liqueur, Aperol, Pineapple Juice, Berry Syrup, Falernum, Kona Longboard Lager",18.00,disneyland-hotel/palm-breeze-bar
2026-09-26,Palm Breeze Bar,Disneyland Hotel,Desert Sour,Grove Grown Inspirations,Lunch; Dinner,"Fortaleza Reposado Tequila, Aperol, Grapefruit Sherbet, Lime Juice, Cinnamon Syrup",20.00,disneyland-hotel/palm-breeze-bar
2026-09-26,Palm Breeze Bar,Disneyland Hotel,Strawberry Peach Sangria,Grove Grown Inspirations,Lunch; Dinner,,17.00,disneyland-hotel/palm-breeze-bar
2026-09-26,Palm Breeze Bar,Disneyland Hotel,Coconut Martini,Wake Up Call,Lunch; Dinner,"Planteray Coconut Rum, Coffee Liqueur, Espresso, Pandan Demerara, Pandan Whipped Cream, Toasted Coconut Flakes",21.00,disneyland-hotel/palm-breeze-bar
2026-09-26,Palm Breeze Bar,Disneyland Hotel,Chocolate Matcha,Wake Up Call,Lunch; Dinner,"Golden Eagle Vodka, Fernet Branca, Crème de Cacao, Oatmilk, Coco Lopez Coconut Cream, Simple Syrup, Matcha Powder",23.00,disneyland-hotel/palm-breeze-bar
2026-09-26,Palm Breeze Bar,Disneyland Hotel,Blue Bee’s Knees,Stirred and Strong,Lunch; Dinner,"The Botanist Gin, Lemon Juice, Organic Honey, Blueberry Wine",20.00,disneyland-hotel/palm-breeze-bar
2026-09-26,Palm Breeze Bar,Disneyland Hotel,Oaxacan Old Fashioned,Stirred and Strong,Lunch; Dinner,"Ilegal Mezcal, Agave Nectar, Grapefruit Bitters",26.00,disneyland-hotel/palm-breeze-bar
2026-09-26,Palm Breeze Bar,Disneyland Hotel,Orange Bourbon Punch,Stirred and Strong,Lunch; Dinner,"Angel’s Envy Bourbon, Lemon, Simple Syrup, Strong Brew Orange Tea",25.00,disneyland-hotel/palm-breeze-bar
2026-09-26,Palm Breeze Bar,Disneyland Hotel,Marcie ’55,Stirred and Strong,Lunch; Dinner,"Buffalo Trace Bourbon, Mount Gay XO Rum, Averna Amaro, Fernet Branca, Plum and Burlesque Bitters, Lemon Essence",25.00,disneyland-hotel/palm-breeze-bar
2026-09-26,Palm Breeze Bar,Disneyland Hotel,Chilly Mango,Chilled Delights,Lunch; Dinner,"Don Julio Blanco Tequila, Frozen Mango Purée, Chamoy, Chili-Lime Seasoning",19.00,disneyland-hotel/palm-breeze-bar
2026-09-26,Palm Breeze Bar,Disneyland Hotel,Fifty–Five–Fifty,Chilled Delights,Lunch; Dinner,"Selva Coconut Rum, Frozen Coconut Purée, Peach Juice, Mint",19.00,disneyland-hotel/palm-breeze-bar
2026-09-26,Palm Breeze Bar,Disneyland Hotel,70th Celebration Non-Alcoholic Specialty Beverage,Non-Alcoholic Specialty Beverages,Lunch; Dinner,"Grapefruit Sherbet, Watermelon, Pineapple & Lemon Juices, Simple Syrup, Tonic Water",12.25,disneyland-hotel/palm-breeze-bar
2026-09-26,Palm Breeze Bar,Disneyland Hotel,Pineapple Cooler,Non-Alcoholic Specialty Beverages,Lunch; Dinner,"Pineapple Shrub, Orange Juice, Grenadine",10.75,disneyland-hotel/palm-breeze-bar
2026-09-26,Palm Breeze Bar,Disneyland Hotel,Citrus Ginger Ale,Non-Alcoholic Specialty Beverages,Lunch; Dinner,"Orange Juice, Lemon Juice, Grenadine, Ginger Beer",10.75,disneyland-hotel/palm-breeze-bar
2026-09-26,Palm Breeze Bar,Disneyland Hotel,Chilly Mango Slushy,Non-Alcoholic Specialty Beverages,Lunch; Dinner,"Frozen Mango Purée, Mint, Chamoy, Chile-Lime Seasoning",11.75,disneyland-hotel/palm-breeze-bar
2026-09-26,Palm Breeze Bar,Disneyland Hotel,Fifty–Five–Fifty Slushy,Non-Alcoholic Specialty Beverages,Lunch; Dinner,"Frozen Coconut Purée, Peach Juice, Mint",11.75,disneyland-hotel/palm-breeze-bar
2026-09-26,Palm Breeze Bar,Disneyland Hotel,Avissi Prosecco,Sparkling,Lunch; Dinner,Italy,42.00,disneyland-hotel/palm-breeze-bar
2026-09-26,Palm Breeze Bar,Disneyland Hotel,Domaine Ste. Michelle Sparkling,Sparkling,Lunch; Dinner,"Columbia Valley, Washington",51.00,disneyland-hotel/palm-breeze-bar
2026-09-26,Palm Breeze Bar,Disneyland Hotel,Laurent-Perrier La Cuvée Champagne,Sparkling,Lunch; Dinner,France,154.00,disneyland-hotel/palm-breeze-bar
2026-09-26,Palm Breeze Bar,Disneyland Hotel,Tenuta Polvaro Pinot Grigio,White,Lunch; Dinner,"Venice, Italy",42.00,disneyland-hotel/palm-breeze-bar
2026-09-26,Palm Breeze Bar,Disneyland Hotel,Daou Sauvignon Blanc,White,Lunch; Dinner,"Paso Robles, California",77.00,disneyland-hotel/palm-breeze-bar
2026-09-26,Palm Breeze Bar,Disneyland Hotel,The Fableist Chardonnay,White,Lunch; Dinner,"Paso Robles, California",50.00,disneyland-hotel/palm-breeze-bar
2026-09-26,Palm Breeze Bar,Disneyland Hotel,Post And Beam Chardonnay,White,Lunch; Dinner,"Napa Valley, California",95.00,disneyland-hotel/palm-breeze-bar
2026-09-26,Palm Breeze Bar,Disneyland Hotel,Heinz Eifel Spatlese Riesling,White,Lunch; Dinner,"Mosel, Germany",42.00,disneyland-hotel/palm-breeze-bar
2026-09-26,Palm Breeze Bar,Disneyland Hotel,Daou Rosé,Rosé,Lunch; Dinner,"Paso Robles, California",77.00,disneyland-hotel/palm-breeze-bar
2026-09-26,Palm Breeze Bar,Disneyland Hotel,"Fleur De Mer, Côtes De Provence",Rosé,Lunch; Dinner,"Provence, France",86.00,disneyland-hotel/palm-breeze-bar
2026-09-26,Palm Breeze Bar,Disneyland Hotel,Piper Sonoma Brut Rosé,Rosé,Lunch; Dinner,"Sonoma, California",62.00,disneyland-hotel/palm-breeze-bar
2026-09-26,Palm Breeze Bar,Disneyland Hotel,The Fableist Spider & Silkworm Pinot Noir,Red,Lunch; Dinner,"Paso Robles, California",68.00,disneyland-hotel/palm-breeze-bar
2026-09-26,Palm Breeze Bar,Disneyland Hotel,Stolpman Vineyards Syrah,Red,Lunch; Dinner,"Los Olivos, California",78.00,disneyland-hotel/palm-breeze-bar
2026-09-26,Palm Breeze Bar,Disneyland Hotel,Daou Cabernet Sauvignon,Red,Lunch; Dinner,"Paso Robles, California",88.00,disneyland-hotel/palm-breeze-bar
2026-09-26,Palm Breeze Bar,Disneyland Hotel,"Karl Strauss® Brewing Company, Windandsea Wheat",Drafts,Lunch; Dinner,(5.1% ABV),15.75,disneyland-hotel/palm-breeze-bar
2026-09-26,Palm Breeze Bar,Disneyland Hotel,"Victory Brewing Golden Monkey, Belgian-style Tripel",Drafts,Lunch; Dinner,(9.5% ABV),15.75,disneyland-hotel/palm-breeze-bar
2026-09-26,Palm Breeze Bar,Disneyland Hotel,"Michelob Ultra, American Lager",Drafts,Lunch; Dinner,(4.2% ABV),14.25,disneyland-hotel/palm-breeze-bar
2026-09-26,Palm Breeze Bar,Disneyland Hotel,Brewery X Huckleberry,Drafts,Lunch; Dinner,Hard Seltzer (5.0% ABV),15.75,disneyland-hotel/palm-breeze-bar
2026-09-26,Palm Breeze Bar,Disneyland Hotel,Noble Ale Works Pink Flamingo Lemonade,Drafts,Lunch; Dinner,Hard Seltzer (7.0% ABV),15.75,disneyland-hotel/palm-breeze-bar
2026-09-26,Palm Breeze Bar,Disneyland Hotel,Golden State Cider Jamaica,Drafts,Lunch; Dinner,Cider (5.8% ABV),17.25,disneyland-hotel/palm-breeze-bar
2026-09-26,Palm Breeze Bar,Disneyland Hotel,Honey Pot Meadery English Gentleman,Drafts,Lunch; Dinner,Cider (8.0% ABV),15.75,disneyland-hotel/palm-breeze-bar
2026-09-26,Palm Breeze Bar,Disneyland Hotel,4 Sons Sour K,Drafts,Lunch; Dinner,Imperial Sour Blonde (7.9% ABV),14.25,disneyland-hotel/palm-breeze-bar
2026-09-26,Palm Breeze Bar,Disneyland Hotel,Modelo Especial,Drafts,Lunch; Dinner,Mexican Lager (4.4% ABV),14.25,disneyland-hotel/palm-breeze-bar
2026-09-26,Palm Breeze Bar,Disneyland Hotel,Kona Brewing Co.,Drafts,Lunch; Dinner,Longboard Island Lager (4.6% ABV),14.25,disneyland-hotel/palm-breeze-bar
2026-09-26,Palm Breeze Bar,Disneyland Hotel,Brewery X Battlesnakes,Drafts,Lunch; Dinner,Pilsner (4.6% ABV),15.75,disneyland-hotel/palm-breeze-bar
2026-09-26,Palm Breeze Bar,Disneyland Hotel,Coronado Brewing Co. Salty Crew,Drafts,Lunch; Dinner,Blonde Ale (4.5% ABV),15.75,disneyland-hotel/palm-breeze-bar
2026-09-26,Palm Breeze Bar,Disneyland Hotel,Bottle Logic,Drafts,Lunch; Dinner,Blood Orange Blonde Ale (4.8% ABV),14.25,disneyland-hotel/palm-breeze-bar
2026-09-26,Palm Breeze Bar,Disneyland Hotel,Left Coast Una Mas,Drafts,Lunch; Dinner,Amber Ale (5.8% ABV),14.25,disneyland-hotel/palm-breeze-bar
2026-09-26,Palm Breeze Bar,Disneyland Hotel,Ritual Brewing Extra Red Ale,Drafts,Lunch; Dinner,Red Ale (6.5% ABV),14.25,disneyland-hotel/palm-breeze-bar
2026-09-26,Palm Breeze Bar,Disneyland Hotel,Karl Strauss® Boat Shoes,Drafts,Lunch; Dinner,Hazy IPA (7.2% ABV),15.75,disneyland-hotel/palm-breeze-bar
2026-09-26,Palm Breeze Bar,Disneyland Hotel,Smog City Park Hopper,Drafts,Lunch; Dinner,IPA (6.6% ABV),15.75,disneyland-hotel/palm-breeze-bar
2026-09-26,Palm Breeze Bar,Disneyland Hotel,Rationale,Canned & Bottled,Lunch; Dinner,Non-Alcoholic Mexican Style Lager,14.25,disneyland-hotel/palm-breeze-bar
2026-09-26,Palm Breeze Bar,Disneyland Hotel,Brewery X Huckleberry,Canned & Bottled,Lunch; Dinner,Hard Seltzer (5.0% ABV),15.00,disneyland-hotel/palm-breeze-bar
2026-09-26,GCH Craftsman Bar,Grand Californian Hotel,Brioche French Toast,Entrées,Breakfast,"Thick-sliced Brioche with Vanilla-sweetened Mascarpone, Fresh Berries, Powdered Sugar, and Blueberry Compote, served with Seasonal Fruit",21.00,grand-californian-hotel/craftsman-bar
2026-09-26,GCH Craftsman Bar,Grand Californian Hotel,American Breakfast*,Entrées,Breakfast,"Scrambled Eggs, Bacon or Sausage, Seasonal Fruit or Breakfast Potatoes and choice of Toast: Wheat, White or Sourdough",23.00,grand-californian-hotel/craftsman-bar
2026-09-26,GCH Craftsman Bar,Grand Californian Hotel,Farmers Market Frittata*,Entrées,Breakfast,"Eggs, Ham, Spinach, House Blend Cheese, Onions, Asparagus, Bell Peppers, Roasted Vine Tomato, Lemon Hollandaise, House Salad",20.00,grand-californian-hotel/craftsman-bar
2026-09-26,GCH Craftsman Bar,Grand Californian Hotel,Fruit Plate,Entrées,Breakfast,"Sliced Fruit, Local Citrus, Seasonal Berries, Lowfat Cottage Cheese",22.00,grand-californian-hotel/craftsman-bar
2026-09-26,GCH Craftsman Bar,Grand Californian Hotel,Smoked Salmon Bagel Sandwich,Entrées,Breakfast,"Caper Cream Cheese, Arugula, Tomato and Red Onions, Toasted Plain Bagel, served with Seasonal Fruit",24.00,grand-californian-hotel/craftsman-bar
2026-09-26,GCH Craftsman Bar,Grand Californian Hotel,Avocado Toast on Sourdough,Entrées,Breakfast,"Grilled Sourdough, Avocado, Poached Eggs, Ricotta, Chives, Crispy Garlic, Honey, Basil and Lemon Oil",22.00,grand-californian-hotel/craftsman-bar
2026-09-26,GCH Craftsman Bar,Grand Californian Hotel,Oatmeal,Entrées,Breakfast,"Old Fashioned Rolled Oats, Local Berries and Blackstrap Molasses Drizzle",12.00,grand-californian-hotel/craftsman-bar
2026-09-26,GCH Craftsman Bar,Grand Californian Hotel,Breakfast Sandwich,Entrées,Breakfast,"Croissant Bun, Scrambled Eggs, Bacon, Cheddar, Smoked Paprika Aïoli, Avocado, Waffled Hash Brown, House Salad",23.00,grand-californian-hotel/craftsman-bar
2026-09-26,GCH Craftsman Bar,Grand Californian Hotel,Belgian Waffle of the Month,Entrées,Breakfast,Please See Server for Details,21.00,grand-californian-hotel/craftsman-bar
2026-09-26,GCH Craftsman Bar,Grand Californian Hotel,Breakfast Burrito*,Entrées,Breakfast,"Eggs, Bacon, Potatoes, Pico de Gallo, Cheese, Flour Tortilla, Salsa Roja, Sour Cream, served with Seasonal Fruit",20.00,grand-californian-hotel/craftsman-bar
2026-09-26,GCH Craftsman Bar,Grand Californian Hotel,Power Pack,Kids' Disney Check Meal,Breakfast; Lunch; Dinner,"A Cuties® Mandarin Orange, Yogurt Smoothie, Carrots, Whole-Grain “Fish” Crackers, with Choice of small DASANI® Water or small Lowfat Milk. Meets Disney Nutrition Guidelines for Complete Meals without substitutions",7.00,grand-californian-hotel/craftsman-bar
2026-09-26,GCH Craftsman Bar,Grand Californian Hotel,Kids' American Breakfast*,Kids' Breakfast,Breakfast,"Scrambled Eggs, Turkey Bacon and Waffled Hash Browns, with Choice of Seasonal Fruit or Lowfat Yogurt and small DASANI® Water or small Lowfat Milk",9.00,grand-californian-hotel/craftsman-bar
2026-09-26,GCH Craftsman Bar,Grand Californian Hotel,Kids' Mickey Waffle,Kids' Breakfast,Breakfast,"Dusted with Powdered Sugar and Served with Syrup, with Choice of small DASANI® Water or small Lowfat Milk",9.00,grand-californian-hotel/craftsman-bar
2026-09-26,GCH Craftsman Bar,Grand Californian Hotel,Premium Still Mineral Water - Small,Non-Alcoholic Specialty Beverages,Breakfast,,7.00,grand-californian-hotel/craftsman-bar
2026-09-26,GCH Craftsman Bar,Grand Californian Hotel,Premium Still Mineral Water - Large,Non-Alcoholic Specialty Beverages,Breakfast,,10.00,grand-californian-hotel/craftsman-bar
2026-09-26,GCH Craftsman Bar,Grand Californian Hotel,Premium Sparkling Mineral Water - Small,Non-Alcoholic Specialty Beverages,Breakfast,,7.00,grand-californian-hotel/craftsman-bar
2026-09-26,GCH Craftsman Bar,Grand Californian Hotel,Premium Sparkling Mineral Water - Large,Non-Alcoholic Specialty Beverages,Breakfast,,10.00,grand-californian-hotel/craftsman-bar
2026-09-26,GCH Craftsman Bar,Grand Californian Hotel,Strawberry-Basil Smash,Non-Alcoholic Specialty Beverages,Breakfast,"Strawberry, Basil, Lime, Sparkling Water, garnished with Strawberry Fan and Basil Leaf",10.75,grand-californian-hotel/craftsman-bar
2026-09-26,GCH Craftsman Bar,Grand Californian Hotel,Grapefruit Fizz,Non-Alcoholic Specialty Beverages,Breakfast,"Grapefruit Juice, Sparkling Water, Simple Syrup, Orange Juice, garnished with half Grapefruit Wheel and Thyme Sprig",10.75,grand-californian-hotel/craftsman-bar
2026-09-26,GCH Craftsman Bar,Grand Californian Hotel,Avissi Prosecco Mimosa,Rise & Shine Cocktails,Breakfast,"with choice of Tangerine, Mango or Raspberry Juice",76.00,grand-californian-hotel/craftsman-bar
2026-09-26,GCH Craftsman Bar,Grand Californian Hotel,La Marca Luminore Prosecco Mimosa,Rise & Shine Cocktails,Breakfast,"with choice of Tangerine, Mango or Raspberry Juice",103.00,grand-californian-hotel/craftsman-bar
2026-09-26,GCH Craftsman Bar,Grand Californian Hotel,Schramsberg Blanc de Blancs Mimosa,Rise & Shine Cocktails,Breakfast,"with choice of Tangerine, Mango or Raspberry Juice",149.00,grand-californian-hotel/craftsman-bar
2026-09-26,GCH Craftsman Bar,Grand Californian Hotel,Café Especial,Rise & Shine Cocktails,Breakfast,"Dark Roasted Coffee, Herradura Blanco Tequila, Kahlúa, Cream, Whipped Cream",20.00,grand-californian-hotel/craftsman-bar
2026-09-26,GCH Craftsman Bar,Grand Californian Hotel,Grand Candied Orange Coffee,Rise & Shine Cocktails,Breakfast,"Dark Roasted Coffee, Grand Marnier, Brandy, Kahlúa, Cream, Whipped Cream, Orange Twist",22.00,grand-californian-hotel/craftsman-bar
2026-09-26,GCH Craftsman Bar,Grand Californian Hotel,Recuérdame Cocktail,Seasonal Offerings,Lunch; Dinner,"Casa Amigos Reposado, Passion Fruit, Green Bar Hibiscus Liqueur, Lemon Juice",23.00,grand-californian-hotel/craftsman-bar
2026-09-26,GCH Craftsman Bar,Grand Californian Hotel,Salmon Salad*,Entrées,Lunch; Dinner,"Salmon Filet, Cucumber, Avocado, Tomato, Sweet Peppers, Farro, Charred Green Onions, Shallots, Valbreso Sheep's Milk Feta, Pink Peppercorn Vinaigrette and Arugula (Substitute Flat Iron Steak or Chicken)",33.00,grand-californian-hotel/craftsman-bar
2026-09-26,GCH Craftsman Bar,Grand Californian Hotel,Flat Iron Steak Salad*,Entrées,Lunch; Dinner,"Kale and Romaine, Avocado, Corn, Jicama, Cherry Tomatoes, Cilantro, Crispy Tortilla Strips, Toasted Pepitas and Queso Fresco with Greek Yogurt Caesar Dressing",36.00,grand-californian-hotel/craftsman-bar
2026-09-26,GCH Craftsman Bar,Grand Californian Hotel,Avocado Panzanella,Entrées,Lunch; Dinner,"Avocado, Sourdough Bread, Baby Heirloom Tomatoes, Mediterranean Olives, Feta, Arugula and Charred Onion Chimichurri",25.00,grand-californian-hotel/craftsman-bar
2026-09-26,GCH Craftsman Bar,Grand Californian Hotel,Sticky Chicken Wings,Entrées,Lunch; Dinner,"White Rice, Gochujang BBQ sauce, Pickled Cucumber Slaw, Toasted Sesame Seeds, Green Onions, Aleppo Spice",28.00,grand-californian-hotel/craftsman-bar
2026-09-26,GCH Craftsman Bar,Grand Californian Hotel,Baked Nachos,Entrées,Lunch; Dinner,"Choice of Shredded Beef or Chicken, Tortilla Chips, Cheese Sauce, Shredded Cheese, Black Beans, Green Onions, Pickled Jalapeños, Cilantro, Queso Fresco, Avocado, Crema and Salsa Roja",29.00,grand-californian-hotel/craftsman-bar
2026-09-26,GCH Craftsman Bar,Grand Californian Hotel,Lobster Mac & Cheese,Entrées,Lunch; Dinner,"Fresh Elbow Pasta, Cold Water Lobster Tail, Cheddar Cheese Sauce, Sourdough Gremolata",37.00,grand-californian-hotel/craftsman-bar
2026-09-26,GCH Craftsman Bar,Grand Californian Hotel,Poke Bowl*,Entrées,Lunch; Dinner,"Tossed in Citrus Ponzu with Cucumber, Edamame, Avocado, Crab Salad, Green Onions, Radicchio, Pickled Seaweed, Furikake and Spicy Aïoli, choice of Sushi Grade Ahi Tuna or Salmon and Calrose Rice or Mixed Greens",32.00,grand-californian-hotel/craftsman-bar
2026-09-26,GCH Craftsman Bar,Grand Californian Hotel,Hot Dog of the Month,Entrées,Lunch; Dinner,Please Inquire with Server,22.00,grand-californian-hotel/craftsman-bar
2026-09-26,GCH Craftsman Bar,Grand Californian Hotel,Carne Asada Quesadilla,Entrées,Lunch; Dinner,"Grilled Carne Asada with Melted Cheese, Roasted Corn Relish, Black Beans and Green Onions, wrapped in a Flour Tortilla with Chipotle Crema, Fresno Chile, Cilantro and Limes",33.00,grand-californian-hotel/craftsman-bar
2026-09-26,GCH Craftsman Bar,Grand Californian Hotel,Craftsman Burger*,Entrées,Lunch; Dinner,"Cilantro-Mint Aïoli, White Onion, Sonoma Sharp White Cheddar, Iceberg Lettuce, Pickles and Tomato on a Brioche Bun, served with Fries",34.00,grand-californian-hotel/craftsman-bar
2026-09-26,GCH Craftsman Bar,Grand Californian Hotel,Margherita Pizza,Artisanal Pizzas,Lunch; Dinner,"Fresh Mozzarella, Fresh Basil, Fire-roasted Tomatoes, Artisan Cheese Blend",32.00,grand-californian-hotel/craftsman-bar
2026-09-26,GCH Craftsman Bar,Grand Californian Hotel,Classic Pepperoni Pizza,Artisanal Pizzas,Lunch; Dinner,"Premium Pepperoni, Artisan Cheese Blend",34.00,grand-californian-hotel/craftsman-bar
2026-09-26,GCH Craftsman Bar,Grand Californian Hotel,Forest Mushroom Impossible™ Sausage Pizza,Artisanal Pizzas,Lunch; Dinner,"Roasted Mushrooms, Plant-based Sausage, Mushroom Spread, Caramelized Onions, Green Onions, Fresh Mozzarella, Artisan Cheese Blend",33.00,grand-californian-hotel/craftsman-bar
2026-09-26,GCH Craftsman Bar,Grand Californian Hotel,Charcuterie Pizza,Artisanal Pizzas,Lunch; Dinner,"Premium Pepperoni, Prosciutto, Sausage, Arugula, Fire-roasted Tomatoes, Artisan Cheese Blend",35.00,grand-californian-hotel/craftsman-bar
2026-09-26,GCH Craftsman Bar,Grand Californian Hotel,Classic Sundae,Desserts,Lunch; Dinner,"Vanilla Ice Cream, Chocolate Sauce, Chantilly Cream, Toasted Almonds, topped with a Cherry",13.00,grand-californian-hotel/craftsman-bar
2026-09-26,GCH Craftsman Bar,Grand Californian Hotel,Parmesan-Crusted Grilled Cheese,Kids' Meals,Lunch; Dinner,served with Seasonal Fruit or French Fries and choice of small DASANI® Water or small Lowfat Milk,12.00,grand-californian-hotel/craftsman-bar
2026-09-26,GCH Craftsman Bar,Grand Californian Hotel,Chicken Tenders,Kids' Meals,Lunch; Dinner,served with Seasonal Fruit or French Fries and choice of small DASANI® Water or small Lowfat Milk,12.00,grand-californian-hotel/craftsman-bar
2026-09-26,GCH Craftsman Bar,Grand Californian Hotel,Hamburger,Kids' Meals,Lunch; Dinner,served with a Cuties® Mandarin Orange and Yogurt Smoothie and choice of small DASANI® Water or small Lowfat Milk,12.00,grand-californian-hotel/craftsman-bar
2026-09-26,GCH Craftsman Bar,Grand Californian Hotel,Strawberry-Basil Smash,Non-Alcoholic Drinks,Lunch; Dinner,"Strawberry, Basil, Lime, Sparkling Water, garnished with Strawberry Fan and Basil Leaf",10.75,grand-californian-hotel/craftsman-bar
2026-09-26,GCH Craftsman Bar,Grand Californian Hotel,Tropical Ginger Sparkler,Non-Alcoholic Drinks,Lunch; Dinner,"Ginger Beer, Lemon Juice, Orange Juice, Pineapple Juice, garnished with an Orange Wheel and a Pineapple Wedge",10.75,grand-californian-hotel/craftsman-bar
2026-09-26,GCH Craftsman Bar,Grand Californian Hotel,Rosemary-Pear Spritz,Non-Alcoholic Drinks,Lunch; Dinner,"Pear Nectar, Lemon Juice, garnished with Rosemary Sprig and Pear Slice",10.75,grand-californian-hotel/craftsman-bar
2026-09-26,GCH Craftsman Bar,Grand Californian Hotel,Grapefruit Fizz,Non-Alcoholic Drinks,Lunch; Dinner,"Grapefruit Juice, Sparkling Water, Simple Syrup, Orange Juice, garnished with half Grapefruit Wheel and Thyme Sprig",10.75,grand-californian-hotel/craftsman-bar
2026-09-26,GCH Craftsman Bar,Grand Californian Hotel,Premium Still Mineral Water - Small,Non-Alcoholic Drinks,Lunch; Dinner,,7.00,grand-californian-hotel/craftsman-bar
2026-09-26,GCH Craftsman Bar,Grand Californian Hotel,Premium Still Mineral Water - Large,Non-Alcoholic Drinks,Lunch; Dinner,,10.00,grand-californian-hotel/craftsman-bar
2026-09-26,GCH Craftsman Bar,Grand Californian Hotel,Premium Sparkling Mineral Water - Small,Non-Alcoholic Drinks,Lunch; Dinner,,7.00,grand-californian-hotel/craftsman-bar
2026-09-26,GCH Craftsman Bar,Grand Californian Hotel,Premium Sparkling Mineral Water - Large,Non-Alcoholic Drinks,Lunch; Dinner,,10.00,grand-californian-hotel/craftsman-bar
2026-09-26,GCH Craftsman Bar,Grand Californian Hotel,Paloma,Specialty Cocktails,Lunch; Dinner,"Codigo Reposado, Grapefruit Juice, Grapefruit Soda, Lime Juice, Cointreau, Lime Wheel",22.00,grand-californian-hotel/craftsman-bar
2026-09-26,GCH Craftsman Bar,Grand Californian Hotel,Grand Mai Tai,Specialty Cocktails,Lunch; Dinner,"Bacardi 8 Yr Aged Rum, Myers’s Original Dark Rum, Orange Curaçao, Orgeat (Almond), Lime Juice",22.00,grand-californian-hotel/craftsman-bar
2026-09-26,GCH Craftsman Bar,Grand Californian Hotel,Strawberry-Basil Daiquiri,Specialty Cocktails,Lunch; Dinner,"Flor De Caña Rum, Strawberry-Basil Syrup, Lime Juice, Lemon Juice",23.00,grand-californian-hotel/craftsman-bar
2026-09-26,GCH Craftsman Bar,Grand Californian Hotel,Under the Wisteria,Specialty Cocktails,Lunch; Dinner,"Hendrick’s Gin, Lemon Juice, Orgeat, Lavender Syrup, Grapefruit Juice, Topo Chico®",20.00,grand-californian-hotel/craftsman-bar
2026-09-26,GCH Craftsman Bar,Grand Californian Hotel,Craftsman Garden,Specialty Cocktails,Lunch; Dinner,"Ilegal Mezcal, Lemon Juice, Agave Nectar, Muddled Blackberries, garnished with beautiful Flowers",21.75,grand-californian-hotel/craftsman-bar
2026-09-26,GCH Craftsman Bar,Grand Californian Hotel,Watermelon-Cucumber Collins,Specialty Cocktails,Lunch; Dinner,"Tito’s Handmade Vodka, Watermelon Juice, Cucumber, Watermelon Syrup, Lime Juice",21.00,grand-californian-hotel/craftsman-bar
2026-09-26,GCH Craftsman Bar,Grand Californian Hotel,Frozen Rosé,Specialty Cocktails,Lunch; Dinner,"Daou Rosé, Tito’s Handmade Vodka, Strawberry Purée, Shaved Ice",22.00,grand-californian-hotel/craftsman-bar
2026-09-26,GCH Craftsman Bar,Grand Californian Hotel,Passion Fruit Mojito,Specialty Cocktails,Lunch; Dinner,"Flor De Caña Rum, Crème De Fruits De La Passion Liqueur, Passion Fruit Syrup, Lime Juice, Club Soda",22.00,grand-californian-hotel/craftsman-bar
2026-09-26,GCH Craftsman Bar,Grand Californian Hotel,Passion Fruit Martini,Specialty Cocktails,Lunch; Dinner,"Bourbon, Lemon Juice, Passion Fruit, Aperol, Thyme",21.00,grand-californian-hotel/craftsman-bar
2026-09-26,GCH Craftsman Bar,Grand Californian Hotel,Wayfinder,Specialty Cocktails,Lunch; Dinner,"Pineapple-Strawberry-infused Ketel One Vodka, St-Germain Elderflower Liqueur, Grapefruit Juice, Lemon Juice, Grapefruit Bitters, Citrus Syrup",21.00,grand-californian-hotel/craftsman-bar
2026-09-26,GCH Craftsman Bar,Grand Californian Hotel,Honey Gintini,Specialty Cocktails,Lunch; Dinner,"Hendrick’s Gin, Pineapple & Lemon Juices, Honey, Orange Marmalade",22.00,grand-californian-hotel/craftsman-bar
2026-09-26,GCH Craftsman Bar,Grand Californian Hotel,70th Celebration Cocktail,Specialty Cocktails,Lunch; Dinner,"Michter’s American Whiskey, Domaine Canton Ginger Liqueur, Lemon Juice, Honey Syrup, Ginger Ale, Bitters",23.00,grand-californian-hotel/craftsman-bar
2026-09-26,GCH Craftsman Bar,Grand Californian Hotel,Grand Gesture,Specialty Cocktails,Lunch; Dinner,"Flor de Caña 25yr Rum, Amaro Nonino, Carpano Antica Sweet Vermouth, Averna, Orange Bitters, Burnt Orange Peel Garnish",37.00,grand-californian-hotel/craftsman-bar
2026-09-26,GCH Craftsman Bar,Grand Californian Hotel,Casa Level Margarita,Specialty Cocktails,Lunch; Dinner,"Casamigos Reposado, Lime Juice, Cointreau, Agave Nectar",25.00,grand-californian-hotel/craftsman-bar
2026-09-26,GCH Craftsman Bar,Grand Californian Hotel,Hacienda Level Margarita,Specialty Cocktails,Lunch; Dinner,"Clase Azul Plata, Lime Juice, Cointreau, Agave Nectar",36.00,grand-californian-hotel/craftsman-bar
2026-09-26,GCH Craftsman Bar,Grand Californian Hotel,Mansion Level Margarita,Specialty Cocktails,Lunch; Dinner,"Don Julio 1942 Añejo Grand Marnier Centenaire, Lime Juice, Cointreau, Agave Nectar",76.00,grand-californian-hotel/craftsman-bar
2026-09-26,GCH Craftsman Bar,Grand Californian Hotel,Brugal 1888,Specialty Cocktails,Lunch; Dinner,Rum,10.00,grand-californian-hotel/craftsman-bar
2026-09-26,GCH Craftsman Bar,Grand Californian Hotel,Stone Buenaveza Salt & Lime Lager,Draft Beer,Lunch; Dinner,"Escondido, CA (4.7% ABV)",15.75,grand-californian-hotel/craftsman-bar
2026-09-26,GCH Craftsman Bar,Grand Californian Hotel,Barrelhouse Strawberry Daze Blond Ale,Draft Beer,Lunch; Dinner,"Paso Robles, CA (5.6% ABV)",15.75,grand-californian-hotel/craftsman-bar
2026-09-26,GCH Craftsman Bar,Grand Californian Hotel,Belching Beaver Party On Pilsner,Draft Beer,Lunch; Dinner,"San Diego, CA (5.0% ABV)",15.75,grand-californian-hotel/craftsman-bar
2026-09-26,GCH Craftsman Bar,Grand Californian Hotel,Calicraft Tiki Time Wheat,Draft Beer,Lunch; Dinner,"Walnut Creek, CA (6.5% ABV)",15.75,grand-californian-hotel/craftsman-bar
2026-09-26,GCH Craftsman Bar,Grand Californian Hotel,Offshoot Relax Hazy IPA,Draft Beer,Lunch; Dinner,"Placentia, CA (6.8% ABV)",17.25,grand-californian-hotel/craftsman-bar
2026-09-26,GCH Craftsman Bar,Grand Californian Hotel,Stereo Brewing IPA,Draft Beer,Lunch; Dinner,"Placentia, CA (7.2% ABV)",15.75,grand-californian-hotel/craftsman-bar
2026-09-26,GCH Craftsman Bar,Grand Californian Hotel,"Karl Strauss Brewing Co.®, 70th Anniversary IPA",Draft Beer,Lunch; Dinner,"San Diego, CA (7.0% ABV)",17.25,grand-californian-hotel/craftsman-bar
2026-09-26,GCH Craftsman Bar,Grand Californian Hotel,Modelo Especial,Bottled Beer,Lunch; Dinner,Mexico (4.4% ABV),12.75,grand-californian-hotel/craftsman-bar
2026-09-26,GCH Craftsman Bar,Grand Californian Hotel,Golden Road Street Cart Cerveza,Bottled Beer,Lunch; Dinner,"Los Angeles, CA (4.8% ABV)",12.75,grand-californian-hotel/craftsman-bar
2026-09-26,GCH Craftsman Bar,Grand Californian Hotel,Hangar 24 Orange Wheat,Bottled Beer,Lunch; Dinner,"Redlands, CA (4.6% ABV)",14.25,grand-californian-hotel/craftsman-bar
2026-09-26,GCH Craftsman Bar,Grand Californian Hotel,Budweiser,Bottled Beer,Lunch; Dinner,"St. Louis, MO (5.0% ABV)",12.75,grand-californian-hotel/craftsman-bar
2026-09-26,GCH Craftsman Bar,Grand Californian Hotel,Coors Light,Bottled Beer,Lunch; Dinner,"Golden, CO (4.2% ABV)",12.75,grand-californian-hotel/craftsman-bar
2026-09-26,GCH Craftsman Bar,Grand Californian Hotel,Heineken,Bottled Beer,Lunch; Dinner,Netherlands (5.0% ABV),12.75,grand-californian-hotel/craftsman-bar
2026-09-26,GCH Craftsman Bar,Grand Californian Hotel,Michelob Ultra,Bottled Beer,Lunch; Dinner,"St. Louis, MI (4.2% ABV)",12.75,grand-californian-hotel/craftsman-bar
2026-09-26,GCH Craftsman Bar,Grand Californian Hotel,Stella Artois,Bottled Beer,Lunch; Dinner,Belgium (5.0% ABV),12.75,grand-californian-hotel/craftsman-bar
2026-09-26,GCH Craftsman Bar,Grand Californian Hotel,Sierra Nevada Pale Ale,Bottled Beer,Lunch; Dinner,"Chico, CA (5.6% ABV)",14.25,grand-californian-hotel/craftsman-bar
2026-09-26,GCH Craftsman Bar,Grand Californian Hotel,Lagunitas IPNA Non-Alcoholic IPA,Bottled Beer,Lunch; Dinner,"Petaluma, CA (0.0% ABV)",12.75,grand-californian-hotel/craftsman-bar
2026-09-26,GCH Craftsman Bar,Grand Californian Hotel,Brewery X Watermelon Lime Seltzer,Bottled Beer,Lunch; Dinner,"Anaheim, CA (5.0% ABV)",12.75,grand-californian-hotel/craftsman-bar
2026-09-26,GCH Craftsman Bar,Grand Californian Hotel,2022 Caymus Vineyards California Cabernet Sauvignon,Wine,Lunch; Dinner,California,110.00,grand-californian-hotel/craftsman-bar
2026-09-26,GCH Craftsman Bar,Grand Californian Hotel,2022 Caymus Vineyards Napa Valley Cabernet Sauvignon,Wine,Lunch; Dinner,"Napa Valley, CA",240.00,grand-californian-hotel/craftsman-bar
2026-09-26,GCH Craftsman Bar,Grand Californian Hotel,Hubert Brochard Sancerre Tradition,Wine,Lunch; Dinner,"Loire Valley, France",118.00,grand-californian-hotel/craftsman-bar
2026-09-26,GCH Craftsman Bar,Grand Californian Hotel,2018 Flambeaux Cabernet Sauvignon,Wine,Lunch; Dinner,"Alexander Valley, CA",160.00,grand-californian-hotel/craftsman-bar
2026-09-26,GCH Craftsman Bar,Grand Californian Hotel,2022 Lingua Franca Estate Pinot Noir,Wine,Lunch; Dinner,"Willamette Valley, OR",126.00,grand-californian-hotel/craftsman-bar
2026-09-26,GCH Craftsman Bar,Grand Californian Hotel,Avissi Prosecco,Wine,Lunch; Dinner,Italy,76.00,grand-californian-hotel/craftsman-bar
2026-09-26,GCH Craftsman Bar,Grand Californian Hotel,La Marca Luminore Prosecco,Wine,Lunch; Dinner,Italy,103.00,grand-californian-hotel/craftsman-bar
2026-09-26,GCH Craftsman Bar,Grand Californian Hotel,Schramsberg Blanc de Blanc,Wine,Lunch; Dinner,"Napa-Sonoma, CA",132.00,grand-californian-hotel/craftsman-bar
2026-09-26,GCH Craftsman Bar,Grand Californian Hotel,"Veuve Clicquot Ponsardin, Yellow Label",Wine,Lunch; Dinner,"Reims, France",198.00,grand-californian-hotel/craftsman-bar
2026-09-26,GCH Craftsman Bar,Grand Californian Hotel,Cloudy Bay Sauvignon Blanc,Wine,Lunch; Dinner,"Marlborough, New Zealand",112.00,grand-californian-hotel/craftsman-bar
2026-09-26,GCH Craftsman Bar,Grand Californian Hotel,Massican Sauvignon Blanc,Wine,Lunch; Dinner,"Napa Valley, CA",86.00,grand-californian-hotel/craftsman-bar
2026-09-26,GCH Craftsman Bar,Grand Californian Hotel,Saint Clair Sauvignon Blanc,Wine,Lunch; Dinner,"Marlborough, New Zealand",103.00,grand-californian-hotel/craftsman-bar
2026-09-26,GCH Craftsman Bar,Grand Californian Hotel,Massican Pinot Grigio,Wine,Lunch; Dinner,"Napa Valley, CA",70.00,grand-californian-hotel/craftsman-bar
2026-09-26,GCH Craftsman Bar,Grand Californian Hotel,"Ferrari-Carano, Tré Terre Chardonnay",Wine,Lunch; Dinner,"Russian River, CA",86.00,grand-californian-hotel/craftsman-bar
2026-09-26,GCH Craftsman Bar,Grand Californian Hotel,Post & Beam Chardonnay,Wine,Lunch; Dinner,"Napa Valley, CA",95.00,grand-californian-hotel/craftsman-bar
2026-09-26,GCH Craftsman Bar,Grand Californian Hotel,ZD Chardonnay,Wine,Lunch; Dinner,"Napa Valley, CA",95.00,grand-californian-hotel/craftsman-bar
2026-09-26,GCH Craftsman Bar,Grand Californian Hotel,"Fleur De Mer, Côtes De Provence Rosé",Wine,Lunch; Dinner,"Provence, France",77.00,grand-californian-hotel/craftsman-bar
2026-09-26,GCH Craftsman Bar,Grand Californian Hotel,Chalone Estate Pinot Noir,Wine,Lunch; Dinner,"Monterey, CA",86.00,grand-californian-hotel/craftsman-bar
2026-09-26,GCH Craftsman Bar,Grand Californian Hotel,Etude Pinot Noir,Wine,Lunch; Dinner,"Carneros, Napa, CA",112.00,grand-californian-hotel/craftsman-bar
2026-09-26,GCH Craftsman Bar,Grand Californian Hotel,Flowers Pinot Noir,Wine,Lunch; Dinner,"Sonoma, CA",138.00,grand-californian-hotel/craftsman-bar
2026-09-26,GCH Craftsman Bar,Grand Californian Hotel,"J. Lohr, Hilltop Cabernet Sauvignon",Wine,Lunch; Dinner,"Paso Robles, CA",78.00,grand-californian-hotel/craftsman-bar
2026-09-26,GCH Craftsman Bar,Grand Californian Hotel,Post & Beam by Far Niente Cabernet Sauvignon,Wine,Lunch; Dinner,"Napa Valley, CA",121.00,grand-californian-hotel/craftsman-bar
2026-09-26,GCH Craftsman Bar,Grand Californian Hotel,Frank Family Cabernet Sauvignon,Wine,Lunch; Dinner,"Napa Valley, CA",167.00,grand-californian-hotel/craftsman-bar
2026-09-26,GCH Craftsman Bar,Grand Californian Hotel,ZD Cabernet Sauvignon,Wine,Lunch; Dinner,"Napa Valley, CA",200.00,grand-californian-hotel/craftsman-bar
2026-09-26,GCH Craftsman Bar,Grand Californian Hotel,Avion RSV Cristalino,Tequila & Mezcal,Lunch; Dinner,,40.00,grand-californian-hotel/craftsman-bar
2026-09-26,GCH Craftsman Bar,Grand Californian Hotel,Komos Cristalino,Tequila & Mezcal,Lunch; Dinner,,40.00,grand-californian-hotel/craftsman-bar
2026-09-26,GCH Craftsman Bar,Grand Californian Hotel,Casa Dragones Blanco,Tequila & Mezcal,Lunch; Dinner,,51.00,grand-californian-hotel/craftsman-bar
2026-09-26,GCH Craftsman Bar,Grand Californian Hotel,Casa Dragones Joven,Tequila & Mezcal,Lunch; Dinner,,70.00,grand-californian-hotel/craftsman-bar
2026-09-26,GCH Craftsman Bar,Grand Californian Hotel,Cincoro Blanco,Tequila & Mezcal,Lunch; Dinner,,27.00,grand-californian-hotel/craftsman-bar
2026-09-26,GCH Craftsman Bar,Grand Californian Hotel,Clase Azul Plata,Tequila & Mezcal,Lunch; Dinner,,54.00,grand-californian-hotel/craftsman-bar
2026-09-26,GCH Craftsman Bar,Grand Californian Hotel,Don Julio Blanco,Tequila & Mezcal,Lunch; Dinner,,20.00,grand-californian-hotel/craftsman-bar
2026-09-26,GCH Craftsman Bar,Grand Californian Hotel,Herradura Silver,Tequila & Mezcal,Lunch; Dinner,,20.00,grand-californian-hotel/craftsman-bar
2026-09-26,GCH Craftsman Bar,Grand Californian Hotel,Patrón El Chielo,Tequila & Mezcal,Lunch; Dinner,,36.00,grand-californian-hotel/craftsman-bar
2026-09-26,GCH Craftsman Bar,Grand Californian Hotel,Patrón Silver,Tequila & Mezcal,Lunch; Dinner,,21.00,grand-californian-hotel/craftsman-bar
2026-09-26,GCH Craftsman Bar,Grand Californian Hotel,Reserva de la Familia by Jose Cuervo Platino,Tequila & Mezcal,Lunch; Dinner,,18.50,grand-californian-hotel/craftsman-bar
2026-09-26,GCH Craftsman Bar,Grand Californian Hotel,Casa Dragones Reposado,Tequila & Mezcal,Lunch; Dinner,,42.00,grand-californian-hotel/craftsman-bar
2026-09-26,GCH Craftsman Bar,Grand Californian Hotel,Casamigos Reposado,Tequila & Mezcal,Lunch; Dinner,,18.25,grand-californian-hotel/craftsman-bar
2026-09-26,GCH Craftsman Bar,Grand Californian Hotel,Clase Azul Reposado,Tequila & Mezcal,Lunch; Dinner,,58.00,grand-californian-hotel/craftsman-bar
2026-09-26,GCH Craftsman Bar,Grand Californian Hotel,Patrón El Alto,Tequila & Mezcal,Lunch; Dinner,,42.00,grand-californian-hotel/craftsman-bar
2026-09-26,GCH Craftsman Bar,Grand Californian Hotel,Clase Azul Durango,Tequila & Mezcal,Lunch; Dinner,,76.00,grand-californian-hotel/craftsman-bar
2026-09-26,GCH Craftsman Bar,Grand Californian Hotel,Clase Azul Guerrero,Tequila & Mezcal,Lunch; Dinner,,170.00,grand-californian-hotel/craftsman-bar
2026-09-26,GCH Craftsman Bar,Grand Californian Hotel,Creyente Azul Añejo Cristalino Mezcal,Tequila & Mezcal,Lunch; Dinner,,41.00,grand-californian-hotel/craftsman-bar
2026-09-26,GCH Craftsman Bar,Grand Californian Hotel,Ilegal Mezcal,Tequila & Mezcal,Lunch; Dinner,,20.00,grand-californian-hotel/craftsman-bar
2026-09-26,GCH Craftsman Bar,Grand Californian Hotel,1800 Añejo GuachiMonton,Tequila & Mezcal,Lunch; Dinner,,42.00,grand-californian-hotel/craftsman-bar
2026-09-26,GCH Craftsman Bar,Grand Californian Hotel,1800 Milenio Extra Añejo,Tequila & Mezcal,Lunch; Dinner,,64.00,grand-californian-hotel/craftsman-bar
2026-09-26,GCH Craftsman Bar,Grand Californian Hotel,Adictivo 14 Year DBL Black Extra Rare,Tequila & Mezcal,Lunch; Dinner,,225.00,grand-californian-hotel/craftsman-bar
2026-09-26,GCH Craftsman Bar,Grand Californian Hotel,Adictivo Tequila 14yr Extra Añejo,Tequila & Mezcal,Lunch; Dinner,,220.00,grand-californian-hotel/craftsman-bar
2026-09-26,GCH Craftsman Bar,Grand Californian Hotel,AMAN Añejo El Professor,Tequila & Mezcal,Lunch; Dinner,,42.00,grand-californian-hotel/craftsman-bar
2026-09-26,GCH Craftsman Bar,Grand Californian Hotel,Casa Maestri Extra Añejo 10 yr Anniversary,Tequila & Mezcal,Lunch; Dinner,,180.00,grand-californian-hotel/craftsman-bar
2026-09-26,GCH Craftsman Bar,Grand Californian Hotel,Cincoro Añejo,Tequila & Mezcal,Lunch; Dinner,,40.00,grand-californian-hotel/craftsman-bar
2026-09-26,GCH Craftsman Bar,Grand Californian Hotel,Cincoro Extra Añejo,Tequila & Mezcal,Lunch; Dinner,,425.00,grand-californian-hotel/craftsman-bar
2026-09-26,GCH Craftsman Bar,Grand Californian Hotel,Cincoro Gold,Tequila & Mezcal,Lunch; Dinner,,82.00,grand-californian-hotel/craftsman-bar
2026-09-26,GCH Craftsman Bar,Grand Californian Hotel,Clase Azul Añejo,Tequila & Mezcal,Lunch; Dinner,,160.00,grand-californian-hotel/craftsman-bar
2026-09-26,GCH Craftsman Bar,Grand Californian Hotel,Clase Azul Gold,Tequila & Mezcal,Lunch; Dinner,,200.00,grand-californian-hotel/craftsman-bar
2026-09-26,GCH Craftsman Bar,Grand Californian Hotel,Corralejo 1821 Extra Añejo,Tequila & Mezcal,Lunch; Dinner,,44.00,grand-californian-hotel/craftsman-bar
2026-09-26,GCH Craftsman Bar,Grand Californian Hotel,Don Julio 1942,Tequila & Mezcal,Lunch; Dinner,,31.00,grand-californian-hotel/craftsman-bar
2026-09-26,GCH Craftsman Bar,Grand Californian Hotel,Don Julio Añejo,Tequila & Mezcal,Lunch; Dinner,,20.00,grand-californian-hotel/craftsman-bar
2026-09-26,GCH Craftsman Bar,Grand Californian Hotel,Grand Mayan Ultra Aged Añejo,Tequila & Mezcal,Lunch; Dinner,,51.00,grand-californian-hotel/craftsman-bar
2026-09-26,GCH Craftsman Bar,Grand Californian Hotel,Herradura 150 Aniversario Extra Añejo,Tequila & Mezcal,Lunch; Dinner,,120.00,grand-californian-hotel/craftsman-bar
2026-09-26,GCH Craftsman Bar,Grand Californian Hotel,Herradura Añejo,Tequila & Mezcal,Lunch; Dinner,,80.00,grand-californian-hotel/craftsman-bar
2026-09-26,GCH Craftsman Bar,Grand Californian Hotel,Komos Extra Añejo,Tequila & Mezcal,Lunch; Dinner,,125.00,grand-californian-hotel/craftsman-bar
2026-09-26,GCH Craftsman Bar,Grand Californian Hotel,Maestro Dobel 50 Extra Añejo 1968,Tequila & Mezcal,Lunch; Dinner,,325.00,grand-californian-hotel/craftsman-bar
2026-09-26,GCH Craftsman Bar,Grand Californian Hotel,Maestro Dobel 50 Extra Añejo 1969,Tequila & Mezcal,Lunch; Dinner,,325.00,grand-californian-hotel/craftsman-bar
2026-09-26,GCH Craftsman Bar,Grand Californian Hotel,Maestro Dobel 50 Extra Añejo 1970,Tequila & Mezcal,Lunch; Dinner,,250.00,grand-californian-hotel/craftsman-bar
2026-09-26,GCH Craftsman Bar,Grand Californian Hotel,Nosotros Añejo,Tequila & Mezcal,Lunch; Dinner,,37.00,grand-californian-hotel/craftsman-bar
2026-09-26,GCH Craftsman Bar,Grand Californian Hotel,Nosotros Cider Añejo,Tequila & Mezcal,Lunch; Dinner,,89.00,grand-californian-hotel/craftsman-bar
2026-09-26,GCH Craftsman Bar,Grand Californian Hotel,Number Juan Limited Edition Juan In A Million Extra Añejo,Tequila & Mezcal,Lunch; Dinner,,140.00,grand-californian-hotel/craftsman-bar
2026-09-26,GCH Craftsman Bar,Grand Californian Hotel,Patron Añejo,Tequila & Mezcal,Lunch; Dinner,,24.50,grand-californian-hotel/craftsman-bar
2026-09-26,GCH Craftsman Bar,Grand Californian Hotel,Tears of Llorona,Tequila & Mezcal,Lunch; Dinner,,56.00,grand-californian-hotel/craftsman-bar
2026-09-26,GCH Craftsman Bar,Grand Californian Hotel,Clase Azul Ultra,Tequila & Mezcal,Lunch; Dinner,,490.00,grand-californian-hotel/craftsman-bar
2026-09-26,GCH Craftsman Bar,Grand Californian Hotel,Clase Azul 25th Anniversary,Tequila & Mezcal,Lunch; Dinner,,540.00,grand-californian-hotel/craftsman-bar
2026-09-26,GCH Craftsman Bar,Grand Californian Hotel,Clase Azul Dia De Los Muertos,Tequila & Mezcal,Lunch; Dinner,,750.00,grand-californian-hotel/craftsman-bar
2026-09-26,GCH Craftsman Bar,Grand Californian Hotel,Maestro Dobel 50 Silver Oak,Tequila & Mezcal,Lunch; Dinner,,300.00,grand-californian-hotel/craftsman-bar
2026-09-26,GCH Craftsman Bar,Grand Californian Hotel,Maestro Dobel 50 1967 Extra Añejo,Tequila & Mezcal,Lunch; Dinner,,325.00,grand-californian-hotel/craftsman-bar
2026-09-26,GCH Craftsman Bar,Grand Californian Hotel,Tequila Komos XO Extra Añejo,Tequila & Mezcal,Lunch; Dinner,,550.00,grand-californian-hotel/craftsman-bar
2026-09-26,Hearthstone Lounge,Grand Californian Hotel,Recuérdame Cocktail,Craft Cocktails,Lunch; Dinner,"Casa Amigos Reposado, Passion Fruit, Green Bar Hibiscus Liqueur, Lemon Juice",23.00,grand-californian-hotel/hearthstone-lounge
2026-09-26,Hearthstone Lounge,Grand Californian Hotel,Gin Martini Flight,Craft Cocktails,Lunch; Dinner,Enjoy our hand-selected specialty Gin flight proudly featuring the No. 3 London Dry Gin. Each glass features a unique handcrafted cocktail designed to delight each of your senses.,30.00,grand-californian-hotel/hearthstone-lounge
2026-09-26,Hearthstone Lounge,Grand Californian Hotel,The Fireside Chapter,Craft Cocktails,Lunch; Dinner,"The Macallan 12yr, Drambuie, Highland Park 12yr, Heering Cherry Liqueur, Angostura Bitters",28.00,grand-californian-hotel/hearthstone-lounge
2026-09-26,Hearthstone Lounge,Grand Californian Hotel,The Golden Promise,Craft Cocktails,Lunch; Dinner,"Beverly High Rye, 100yr Grand Marnier Liqueur, Lemon Juice, Honey, Egg White",28.00,grand-californian-hotel/hearthstone-lounge
2026-09-26,Hearthstone Lounge,Grand Californian Hotel,Hummingbird,Craft Cocktails,Lunch; Dinner,"Licor 43, Lemon Juice, Hennessy Cognac, Firewater Spicy Bitters",22.00,grand-californian-hotel/hearthstone-lounge
2026-09-26,Hearthstone Lounge,Grand Californian Hotel,Curious Cabin,Craft Cocktails,Lunch; Dinner,"Don Julio Blanco Tequila, Prickly Pear, Orinoco Bitters, Lime Juice",21.75,grand-californian-hotel/hearthstone-lounge
2026-09-26,Hearthstone Lounge,Grand Californian Hotel,Ultimate Margarita,Craft Cocktails,Lunch; Dinner,"LALO Blanco Tequila, Grand Marnier Centenaire, Agave, Lime Juice",27.00,grand-californian-hotel/hearthstone-lounge
2026-09-26,Hearthstone Lounge,Grand Californian Hotel,Rum Vanilla Espresso Martini,Craft Cocktails,Lunch; Dinner,"Flor de Caña Espresso Liqueur, Grey Goose Vanilla, Espresso, Sea Salt",23.00,grand-californian-hotel/hearthstone-lounge
2026-09-26,Hearthstone Lounge,Grand Californian Hotel,Ink and Ember,Craft Cocktails,Lunch; Dinner,"Whistle Pig Boss Hog, Dry Vermouth, Amaro Nomino, Black Pepper Honey, Orange Bitters, Truffle Saline",80.00,grand-californian-hotel/hearthstone-lounge
2026-09-26,Hearthstone Lounge,Grand Californian Hotel,Hearthstone Old Fashioned,Craft Cocktails,Lunch; Dinner,"The Beverly Orange Wine Cask Finished Blended American Whiskey, Angostura Bitters, Luxardo Liqueur, Demerara, Luxardo Cherry, Orange Peel, Hickory Smoked",37.00,grand-californian-hotel/hearthstone-lounge
2026-09-26,Hearthstone Lounge,Grand Californian Hotel,Emerald Hearth,Craft Cocktails,Lunch; Dinner,"Hendrick's Gin, St-Germain Elderflower Liqueur, Green Chartreuse, Luxardo Liqueur, Lime Juice, Cucumber",21.00,grand-californian-hotel/hearthstone-lounge
2026-09-26,Hearthstone Lounge,Grand Californian Hotel,Japanese Sour,Craft Cocktails,Lunch; Dinner,"Sekk Sato Shiki Single Grain Whiskey, Domaine Canton Ginger Liqueur, Honey Syrup, Egg White, Serrano Chile, Lemon Juice",24.00,grand-californian-hotel/hearthstone-lounge
2026-09-26,Hearthstone Lounge,Grand Californian Hotel,Honey Gintini,Craft Cocktails,Lunch; Dinner,"Hendrick’s Gin, Pineapple & Lemon Juices, Honey, Orange Marmalade",22.00,grand-californian-hotel/hearthstone-lounge
2026-09-26,Hearthstone Lounge,Grand Californian Hotel,The Dilemma,Craft Cocktails,Lunch; Dinner,"Meilleur Ouvrier Chartreuse, Empress 1908 Gin, Lime Juice, Falernum Syrup, Pineapple Juice",42.00,grand-californian-hotel/hearthstone-lounge
2026-09-26,Hearthstone Lounge,Grand Californian Hotel,Paradisi Patch,Non-Alcoholic Specialty Beverages,Lunch; Dinner,"Fever-Tree Sparkling Pink Grapefruit, Falernum, Lime Juice, Grapefruit Juice, Garnished with a Grapefruit Wheel",10.25,grand-californian-hotel/hearthstone-lounge
2026-09-26,Hearthstone Lounge,Grand Californian Hotel,Crisp Spring,Non-Alcoholic Specialty Beverages,Lunch; Dinner,"White Grape Juice, Premium Sparkling Water, Lemon Juice, Pomegranate Juice, Garnished with Mint Sprigs",10.25,grand-californian-hotel/hearthstone-lounge
2026-09-26,Hearthstone Lounge,Grand Californian Hotel,Peach Meadows,Non-Alcoholic Specialty Beverages,Lunch; Dinner,"Peach Juice, Sparkling Mineral Water, Sage Essence, Lemon Juice, Garnished with a Lemon Wedge",10.25,grand-californian-hotel/hearthstone-lounge
2026-09-26,Hearthstone Lounge,Grand Californian Hotel,Orchard Swig,Non-Alcoholic Specialty Beverages,Lunch; Dinner,"Apple Cider, Cinnamon, Orgeat, Ginger Beer, Garnished with a Cinnamon-Dusted Apple Slice and Luxardo Cherries",10.25,grand-californian-hotel/hearthstone-lounge
2026-09-26,Hearthstone Lounge,Grand Californian Hotel,Premium Still,Bottled Mineral Water,Lunch; Dinner,Small 375 mL Bottle,7.00,grand-californian-hotel/hearthstone-lounge
2026-09-26,Hearthstone Lounge,Grand Californian Hotel,Premium Still,Bottled Mineral Water,Lunch; Dinner,Large 1 L Bottle,10.00,grand-californian-hotel/hearthstone-lounge
2026-09-26,Hearthstone Lounge,Grand Californian Hotel,Premium Sparkling,Bottled Mineral Water,Lunch; Dinner,Large 1 L Bottle,10.00,grand-californian-hotel/hearthstone-lounge
2026-09-26,Hearthstone Lounge,Grand Californian Hotel,"Robert Hall, Artisan Collection Grenache Blanc",Wine,Lunch; Dinner,"Paso Robles, CA",94.00,grand-californian-hotel/hearthstone-lounge
2026-09-26,Hearthstone Lounge,Grand Californian Hotel,"La Marca Luminore, Prosecco",Wine,Lunch; Dinner,Italy,99.00,grand-californian-hotel/hearthstone-lounge
2026-09-26,Hearthstone Lounge,Grand Californian Hotel,"Schramsberg, Blanc de Blancs",Wine,Lunch; Dinner,"Napa-Sonoma, CA",132.00,grand-californian-hotel/hearthstone-lounge
2026-09-26,Hearthstone Lounge,Grand Californian Hotel,"Laurent-Perrier, La Cuvée",Wine,Lunch; Dinner,"Champagne, France",154.00,grand-californian-hotel/hearthstone-lounge
2026-09-26,Hearthstone Lounge,Grand Californian Hotel,"Veuve Clicquot, Ponsardin, Yellow Label, Brut",Wine,Lunch; Dinner,"Reims, France",198.00,grand-californian-hotel/hearthstone-lounge
2026-09-26,Hearthstone Lounge,Grand Californian Hotel,Dom Pérignon,Wine,Lunch; Dinner,"Champagne, France",600.00,grand-californian-hotel/hearthstone-lounge
2026-09-26,Hearthstone Lounge,Grand Californian Hotel,"Massican, Sauvignon Blanc",Wine,Lunch; Dinner,"Napa Valley, CA",86.00,grand-californian-hotel/hearthstone-lounge
2026-09-26,Hearthstone Lounge,Grand Californian Hotel,Château de Sancerre,Wine,Lunch; Dinner,"Loire Valley, France",118.00,grand-californian-hotel/hearthstone-lounge
2026-09-26,Hearthstone Lounge,Grand Californian Hotel,Saint Clair,Wine,Lunch; Dinner,"Marlborough, New Zealand",103.00,grand-californian-hotel/hearthstone-lounge
2026-09-26,Hearthstone Lounge,Grand Californian Hotel,Cloudy Bay,Wine,Lunch; Dinner,"Marlborough, New Zealand",112.00,grand-californian-hotel/hearthstone-lounge
2026-09-26,Hearthstone Lounge,Grand Californian Hotel,"Massican, Pinot Grigio",Wine,Lunch; Dinner,"Napa Valley, CA",70.00,grand-californian-hotel/hearthstone-lounge
2026-09-26,Hearthstone Lounge,Grand Californian Hotel,Jermann,Wine,Lunch; Dinner,Italy,103.00,grand-californian-hotel/hearthstone-lounge
2026-09-26,Hearthstone Lounge,Grand Californian Hotel,"Ferrari-Carano, Tré Terre",Wine,Lunch; Dinner,"Russian River, CA",78.00,grand-californian-hotel/hearthstone-lounge
2026-09-26,Hearthstone Lounge,Grand Californian Hotel,Post & Beam,Wine,Lunch; Dinner,"Napa Valley, CA",94.00,grand-californian-hotel/hearthstone-lounge
2026-09-26,Hearthstone Lounge,Grand Californian Hotel,"ZD, Chardonnay",Wine,Lunch; Dinner,"Napa Valley, CA",95.00,grand-californian-hotel/hearthstone-lounge
2026-09-26,Hearthstone Lounge,Grand Californian Hotel,Grgich Hills Estate,Wine,Lunch; Dinner,"Napa Valley, CA",193.00,grand-californian-hotel/hearthstone-lounge
2026-09-26,Hearthstone Lounge,Grand Californian Hotel,"Chateau Ste. Michelle, Eroica",Wine,Lunch; Dinner,"Columbia Valley, WA",68.00,grand-californian-hotel/hearthstone-lounge
2026-09-26,Hearthstone Lounge,Grand Californian Hotel,"Fleur De Mer, Côtes De Provence",Wine,Lunch; Dinner,"Provence, France",77.00,grand-californian-hotel/hearthstone-lounge
2026-09-26,Hearthstone Lounge,Grand Californian Hotel,"Pinot Noir, Chalone Estate",Wine,Lunch; Dinner,"Monterey, CA",86.00,grand-californian-hotel/hearthstone-lounge
2026-09-26,Hearthstone Lounge,Grand Californian Hotel,Lingua Franca Estate Pinot Noir,Wine,Lunch; Dinner,"Willamette Valley, OR",126.00,grand-californian-hotel/hearthstone-lounge
2026-09-26,Hearthstone Lounge,Grand Californian Hotel,"Pinot Noir, Flowers",Wine,Lunch; Dinner,"Sonoma, CA",138.00,grand-californian-hotel/hearthstone-lounge
2026-09-26,Hearthstone Lounge,Grand Californian Hotel,"Pinot Noir, Enroute",Wine,Lunch; Dinner,"Russian River, Sonoma County, CA",141.00,grand-californian-hotel/hearthstone-lounge
2026-09-26,Hearthstone Lounge,Grand Californian Hotel,Domaine Serene Yamhill Cuvée Pinot Noir,Wine,Lunch; Dinner,"Willamette Valley, OR",180.00,grand-californian-hotel/hearthstone-lounge
2026-09-26,Hearthstone Lounge,Grand Californian Hotel,"Merlot, Duckhorn",Wine,Lunch; Dinner,"Napa Valley, CA",127.00,grand-californian-hotel/hearthstone-lounge
2026-09-26,Hearthstone Lounge,Grand Californian Hotel,"Cabernet Sauvignon, J. Lohr, Hilltop",Wine,Lunch; Dinner,"Paso Robles, CA",78.00,grand-californian-hotel/hearthstone-lounge
2026-09-26,Hearthstone Lounge,Grand Californian Hotel,2022 Caymus California Cabernet Sauvignon,Wine,Lunch; Dinner,California,110.00,grand-californian-hotel/hearthstone-lounge
2026-09-26,Hearthstone Lounge,Grand Californian Hotel,Flambeaux Cabernet Sauvignon,Wine,Lunch; Dinner,"Alexander Valley, CA",160.00,grand-californian-hotel/hearthstone-lounge
2026-09-26,Hearthstone Lounge,Grand Californian Hotel,"Cabernet Sauvignon, Penfolds 704",Wine,Lunch; Dinner,"Napa Valley, CA",176.00,grand-californian-hotel/hearthstone-lounge
2026-09-26,Hearthstone Lounge,Grand Californian Hotel,"Cabernet Sauvignon, Groth",Wine,Lunch; Dinner,"Napa Valley, CA",198.00,grand-californian-hotel/hearthstone-lounge
2026-09-26,Hearthstone Lounge,Grand Californian Hotel,"Cabernet Sauvignon, ZD",Wine,Lunch; Dinner,"Napa Valley, CA",200.00,grand-californian-hotel/hearthstone-lounge
2026-09-26,Hearthstone Lounge,Grand Californian Hotel,Caymus Vineyards Cabernet Sauvignon,Wine,Lunch; Dinner,"Napa Valley, CA",240.00,grand-californian-hotel/hearthstone-lounge
2026-09-26,Hearthstone Lounge,Grand Californian Hotel,"Zinfandel, Ridge, Three Valleys",Wine,Lunch; Dinner,"Sonoma County, CA",94.00,grand-californian-hotel/hearthstone-lounge
2026-09-26,Hearthstone Lounge,Grand Californian Hotel,"Red Blend, Chappellet Mountain Cuvée",Wine,Lunch; Dinner,"Napa Valley, CA",110.00,grand-californian-hotel/hearthstone-lounge
2026-09-26,Hearthstone Lounge,Grand Californian Hotel,Belching Beaver Party on Pilsner - Draft,Beer,Lunch; Dinner,"San Diego, CA (5.0% ABV)",15.75,grand-californian-hotel/hearthstone-lounge
2026-09-26,Hearthstone Lounge,Grand Californian Hotel,Coors Light,Beer,Lunch; Dinner,"Golden, CO (4.2% ABV)",12.75,grand-californian-hotel/hearthstone-lounge
2026-09-26,Hearthstone Lounge,Grand Californian Hotel,Miller Lite,Beer,Lunch; Dinner,"Milwaukee, WI (4.2% ABV)",12.75,grand-californian-hotel/hearthstone-lounge
2026-09-26,Hearthstone Lounge,Grand Californian Hotel,Corona Extra,Beer,Lunch; Dinner,Mexico (4.6% ABV),12.75,grand-californian-hotel/hearthstone-lounge
2026-09-26,Hearthstone Lounge,Grand Californian Hotel,Modelo Especial - Draft,Beer,Lunch; Dinner,Mexico (4.4% ABV),14.25,grand-californian-hotel/hearthstone-lounge
2026-09-26,Hearthstone Lounge,Grand Californian Hotel,Kona Longboard Island Lager,Beer,Lunch; Dinner,"Kona, Hawaii (4.6% ABV)",12.75,grand-californian-hotel/hearthstone-lounge
2026-09-26,Hearthstone Lounge,Grand Californian Hotel,Hangar 24 Orange Wheat - Draft,Beer,Lunch; Dinner,"Redlands, CA (4.6% ABV)",15.75,grand-californian-hotel/hearthstone-lounge
2026-09-26,Hearthstone Lounge,Grand Californian Hotel,"Mission Brewing, Foggy Shores, Hefeweizen",Beer,Lunch; Dinner,"San Diego, CA (ABV 5.6%)",14.25,grand-californian-hotel/hearthstone-lounge
2026-09-26,Hearthstone Lounge,Grand Californian Hotel,Bottle Logic Brewing 714 Blonde Ale - Draft,Beer,Lunch; Dinner,"Anaheim, CA (4.8% ABV)",15.75,grand-californian-hotel/hearthstone-lounge
2026-09-26,Hearthstone Lounge,Grand Californian Hotel,"Brewery X, Dictionary Roulette",Beer,Lunch; Dinner,"Anaheim, CA (7.4% ABV)",15.75,grand-californian-hotel/hearthstone-lounge
2026-09-26,Hearthstone Lounge,Grand Californian Hotel,"Four Sons Brewing, O'Sonset",Beer,Lunch; Dinner,"Huntington Beach, CA (ABV 5.5%)",14.25,grand-californian-hotel/hearthstone-lounge
2026-09-26,Hearthstone Lounge,Grand Californian Hotel,North Coast Pranqster,Beer,Lunch; Dinner,"Fort Bragg, CA (7.6% ABV)",14.25,grand-californian-hotel/hearthstone-lounge
2026-09-26,Hearthstone Lounge,Grand Californian Hotel,North Coast Brother Thelonious - Draft,Beer,Lunch; Dinner,"Fort Bragg, CA (9.4% ABV)",15.75,grand-californian-hotel/hearthstone-lounge
2026-09-26,Hearthstone Lounge,Grand Californian Hotel,"Goose Island Beer Co., Bourbon County Brand Stout 10oz",Beer,Lunch; Dinner,"Chicago, IL (ABV 13.2%)",14.25,grand-californian-hotel/hearthstone-lounge
2026-09-26,Hearthstone Lounge,Grand Californian Hotel,Seasonal Hard Cider,Beer,Lunch; Dinner,Ask your Server for details,12.75,grand-californian-hotel/hearthstone-lounge
2026-09-26,Hearthstone Lounge,Grand Californian Hotel,Delirium Tremens,Beer,Lunch; Dinner,Belgium (8.5% ABV),24.00,grand-californian-hotel/hearthstone-lounge
2026-09-26,Hearthstone Lounge,Grand Californian Hotel,Delerium Red Ale,Beer,Lunch; Dinner,Belgium (8.0% ABV),24.00,grand-californian-hotel/hearthstone-lounge
2026-09-26,Hearthstone Lounge,Grand Californian Hotel,Artisanal Bread,Shared & Starters,Lunch; Dinner,with European-style Butter,13.00,grand-californian-hotel/hearthstone-lounge
2026-09-26,Hearthstone Lounge,Grand Californian Hotel,Shareable Onion Rings,Shared & Starters,Lunch; Dinner,"Tempura Vidalia Onions, Parmesan Cheese and Mixed Herbs, served with a Sampling of Dipping Sauces",18.00,grand-californian-hotel/hearthstone-lounge
2026-09-26,Hearthstone Lounge,Grand Californian Hotel,French Onion Soup,Shared & Starters,Lunch; Dinner,"Caramelized Onions, Sourdough Croutons, Gruyère Cheese",14.00,grand-californian-hotel/hearthstone-lounge
2026-09-26,Hearthstone Lounge,Grand Californian Hotel,Chorizo Poutine,Shared & Starters,Lunch; Dinner,"Seasoned Steak Fries, Chorizo Gravy, White Cheddar Curds, Sweet & Hot Peppers",25.00,grand-californian-hotel/hearthstone-lounge
2026-09-26,Hearthstone Lounge,Grand Californian Hotel,Chicken Breast Tenders,Shared & Starters,Lunch; Dinner,"Point Reyes Blue Cheese Dip, Hot Honey Drizzle, French Fries",22.00,grand-californian-hotel/hearthstone-lounge
2026-09-26,Hearthstone Lounge,Grand Californian Hotel,Caviar Sour Cream,Shared & Starters,Lunch; Dinner,"Homestyle Potato Chip, Mascarpone Cheese, Cilantro Chimichurri, Grated Pecorino Romano",25.00,grand-californian-hotel/hearthstone-lounge
2026-09-26,Hearthstone Lounge,Grand Californian Hotel,Cheese & Charcuterie,Shared & Starters,Lunch; Dinner,"Shareable Artisanal Local Farmstead Cheeses, Specialty Deli Meats, Accompaniments",28.00,grand-californian-hotel/hearthstone-lounge
2026-09-26,Hearthstone Lounge,Grand Californian Hotel,Thin-Cut Parmesan-Truffle Fries,Shared & Starters,Lunch; Dinner,Served with a Sampling of Dipping Sauces,19.00,grand-californian-hotel/hearthstone-lounge
2026-09-26,Hearthstone Lounge,Grand Californian Hotel,Citrus-Habanero Chicken Wings,Shared & Starters,Lunch; Dinner,"Pasture-raised Party Wings, Citrus-Habanero Hot Sauce, Maple Celery Root-Carrot Slaw",29.00,grand-californian-hotel/hearthstone-lounge
2026-09-26,Hearthstone Lounge,Grand Californian Hotel,Colossal Shrimp Cocktail,Shared & Starters,Lunch; Dinner,"Lemon Aïoli, Belgian Endive, Bloody Mary Vinaigrette",31.00,grand-californian-hotel/hearthstone-lounge
2026-09-26,Hearthstone Lounge,Grand Californian Hotel,Gem Caesar,Salads & Sandwiches,Lunch; Dinner,"Gem Lettuce, Freshly Grated Parmesan, Brown Butter & Sage Croutons, Caesar Dressing",23.00,grand-californian-hotel/hearthstone-lounge
2026-09-26,Hearthstone Lounge,Grand Californian Hotel,Hearthstone Cobb Salad,Salads & Sandwiches,Lunch; Dinner,"Leaf Lettuce, Arugula, Cider-Glazed Bacon, Point Reyes Blue Cheese, Avocado, Cherry Tomatoes, Radishes, Soft-Boiled Egg, Artichoke, Red Onions, Creamy Apple Vinaigrette",23.00,grand-californian-hotel/hearthstone-lounge
2026-09-26,Hearthstone Lounge,Grand Californian Hotel,Parmesan-Crusted Grilled Cheese Sandwich,Salads & Sandwiches,Lunch; Dinner,"Point Reyes Toma Cheese, Canadian Bacon, Tomato, Arugula, Choice of Seasonal Fruit or French Fries",21.00,grand-californian-hotel/hearthstone-lounge
2026-09-26,Hearthstone Lounge,Grand Californian Hotel,Flaky Buttermilk-Battered Chicken Sandwich*,Salads & Sandwiches,Lunch; Dinner,"Pasture-raised Chicken, Soft-fried Egg, Cucumber & Radicchio Slaw, Habanero Aïoli & Hot Honey Drizzle, Buttered Brioche Bun, French Fries",27.00,grand-californian-hotel/hearthstone-lounge
2026-09-26,Hearthstone Lounge,Grand Californian Hotel,Hearthstone Burger*,Salads & Sandwiches,Lunch; Dinner,"Sonoma Sharp White Cheddar, Avocado, Lettuce, Tomatoes, Bacon-Shallot Jam and Chimichurri Aïoli on a Buttered Brioche Bun, served with French Fries",30.00,grand-californian-hotel/hearthstone-lounge
2026-09-26,Hearthstone Lounge,Grand Californian Hotel,Margherita,Artisan Pizza,Lunch; Dinner,"Fresh Mozzarella, Fresh Basil, Fire-roasted Tomatoes, Artisan Cheese Blend",23.00,grand-californian-hotel/hearthstone-lounge
2026-09-26,Hearthstone Lounge,Grand Californian Hotel,Classic Pepperoni,Artisan Pizza,Lunch; Dinner,"Premium Pepperoni, Artisan Cheese Blend",25.00,grand-californian-hotel/hearthstone-lounge
2026-09-26,Hearthstone Lounge,Grand Californian Hotel,Forest Mushroom Impossible™ Sausage,Artisan Pizza,Lunch; Dinner,"Roasted Mushrooms, Plant-based Sausage, Mushroom Spread, Caramelized Onions, Green Onions, Fresh Mozzarella, Artisan Cheese Blend",24.00,grand-californian-hotel/hearthstone-lounge
2026-09-26,Hearthstone Lounge,Grand Californian Hotel,Charcuterie,Artisan Pizza,Lunch; Dinner,"Premium Pepperoni, Prosciutto, Italian Sausage, Arugula, Fire-roasted Tomatoes, Artisan Cheese Blend",26.00,grand-californian-hotel/hearthstone-lounge
2026-09-26,Hearthstone Lounge,Grand Californian Hotel,Portobello Mushroom Risotto,Entrées,Lunch; Dinner,"Portobello “Steak,” Asparagus, Mushrooms, Shallots, Dairy-Free Parmesan, Garlic & Aromatics",29.00,grand-californian-hotel/hearthstone-lounge
2026-09-26,Hearthstone Lounge,Grand Californian Hotel,Pacific Seabass*,Entrées,Lunch; Dinner,"Fingerling Potatoes, Broccolini, Aromatic Lemon Butter, Champagne-Truffle Vinaigrette",48.00,grand-californian-hotel/hearthstone-lounge
2026-09-26,Hearthstone Lounge,Grand Californian Hotel,Truffle Mac & Cheese,Entrées,Lunch; Dinner,"Fresh Elbow Macaroni, Black Truffle, Cheddar Cheese Sauce",25.00,grand-californian-hotel/hearthstone-lounge
2026-09-26,Hearthstone Lounge,Grand Californian Hotel,Slow-roasted Black Angus Prime Rib* - 12 oz,Entrées,Lunch; Dinner,"Au Jus, Creamy Horseradish, Aromatic Herbs",50.00,grand-californian-hotel/hearthstone-lounge
2026-09-26,Hearthstone Lounge,Grand Californian Hotel,Slow-roasted Black Angus Prime Rib* - 16 oz,Entrées,Lunch; Dinner,"Au Jus, Creamy Horseradish, Aromatic Herbs",62.00,grand-californian-hotel/hearthstone-lounge
2026-09-26,Hearthstone Lounge,Grand Californian Hotel,Short Rib Lasagna,Entrées,Lunch; Dinner,"Spinach Pasta Dough, Braised Beef Short Rib, Bechamel, Trio of Cheeses, Mascarpone, Tomato Ragu",42.00,grand-californian-hotel/hearthstone-lounge
2026-09-26,Hearthstone Lounge,Grand Californian Hotel,Roasted Chicken,Entrées,Lunch; Dinner,"Garlic Whipped Potato, Seasonal Vegetables, Dark Chicken Jus",39.00,grand-californian-hotel/hearthstone-lounge
2026-09-26,Hearthstone Lounge,Grand Californian Hotel,Prime New York Steak*,Entrées,Lunch; Dinner,"14 oz Brandt Holstein Strip, Hickory Molasses Glaze, Demi Glace, Compound Butter, Garlic-Parmesan Frites",72.00,grand-californian-hotel/hearthstone-lounge
2026-09-26,Hearthstone Lounge,Grand Californian Hotel,Berry Basque Cheesecake,Desserts ,Lunch; Dinner,"Vanilla Brûlée Cheesecake, Caramelized Turbinado Sugar, Chantilly Cream, Macerated Berries",15.00,grand-californian-hotel/hearthstone-lounge
2026-09-26,Hearthstone Lounge,Grand Californian Hotel,Cookie Butter Crème Brûlée,Desserts ,Lunch; Dinner,"Vanilla Crème Brûlée, Chantilly Cream, Cookie Butter Biscotti",15.00,grand-californian-hotel/hearthstone-lounge
2026-09-26,Hearthstone Lounge,Grand Californian Hotel,Seasonal Dessert,Desserts ,Lunch; Dinner,A Special Creation from the Grand Californian Hotel’s Pastry Chefs,15.00,grand-californian-hotel/hearthstone-lounge
2026-09-26,Hearthstone Lounge,Grand Californian Hotel,Epic Chocolate Layer Cake,Desserts ,Lunch; Dinner,"Valrhona Manjari Chocolate 16-Layer Cake with Dark Chocolate Ganache, Chantilly Cream, Gold Flake and Caramel Sauce (Serves 2-4 Guests)",24.00,grand-californian-hotel/hearthstone-lounge
2026-09-26,Hearthstone Lounge,Grand Californian Hotel,"Courvoisier, VS, Cognac",Specialty Spirits,Lunch; Dinner,,20.00,grand-californian-hotel/hearthstone-lounge
2026-09-26,Hearthstone Lounge,Grand Californian Hotel,"Hennessy, VS, Cognac",Specialty Spirits,Lunch; Dinner,,21.00,grand-californian-hotel/hearthstone-lounge
2026-09-26,Hearthstone Lounge,Grand Californian Hotel,"Hennessy XO, Cognac",Specialty Spirits,Lunch; Dinner,,83.50,grand-californian-hotel/hearthstone-lounge
2026-09-26,Hearthstone Lounge,Grand Californian Hotel,"Hennessy Paradis, Cognac",Specialty Spirits,Lunch; Dinner,,175.00,grand-californian-hotel/hearthstone-lounge
2026-09-26,Hearthstone Lounge,Grand Californian Hotel,"Rémy Martin, VSOP, Cognac",Specialty Spirits,Lunch; Dinner,,22.00,grand-californian-hotel/hearthstone-lounge
2026-09-26,Hearthstone Lounge,Grand Californian Hotel,"Rémy Martin Tercet, Cognac",Specialty Spirits,Lunch; Dinner,,42.00,grand-californian-hotel/hearthstone-lounge
2026-09-26,Hearthstone Lounge,Grand Californian Hotel,"Rémy Martin XO Excellence, Cognac",Specialty Spirits,Lunch; Dinner,,175.00,grand-californian-hotel/hearthstone-lounge
2026-09-26,Hearthstone Lounge,Grand Californian Hotel,"Rémy Martin, Louis XIII, Grande Champagne, Cognac",Specialty Spirits,Lunch; Dinner,,260.00,grand-californian-hotel/hearthstone-lounge
2026-09-26,Hearthstone Lounge,Grand Californian Hotel,"Rémy Martin, Louis XIII, Cognac",Specialty Spirits,Lunch; Dinner,,690.00,grand-californian-hotel/hearthstone-lounge
2026-09-26,Hearthstone Lounge,Grand Californian Hotel,"Casamigos, Reposado",Specialty Spirits,Lunch; Dinner,,18.25,grand-californian-hotel/hearthstone-lounge
2026-09-26,Hearthstone Lounge,Grand Californian Hotel,"Del Maguey, Vida, Mezcal",Specialty Spirits,Lunch; Dinner,,20.00,grand-californian-hotel/hearthstone-lounge
2026-09-26,Hearthstone Lounge,Grand Californian Hotel,"Don Julio, Añejo",Specialty Spirits,Lunch; Dinner,,20.00,grand-californian-hotel/hearthstone-lounge
2026-09-26,Hearthstone Lounge,Grand Californian Hotel,"Don Julio, Blanco",Specialty Spirits,Lunch; Dinner,,20.00,grand-californian-hotel/hearthstone-lounge
2026-09-26,Hearthstone Lounge,Grand Californian Hotel,"Don Julio, 1942",Specialty Spirits,Lunch; Dinner,,31.00,grand-californian-hotel/hearthstone-lounge
2026-09-26,Hearthstone Lounge,Grand Californian Hotel,"Pàtron, Silver",Specialty Spirits,Lunch; Dinner,,21.00,grand-californian-hotel/hearthstone-lounge
2026-09-26,Hearthstone Lounge,Grand Californian Hotel,Clase Azul Gold,Specialty Spirits,Lunch; Dinner,,125.00,grand-californian-hotel/hearthstone-lounge
2026-09-26,Hearthstone Lounge,Grand Californian Hotel,Clase Azul Guerrero Mezcal,Specialty Spirits,Lunch; Dinner,,130.00,grand-californian-hotel/hearthstone-lounge
2026-09-26,Hearthstone Lounge,Grand Californian Hotel,Clase Azul Durango Mezcal,Specialty Spirits,Lunch; Dinner,,101.00,grand-californian-hotel/hearthstone-lounge
2026-09-26,Hearthstone Lounge,Grand Californian Hotel,Clase Azul Plata,Specialty Spirits,Lunch; Dinner,,54.00,grand-californian-hotel/hearthstone-lounge
2026-09-26,Hearthstone Lounge,Grand Californian Hotel,Clase Azul Reposado,Specialty Spirits,Lunch; Dinner,,58.00,grand-californian-hotel/hearthstone-lounge
2026-09-26,Hearthstone Lounge,Grand Californian Hotel,Clase Azul Añejo,Specialty Spirits,Lunch; Dinner,,100.00,grand-californian-hotel/hearthstone-lounge
2026-09-26,GCH Craftsman Grill,Grand Californian Hotel,Breakfast Salad,Entrées,Breakfast,"Mixed Greens, Seasonal Berries, Shallots, Cucumbers, Granola, Mint, Tomatoes, Feta and a Hard-boiled Egg, with Lemon Poppy Vinaigrette",15.00,grand-californian-hotel/white-water-snacks
2026-09-26,GCH Craftsman Grill,Grand Californian Hotel,Smoked Salmon Bagel Sandwich,Entrées,Breakfast,"with Caper Cream Cheese, Arugula, Roasted Tomato and Red Onions on a Toasted Plain Bagel, served with Seasonal Fruit",20.00,grand-californian-hotel/white-water-snacks
2026-09-26,GCH Craftsman Grill,Grand Californian Hotel,Breakfast Sandwich*,Entrées,Breakfast,"Scrambled Eggs, Sausage Patty, Cheddar, Smoked Paprika Aïoli and Avocado on a Brioche Bun, served with Breakfast Potatoes",19.00,grand-californian-hotel/white-water-snacks
2026-09-26,GCH Craftsman Grill,Grand Californian Hotel,American Breakfast*,Entrées,Breakfast,"Scrambled Eggs, Bacon or Sausage, Fruit or Breakfast Potatoes and Choice of Toast: White, Wheat or Sourdough",19.00,grand-californian-hotel/white-water-snacks
2026-09-26,GCH Craftsman Grill,Grand Californian Hotel,Farmers Market Frittata,Entrées,Breakfast,"Egg Whites, Orzo Pasta, Cherry Tomatoes, Spinach and Vidalia Onions, topped with Citrus-Tarragon Hollandaise",16.00,grand-californian-hotel/white-water-snacks
2026-09-26,GCH Craftsman Grill,Grand Californian Hotel,Breakfast Burrito*,Entrées,Breakfast,"Eggs, Bacon, Potato, Pico de Gallo and Shredded Cheese in a Flour Tortilla with Salsa Roja and Sour Cream",16.00,grand-californian-hotel/white-water-snacks
2026-09-26,GCH Craftsman Grill,Grand Californian Hotel,Avocado Toast on Sourdough,Entrées,Breakfast,"Grilled Sourdough, Avocado, Poached Eggs, Ricotta, Prosciutto, Orange, Chives, Crispy Garlic, Honey, Basil and Lemon, served with Breakfast Potatoes",18.00,grand-californian-hotel/white-water-snacks
2026-09-26,GCH Craftsman Grill,Grand Californian Hotel,Brioche French Toast,Entrées,Breakfast,"Seasonal Fruit Ambrosia, Peanut Butter Caramel, Powdered Sugar and Shaved Coconut",17.00,grand-californian-hotel/white-water-snacks
2026-09-26,GCH Craftsman Grill,Grand Californian Hotel,POWER Pack,Kids' Disney Check Meals,Breakfast; Lunch And Dinner,"A Cuties® Mandarin Orange, Applesauce, Carrots, Whole-Grain “Fish” Crackers and choice of small DASANI® Water or small Lowfat Milk. Meets Disney Nutrition Guidelines for Complete Meals without substitutions",7.00,grand-californian-hotel/white-water-snacks
2026-09-26,GCH Craftsman Grill,Grand Californian Hotel,Kid's Breakfast Plate*,Kids' Disney Check Meals,Breakfast,"Scrambled Eggs, Turkey Bacon and Breakfast Potatoes, with choice of Seasonal Fruit or Lowfat Yogurt and small DASANI® Water or small Lowfat Milk. Meets Disney Nutrition Guidelines for Complete Meals without substitutions",10.00,grand-californian-hotel/white-water-snacks
2026-09-26,GCH Craftsman Grill,Grand Californian Hotel,Kid’s Mickey-shaped Waffle,Kids' Breakfast,Breakfast,dusted with Powdered Sugar and served with Syrup and choice of small Lowfat Milk or small Dasani® Water,10.00,grand-californian-hotel/white-water-snacks
2026-09-26,GCH Craftsman Grill,Grand Californian Hotel,Mickey Vampire Donut,GCH Craftsman Grill Seasonal Offering,Lunch And Dinner,,9.00,grand-californian-hotel/white-water-snacks
2026-09-26,GCH Craftsman Grill,Grand Californian Hotel,Minnie Halloween Cupcake,GCH Craftsman Grill Seasonal Offering,Lunch And Dinner,,9.00,grand-californian-hotel/white-water-snacks
2026-09-26,GCH Craftsman Grill,Grand Californian Hotel,Pumpkin Muffin,GCH Craftsman Grill Seasonal Offering,Lunch And Dinner,,6.00,grand-californian-hotel/white-water-snacks
2026-09-26,GCH Craftsman Grill,Grand Californian Hotel,Candy Bar Donut,GCH Craftsman Grill Seasonal Offering,Lunch And Dinner,,9.00,grand-californian-hotel/white-water-snacks
2026-09-26,GCH Craftsman Grill,Grand Californian Hotel,Shrimp Cocktail,Entrées,Lunch And Dinner,"Ginger and Coconut Leche de Tigre, Cucumber, Shaved Red Onions, Bell Pepper, Cilantro and Pickled Fresno Chiles, served with Plantain Chips",26.00,grand-californian-hotel/white-water-snacks
2026-09-26,GCH Craftsman Grill,Grand Californian Hotel,Poke Bowl*,Entrées,Lunch And Dinner,"Choice of Sushi-grade Ahi Tuna or Salmon tossed in Citrus Ponzu with Cucumber, Edamame, Avocado, Crab Salad, Green Onions, Radicchio, Pickled Seaweed, Furikake and Spicy Aïoli, with choice of Calrose Rice or Mixed Greens",28.00,grand-californian-hotel/white-water-snacks
2026-09-26,GCH Craftsman Grill,Grand Californian Hotel,Avocado Panzanella,Entrées,Lunch And Dinner,"Avocado, Sourdough Bread, Baby Heirloom Tomatoes, Assorted Mediterranean Olives, Feta, Arugula and Charred Onion Chimichurri",21.00,grand-californian-hotel/white-water-snacks
2026-09-26,GCH Craftsman Grill,Grand Californian Hotel,Baked Nachos,Entrées,Lunch And Dinner,"Choice of Shredded Beef or Chicken, Tortilla Chips, Cheese Sauce, Shredded Cheese, Black Beans, Green Onions, Pickled Jalapeños, Cilantro, Queso Fresco, Avocado, Crema and Salsa Roja",25.00,grand-californian-hotel/white-water-snacks
2026-09-26,GCH Craftsman Grill,Grand Californian Hotel,Carne Asada Quesadilla,Entrées,Lunch And Dinner,"Grilled Carne Asada with Melted Cheese, Roasted Corn Relish, Black Beans and Green Onions, wrapped in a Flour Tortilla with Chipotle Crema, Fresno Chile, Cilantro and Limes",29.00,grand-californian-hotel/white-water-snacks
2026-09-26,GCH Craftsman Grill,Grand Californian Hotel,Craftsman Burger*,Entrées,Lunch And Dinner,"Cilantro-Mint Aïoli, White Onion, Sonoma Sharp White Cheddar, Iceberg Lettuce, Pickles and Tomato on a Brioche Bun, served with Fries",27.00,grand-californian-hotel/white-water-snacks
2026-09-26,GCH Craftsman Grill,Grand Californian Hotel,Sticky Chicken Wings,Entrées,Lunch And Dinner,"White Rice, Gochujang BBQ Sauce, Aleppo Spice, Pickled Cucumber Slaw, Toasted Sesame Seeds and Green Onions",24.00,grand-californian-hotel/white-water-snacks
2026-09-26,GCH Craftsman Grill,Grand Californian Hotel,Flat Iron Steak Salad*,Entrées,Lunch And Dinner,"Kale and Romaine, Avocado, Corn, Jicama, Cherry Tomatoes, Cilantro, Aleppo Spice, Crispy Tortilla Strips, Toasted Pepitas and Queso Fresco, with Greek Yogurt Caesar Dressing (Substitute Salmon or Chicken)",32.00,grand-californian-hotel/white-water-snacks
2026-09-26,GCH Craftsman Grill,Grand Californian Hotel,Salmon Salad,Entrées,Lunch And Dinner,"Market Baby Greens, Friseé, Pickled Shallots, Dates, Goat Cheese, Strawberries, Avocado, Marcona Almonds and Champagne Vinaigrette (substitute Flat Iron Steak or Chicken)",29.00,grand-californian-hotel/white-water-snacks
2026-09-26,GCH Craftsman Grill,Grand Californian Hotel,Hot Dog of the Month,Entrées,Lunch And Dinner,inquire with a Cashier,17.00,grand-californian-hotel/white-water-snacks
2026-09-26,GCH Craftsman Grill,Grand Californian Hotel,Margherita Pizza,Artisanal Pizzas from Our Pizza Oven,Lunch And Dinner,"Fresh Mozzarella, Fresh Basil, Fire-roasted Tomatoes and Artisan Cheese Blend",28.00,grand-californian-hotel/white-water-snacks
2026-09-26,GCH Craftsman Grill,Grand Californian Hotel,Classic Pepperoni Pizza,Artisanal Pizzas from Our Pizza Oven,Lunch And Dinner,Premium Pepperoni and Artisan Cheese Blend,30.00,grand-californian-hotel/white-water-snacks
2026-09-26,GCH Craftsman Grill,Grand Californian Hotel,Forest Mushroom Impossible™ Sausage Pizza,Artisanal Pizzas from Our Pizza Oven,Lunch And Dinner,"Roasted Mushrooms, Plant-based Sausage, Mushroom Spread, Caramelized Onions, Green Onions, Fresh Mozzarella and Artisan Cheese Blend",29.00,grand-californian-hotel/white-water-snacks
2026-09-26,GCH Craftsman Grill,Grand Californian Hotel,Charcuterie Pizza,Artisanal Pizzas from Our Pizza Oven,Lunch And Dinner,"Premium Pepperoni, Prosciutto, Sausage, Arugula, Fire-roasted Tomatoes and Artisan Cheese Blend",31.00,grand-californian-hotel/white-water-snacks
2026-09-26,GCH Craftsman Grill,Grand Californian Hotel,Passion Fruit Butter Cake,Desserts,Lunch And Dinner,"Passion Fruit Mousse, Seasonal Berries, Raspberry Coulis and Matcha Dust",15.00,grand-californian-hotel/white-water-snacks
2026-09-26,GCH Craftsman Grill,Grand Californian Hotel,Classic Sundae,Desserts,Lunch And Dinner,"Vanilla Ice Cream, Chocolate Sauce, Chantilly Cream and Toasted Almonds, topped with a Cherry",13.00,grand-californian-hotel/white-water-snacks
2026-09-26,GCH Craftsman Grill,Grand Californian Hotel,Hamburger,Kids' Disney Check Meals,Lunch And Dinner,"served with a Cuties® Mandarin Orange and Applesauce, with choice of small DASANI® water or small lowfat Milk. Meets Disney Nutrition Guidelines for Complete Meals without substitutions",12.00,grand-californian-hotel/white-water-snacks
2026-09-26,GCH Craftsman Grill,Grand Californian Hotel,Chicken Tenders,Kids' Meals,Lunch And Dinner,served with Seasonal Fruit or French Fries and a choice of small DASANI® Water or small Lowfat Milk,12.00,grand-californian-hotel/white-water-snacks
2026-09-26,GCH Craftsman Grill,Grand Californian Hotel,Parmesan-crusted Grilled Cheese Sandwich,Kids' Meals,Lunch And Dinner,served with Seasonal Fruit or French Fries and a choice of small DASANI® Water or small Lowfat Milk,12.00,grand-californian-hotel/white-water-snacks
2026-09-26,The Sketch Pad Café,Pixar Place Hotel,16 oz. Coffee,Build Your Own Brew,Lounge,"Choice of Regular, Decaf or Cold Brew",5.00,pixar-place-hotel/sketch-pad-cafe
2026-09-26,The Sketch Pad Café,Pixar Place Hotel,20 oz. Coffee,Build Your Own Brew,Lounge,"Choice of Regular, Decaf or Cold Brew",6.00,pixar-place-hotel/sketch-pad-cafe
2026-09-26,The Sketch Pad Café,Pixar Place Hotel,Creamer Extras,Build Your Own Brew,Lounge,"Almond, Oat or Coffee Ice Cubes",1.00,pixar-place-hotel/sketch-pad-cafe
2026-09-26,The Sketch Pad Café,Pixar Place Hotel,Topping Extras,Build Your Own Brew,Lounge,"Whipped Cream, Chocolate Sprinkles or Edible Rainbow Glitter",1.00,pixar-place-hotel/sketch-pad-cafe
2026-09-26,The Sketch Pad Café,Pixar Place Hotel,Espresso - Single,Espresso Bar,Lounge,,4.00,pixar-place-hotel/sketch-pad-cafe
2026-09-26,The Sketch Pad Café,Pixar Place Hotel,Espresso - Double,Espresso Bar,Lounge,,6.00,pixar-place-hotel/sketch-pad-cafe
2026-09-26,The Sketch Pad Café,Pixar Place Hotel,Machiatto,Espresso Bar,Lounge,,6.00,pixar-place-hotel/sketch-pad-cafe
2026-09-26,The Sketch Pad Café,Pixar Place Hotel,Espresso con panna,Espresso Bar,Lounge,,6.00,pixar-place-hotel/sketch-pad-cafe
2026-09-26,The Sketch Pad Café,Pixar Place Hotel,Flat White,Espresso Bar,Lounge,,7.00,pixar-place-hotel/sketch-pad-cafe
2026-09-26,The Sketch Pad Café,Pixar Place Hotel,Café Latte,Espresso Bar,Lounge,,7.00,pixar-place-hotel/sketch-pad-cafe
2026-09-26,The Sketch Pad Café,Pixar Place Hotel,Americano,Espresso Bar,Lounge,,5.00,pixar-place-hotel/sketch-pad-cafe
2026-09-26,The Sketch Pad Café,Pixar Place Hotel,Mocha,Espresso Bar,Lounge,,7.00,pixar-place-hotel/sketch-pad-cafe
2026-09-26,The Sketch Pad Café,Pixar Place Hotel,Cappuccino,Espresso Bar,Lounge,,7.00,pixar-place-hotel/sketch-pad-cafe
2026-09-26,The Sketch Pad Café,Pixar Place Hotel,Seasonal Latte,Espresso Bar,Lounge,,7.00,pixar-place-hotel/sketch-pad-cafe
2026-09-26,The Sketch Pad Café,Pixar Place Hotel,London Fog,Tea Time,Lounge,"Earl Grey, Steamed Milk, and Vanilla Syrup",6.00,pixar-place-hotel/sketch-pad-cafe
2026-09-26,The Sketch Pad Café,Pixar Place Hotel,Matcha Latte,Tea Time,Lounge,,6.00,pixar-place-hotel/sketch-pad-cafe
2026-09-26,The Sketch Pad Café,Pixar Place Hotel,Avocado Toast,Heat & Run,Lounge,"smashed Avocado, sliced Hard Boiled Egg, Everything but the Bagel Seasoning, Levain Bread",8.00,pixar-place-hotel/sketch-pad-cafe
2026-09-26,The Sketch Pad Café,Pixar Place Hotel,Mini Frittata,Heat & Run,Lounge,Veggies & Egg Whites | Meat Lovers | Cheese & Eggs,12.00,pixar-place-hotel/sketch-pad-cafe
2026-09-26,The Sketch Pad Café,Pixar Place Hotel,Pizza Bagel,Heat & Run,Lounge,,10.00,pixar-place-hotel/sketch-pad-cafe
